# Blender 5.0.1
# www.blender.org
mtllib 4markers.mtl
o APPLE_10_post
v 50.247299 0.000000 5.000000
v 40.247299 0.000000 2.000000
v 50.247299 0.000000 -5.000000
v 4.232950 0.000000 5.000000
v 1.822420 0.000000 1.711370
v 5.000000 0.000000 2.000000
v 40.247299 0.000000 -2.000000
v 5.906050 0.000000 -5.000000
v 5.404120 0.000000 -2.000000
v 11.492100 0.000000 -56.567299
v 16.101101 0.000000 -65.935204
v 2.864350 0.000000 -5.000000
v 2.421460 0.000000 -0.621724
v 5.000000 0.000000 0.415387
v 2.421460 0.000000 0.621724
v 2.190770 0.000000 1.204380
v 2.500000 0.000000 0.000000
v 1.339570 0.000000 2.110820
v 1.147500 0.000000 5.261490
v -3.308240 0.000000 31.893101
v -1.999540 0.000000 42.251099
v -7.253410 0.000000 31.233000
v -11.862400 0.000000 40.600899
v 7.546930 0.000000 -57.227402
v 6.238220 0.000000 -67.585297
v -4.232950 0.000000 -5.000000
v -1.147500 0.000000 -5.261490
v -1.593560 0.000000 -1.926280
v -2.022540 0.000000 -1.469460
v -2.324440 0.000000 -0.920311
v -2.480290 0.000000 -0.313333
v -2.480290 0.000000 0.313333
v -5.000000 0.000000 -2.000000
v -5.000000 0.000000 -0.415387
v -5.404120 0.000000 2.000000
v -2.864350 0.000000 5.000000
v -5.906050 0.000000 5.000000
v -42.252701 0.000000 -2.000000
v -52.252701 0.000000 -5.000000
v -52.252701 0.000000 5.000000
v -42.252701 0.000000 2.000000
v 2.190770 0.000000 -1.204380
v 1.822420 0.000000 -1.711370
v 1.339570 0.000000 -2.110820
v 0.772542 0.000000 -2.377640
v 0.415388 0.000000 -5.000000
v 0.156976 0.000000 -2.495070
v -0.468452 0.000000 -2.455720
v -1.064450 0.000000 -2.262070
v 0.772542 0.000000 2.377640
v 0.156976 0.000000 2.495070
v -0.415388 0.000000 5.000000
v -0.468452 0.000000 2.455720
v -1.064450 0.000000 2.262070
v -1.593560 0.000000 1.926280
v -2.022540 0.000000 1.469460
v -2.324440 0.000000 0.920311
v 6.692520 10.000000 -27.880600
v 5.788580 10.000000 -25.398800
v 6.098120 10.000000 -24.327999
v 2.152960 10.000000 -24.988100
v 2.318800 10.000000 -25.979300
v 7.432970 10.000000 -32.306198
v 6.475070 10.000000 -29.501900
v 6.784620 10.000000 -28.431101
v 5.230380 10.000000 -29.710100
v 4.464020 10.000000 -29.838301
v 4.889100 10.000000 -32.379002
v 2.839450 10.000000 -29.091200
v 3.273570 10.000000 -30.037500
v 7.786300 10.000000 -36.945000
v 4.399260 10.000000 -36.541401
v 7.628380 10.000000 -36.001202
v 4.252410 10.000000 -37.536301
v 8.379260 10.000000 -37.962200
v 7.843450 10.000000 -34.759701
v 7.432170 10.000000 -34.828499
v 8.326650 10.000000 -40.035301
v 8.880730 10.000000 -40.959400
v 8.336380 10.000000 -40.206600
v 8.304640 10.000000 -40.356201
v 8.231410 10.000000 -40.484200
v 7.948850 10.000000 -40.696800
v 8.659660 10.000000 -41.250000
v 8.222220 10.000000 -41.559799
v 8.113790 10.000000 -40.595901
v 7.736600 10.000000 -40.786999
v 7.640720 10.000000 -41.799000
v 7.470510 10.000000 -40.869801
v 7.143840 10.000000 -40.947399
v 6.915180 10.000000 -41.967701
v 6.756600 10.000000 -41.019901
v 6.352430 10.000000 -41.080101
v 6.164320 10.000000 -42.048500
v 6.010500 10.000000 -41.115002
v 5.730820 10.000000 -41.124599
v 5.534550 10.000000 -42.019402
v 5.503660 10.000000 -41.109501
v 5.025850 10.000000 -41.880299
v 5.319120 10.000000 -41.069099
v 4.973460 10.000000 -41.845901
v 5.177210 10.000000 -41.003300
v 5.071180 10.000000 -40.908298
v 4.995420 10.000000 -40.778702
v 4.949930 10.000000 -40.614498
v 11.368400 10.000000 -59.211899
v 11.492100 10.000000 -56.567299
v 11.616700 10.000000 -59.322399
v 11.312900 10.000000 -59.191700
v 11.257400 10.000000 -59.171501
v 11.257300 10.000000 -59.171398
v 10.996100 10.000000 -59.096500
v 10.938300 10.000000 -59.084301
v 10.880600 10.000000 -59.071999
v 10.880500 10.000000 -59.071999
v 10.611400 10.000000 -59.034199
v 10.552500 10.000000 -59.029999
v 10.416600 10.000000 -59.025299
v 10.357600 10.000000 -59.021198
v 10.221800 10.000000 -59.025902
v 10.221700 10.000000 -59.025902
v 10.162800 10.000000 -59.029999
v 10.103900 10.000000 -59.034199
v 9.834780 10.000000 -59.071999
v 7.546930 10.000000 -57.227402
v 9.834740 10.000000 -59.071999
v 9.776960 10.000000 -59.084301
v 9.719180 10.000000 -59.096500
v 9.719140 10.000000 -59.096500
v 9.457950 10.000000 -59.171398
v 9.457910 10.000000 -59.171501
v 9.346860 10.000000 -59.211899
v 9.346900 10.000000 -59.211899
v 9.098630 10.000000 -59.322399
v 9.046450 10.000000 -59.350101
v 9.098590 10.000000 -59.322399
v 8.994290 10.000000 -59.377899
v 8.994250 10.000000 -59.377899
v 8.763820 10.000000 -59.521900
v 8.763790 10.000000 -59.521900
v 8.668220 10.000000 -59.591301
v 8.668180 10.000000 -59.591400
v 8.460030 10.000000 -59.765999
v 8.460000 10.000000 -59.766102
v 8.417510 10.000000 -59.807098
v 8.375020 10.000000 -59.848099
v 8.374990 10.000000 -59.848202
v 8.156790 10.000000 -60.096699
v 8.193170 10.000000 -60.050098
v 8.193150 10.000000 -60.050098
v 8.120410 10.000000 -60.143200
v 7.938900 10.000000 -60.419701
v 7.968450 10.000000 -60.368500
v 7.968430 10.000000 -60.368500
v 7.768090 10.000000 -60.769901
v 7.745950 10.000000 -60.824699
v 7.647680 10.000000 -61.140499
v 7.661970 10.000000 -61.083099
v 7.661960 10.000000 -61.083199
v 7.633370 10.000000 -61.197800
v 7.633380 10.000000 -61.197800
v 8.120390 10.000000 -60.143200
v 7.909360 10.000000 -60.470901
v 7.909340 10.000000 -60.470901
v 7.790230 10.000000 -60.715099
v 7.790210 10.000000 -60.715099
v 7.745930 10.000000 -60.824699
v 7.586190 10.000000 -61.465401
v 7.586180 10.000000 -61.465500
v 7.580010 10.000000 -61.524200
v 7.573840 10.000000 -61.583000
v 7.573830 10.000000 -61.583000
v 6.238220 10.000000 -67.585297
v 7.564350 10.000000 -61.854599
v 16.101101 10.000000 -65.935204
v 13.148900 10.000000 -61.913601
v 13.150900 10.000000 -61.854599
v 13.146800 10.000000 -61.972698
v 13.118400 10.000000 -62.242901
v 13.118400 10.000000 -62.243000
v 13.097900 10.000000 -62.359299
v 13.097900 10.000000 -62.359402
v 13.032200 10.000000 -62.623001
v 13.032100 10.000000 -62.623100
v 13.013900 10.000000 -62.679199
v 12.995600 10.000000 -62.735401
v 12.893800 10.000000 -62.987400
v 12.842000 10.000000 -63.093601
v 12.706200 10.000000 -63.328899
v 12.706100 10.000000 -63.328999
v 12.640100 10.000000 -63.426899
v 12.640000 10.000000 -63.426998
v 12.472800 10.000000 -63.641102
v 12.472700 10.000000 -63.641102
v 12.433200 10.000000 -63.685001
v 12.393700 10.000000 -63.728901
v 12.393600 10.000000 -63.728901
v 12.198200 10.000000 -63.917702
v 12.152900 10.000000 -63.955700
v 12.107700 10.000000 -63.993599
v 12.107600 10.000000 -63.993698
v 11.887800 10.000000 -64.153397
v 11.787600 10.000000 -64.216003
v 11.787500 10.000000 -64.216003
v 11.547600 10.000000 -64.343597
v 11.493600 10.000000 -64.367599
v 11.439600 10.000000 -64.391701
v 11.439700 10.000000 -64.391701
v 11.184300 10.000000 -64.484596
v 11.127500 10.000000 -64.500900
v 11.070700 10.000000 -64.517197
v 10.804900 10.000000 -64.573700
v 10.804800 10.000000 -64.573700
v 10.746300 10.000000 -64.581902
v 10.687800 10.000000 -64.590103
v 10.687900 10.000000 -64.590103
v 10.416800 10.000000 -64.609100
v 10.298500 10.000000 -64.609100
v 10.027500 10.000000 -64.590103
v 9.910450 10.000000 -64.573700
v 10.027400 10.000000 -64.590103
v 9.910410 10.000000 -64.573700
v 9.644630 10.000000 -64.517197
v 9.587810 10.000000 -64.500900
v 9.644590 10.000000 -64.517197
v 9.530990 10.000000 -64.484596
v 9.531030 10.000000 -64.484596
v 9.275660 10.000000 -64.391701
v 9.221650 10.000000 -64.367599
v 9.275620 10.000000 -64.391701
v 9.167660 10.000000 -64.343597
v 9.167700 10.000000 -64.343597
v 8.927710 10.000000 -64.216003
v 8.927750 10.000000 -64.216003
v 8.562390 10.000000 -63.955700
v 8.607630 10.000000 -63.993599
v 8.517130 10.000000 -63.917702
v 8.282090 10.000000 -63.685001
v 8.321620 10.000000 -63.728901
v 8.242540 10.000000 -63.641102
v 8.242560 10.000000 -63.641102
v 7.873290 10.000000 -63.093601
v 7.847380 10.000000 -63.040501
v 7.873270 10.000000 -63.093601
v 7.719670 10.000000 -62.735401
v 7.701410 10.000000 -62.679199
v 7.719660 10.000000 -62.735401
v 7.617400 10.000000 -62.359299
v 7.596890 10.000000 -62.243000
v 7.607150 10.000000 -62.301201
v 7.596880 10.000000 -62.242901
v 8.827530 10.000000 -64.153397
v 8.827490 10.000000 -64.153397
v 8.607670 10.000000 -63.993698
v 8.517100 10.000000 -63.917702
v 8.321650 10.000000 -63.728901
v 8.075250 10.000000 -63.426998
v 8.075230 10.000000 -63.426899
v 8.009160 10.000000 -63.328999
v 8.009140 10.000000 -63.328899
v 7.821480 10.000000 -62.987400
v 7.821460 10.000000 -62.987400
v 7.683150 10.000000 -62.623100
v 7.683140 10.000000 -62.623001
v 7.617410 10.000000 -62.359402
v 7.568480 10.000000 -61.972698
v 7.564360 10.000000 -61.854599
v 4.566600 10.000000 -39.414200
v 4.937980 10.000000 -40.433998
v 4.707440 10.000000 -39.279598
v 4.921430 10.000000 -35.287102
v 3.975150 10.000000 -35.879101
v 4.179740 10.000000 -35.411201
v 3.464700 10.000000 -32.828201
v -4.232950 10.000000 -5.000000
v 2.012820 10.000000 -22.483900
v 1.402970 10.000000 -20.505400
v 1.840050 10.000000 -21.451300
v 1.994840 10.000000 -24.042999
v 1.263000 10.000000 -18.002300
v 0.653145 10.000000 -16.023800
v 1.090220 10.000000 -16.969601
v 1.245020 10.000000 -19.561300
v 0.285816 10.000000 -13.828300
v 0.033432 10.000000 -12.319800
v -1.147500 10.000000 -5.261490
v -1.593560 10.000000 -1.926280
v -5.000000 10.000000 -2.000000
v -2.022540 10.000000 -1.469460
v -5.000000 10.000000 -0.415387
v -2.480290 10.000000 0.313333
v -2.480290 10.000000 -0.313333
v -2.324440 10.000000 -0.920311
v -5.404120 10.000000 2.000000
v -2.864350 10.000000 5.000000
v -5.906050 10.000000 5.000000
v -7.253410 10.000000 31.233000
v -7.228850 10.000000 33.955700
v -7.282850 10.000000 33.979698
v -7.282810 10.000000 33.979698
v -7.522760 10.000000 34.107300
v -11.862400 10.000000 40.600899
v -7.522790 10.000000 34.107300
v -7.622980 10.000000 34.169899
v -7.623020 10.000000 34.169899
v -7.842840 10.000000 34.329700
v -7.842870 10.000000 34.329700
v -7.888120 10.000000 34.367699
v -7.933370 10.000000 34.405602
v -7.933400 10.000000 34.405602
v -8.128860 10.000000 34.594398
v -8.168410 10.000000 34.638302
v -8.128890 10.000000 34.594398
v -8.207970 10.000000 34.682301
v -8.207940 10.000000 34.682201
v -8.375250 10.000000 34.896400
v -8.375280 10.000000 34.896400
v -8.408310 10.000000 34.945400
v -8.441340 10.000000 34.994301
v -8.441370 10.000000 34.994400
v -8.577220 10.000000 35.229698
v -8.577240 10.000000 35.229698
v -8.629040 10.000000 35.335999
v -8.603130 10.000000 35.282799
v -8.629020 10.000000 35.335899
v -8.730830 10.000000 35.587898
v -8.730840 10.000000 35.587898
v -8.749100 10.000000 35.644100
v -8.767370 10.000000 35.700298
v -8.767360 10.000000 35.700298
v -8.833100 10.000000 35.964001
v -8.843360 10.000000 36.022202
v -8.853620 10.000000 36.080299
v -8.853630 10.000000 36.080399
v -8.882030 10.000000 36.350601
v -8.886150 10.000000 36.468700
v -8.882030 10.000000 36.350700
v -8.886150 10.000000 36.468800
v 13.141500 10.000000 -61.583000
v 13.135300 10.000000 -61.524200
v 13.129100 10.000000 -61.465500
v 13.129100 10.000000 -61.465401
v 13.081900 10.000000 -61.197800
v 13.067600 10.000000 -61.140499
v 13.053300 10.000000 -61.083199
v 13.053300 10.000000 -61.083099
v 12.969400 10.000000 -60.824699
v 12.969300 10.000000 -60.824699
v 12.947200 10.000000 -60.769901
v 12.925100 10.000000 -60.715099
v 12.806000 10.000000 -60.470901
v 12.805900 10.000000 -60.470901
v 12.776400 10.000000 -60.419701
v 12.746800 10.000000 -60.368500
v 12.746900 10.000000 -60.368500
v 12.558500 10.000000 -60.096699
v 12.522100 10.000000 -60.050098
v 12.255300 10.000000 -59.765999
v 12.297800 10.000000 -59.807098
v 12.255300 10.000000 -59.766102
v 11.999300 10.000000 -59.556599
v 11.951500 10.000000 -59.521900
v 11.668900 10.000000 -59.350101
v 11.721000 10.000000 -59.377899
v 12.047100 10.000000 -59.591301
v 12.047100 10.000000 -59.591400
v 12.340300 10.000000 -59.848099
v 12.340300 10.000000 -59.848202
v 12.594900 10.000000 -60.143200
v 8.552690 10.000000 -38.998699
v 7.967980 10.000000 -38.030998
v 5.906050 10.000000 -5.000000
v 6.957580 10.000000 -32.385799
v 6.217130 10.000000 -27.960199
v 5.513980 10.000000 -20.836599
v 8.280850 10.000000 -39.868698
v 8.205100 10.000000 -39.737099
v 8.099370 10.000000 -39.640400
v 7.956740 10.000000 -39.574402
v 7.744900 10.000000 -38.631401
v 7.771380 10.000000 -39.533100
v 7.543290 10.000000 -39.516499
v 7.263190 10.000000 -39.525600
v 6.364350 10.000000 -38.675499
v 6.922840 10.000000 -39.559898
v 6.522270 10.000000 -39.619400
v 6.120720 10.000000 -39.693802
v 5.836930 10.000000 -38.784100
v 5.786590 10.000000 -39.771301
v 5.385630 10.000000 -38.920799
v 5.519920 10.000000 -39.852001
v 5.010450 10.000000 -39.085499
v 5.310890 10.000000 -39.939899
v 5.149720 10.000000 -40.039200
v 5.036440 10.000000 -40.149799
v 4.966810 10.000000 -40.279099
v 50.247299 10.000000 -5.000000
v 48.053600 10.000000 -0.025808
v 50.247299 10.000000 5.000000
v 48.051601 10.000000 -0.084841
v 48.049500 10.000000 -0.143916
v 48.021099 10.000000 -0.414143
v 48.021099 10.000000 -0.414185
v 48.000599 10.000000 -0.530528
v 48.000599 10.000000 -0.530569
v 47.934898 10.000000 -0.794215
v 47.934799 10.000000 -0.794256
v 47.916599 10.000000 -0.850432
v 47.898300 10.000000 -0.906612
v 47.898300 10.000000 -0.906653
v 47.796501 10.000000 -1.158580
v 47.796501 10.000000 -1.158620
v 47.770599 10.000000 -1.211710
v 47.744701 10.000000 -1.264800
v 47.744701 10.000000 -1.264840
v 47.608898 10.000000 -1.500150
v 47.608799 10.000000 -1.500190
v 47.575802 10.000000 -1.549160
v 47.542801 10.000000 -1.598130
v 47.542702 10.000000 -1.598160
v 47.375500 10.000000 -1.812280
v 47.375401 10.000000 -1.812310
v 47.335899 10.000000 -1.856210
v 47.296398 10.000000 -1.900110
v 47.296299 10.000000 -1.900140
v 47.100899 10.000000 -2.088890
v 47.055599 10.000000 -2.126880
v 47.100899 10.000000 -2.088920
v 47.010300 10.000000 -2.164880
v 47.010399 10.000000 -2.164850
v 46.790501 10.000000 -2.324590
v 46.790501 10.000000 -2.324620
v 46.690300 10.000000 -2.387210
v 46.690300 10.000000 -2.387230
v 46.450298 10.000000 -2.514800
v 46.450298 10.000000 -2.514810
v 46.342400 10.000000 -2.562860
v 46.342300 10.000000 -2.562880
v 46.087002 10.000000 -2.655820
v 46.087002 10.000000 -2.655830
v 46.030201 10.000000 -2.672110
v 45.973400 10.000000 -2.688390
v 45.973400 10.000000 -2.688410
v 45.707600 10.000000 -2.744890
v 45.707500 10.000000 -2.744900
v 45.649101 10.000000 -2.753130
v 45.590599 10.000000 -2.761350
v 45.590500 10.000000 -2.761350
v 45.319500 10.000000 -2.780310
v 45.201199 10.000000 -2.780310
v 44.930199 10.000000 -2.761350
v 44.930099 10.000000 -2.761350
v 44.813202 10.000000 -2.744900
v 44.813099 10.000000 -2.744890
v 44.547298 10.000000 -2.688410
v 40.247299 10.000000 -2.000000
v 44.547298 10.000000 -2.688390
v 44.490501 10.000000 -2.672110
v 44.433701 10.000000 -2.655830
v 44.433701 10.000000 -2.655820
v 44.178398 10.000000 -2.562880
v 44.124401 10.000000 -2.538840
v 44.178299 10.000000 -2.562860
v 43.830399 10.000000 -2.387210
v 43.730202 10.000000 -2.324590
v 43.730202 10.000000 -2.324620
v 43.510399 10.000000 -2.164880
v 43.465099 10.000000 -2.126880
v 43.510300 10.000000 -2.164850
v 43.419800 10.000000 -2.088890
v 43.419800 10.000000 -2.088920
v 43.224300 10.000000 -1.900140
v 43.184799 10.000000 -1.856210
v 43.224300 10.000000 -1.900110
v 42.944901 10.000000 -1.549160
v 42.977901 10.000000 -1.598130
v 42.911800 10.000000 -1.500150
v 42.911900 10.000000 -1.500190
v 42.724201 10.000000 -1.158620
v 42.750099 10.000000 -1.211710
v 42.776001 10.000000 -1.264800
v 42.622398 10.000000 -0.906653
v 42.604099 10.000000 -0.850432
v 42.622398 10.000000 -0.906612
v 42.499599 10.000000 -0.414185
v 42.509800 10.000000 -0.472358
v 42.467098 10.000000 -0.025808
v 42.467098 10.000000 -0.025765
v 42.471199 10.000000 -0.143874
v 42.471199 10.000000 -0.143916
v 42.499599 10.000000 -0.414143
v 42.520100 10.000000 -0.530528
v 42.520100 10.000000 -0.530569
v 42.585800 10.000000 -0.794215
v 42.585899 10.000000 -0.794256
v 42.724201 10.000000 -1.158580
v 42.776001 10.000000 -1.264840
v 42.978001 10.000000 -1.598160
v 43.145199 10.000000 -1.812280
v 43.145302 10.000000 -1.812310
v 43.830502 10.000000 -2.387230
v 44.070400 10.000000 -2.514800
v 44.070400 10.000000 -2.514810
v 5.404120 10.000000 -2.000000
v 5.348130 10.000000 -19.845400
v 4.764150 10.000000 -16.354900
v 4.163760 10.000000 -21.062500
v 3.598380 10.000000 -22.508499
v 4.396690 10.000000 -22.590099
v 3.565160 10.000000 -22.732000
v 3.155080 10.000000 -23.179701
v 3.858420 10.000000 -23.897699
v 3.625130 10.000000 -24.056801
v 3.578730 10.000000 -22.250299
v 4.361610 10.000000 -22.245100
v 3.401340 10.000000 -21.190100
v 48.053600 10.000000 -0.025765
v 48.044201 10.000000 0.245782
v 48.044201 10.000000 0.245824
v 48.037998 10.000000 0.304569
v 48.031799 10.000000 0.363316
v 48.031799 10.000000 0.363358
v 47.984600 10.000000 0.630947
v 47.970299 10.000000 0.688300
v 47.984600 10.000000 0.630988
v 47.956001 10.000000 0.745615
v 47.956001 10.000000 0.745656
v 47.872101 10.000000 1.004070
v 47.872002 10.000000 1.004110
v 47.849899 10.000000 1.058880
v 47.827801 10.000000 1.113650
v 47.827801 10.000000 1.113690
v 47.708698 10.000000 1.357900
v 47.679100 10.000000 1.409100
v 47.708599 10.000000 1.357940
v 47.649601 10.000000 1.460250
v 47.649502 10.000000 1.460280
v 47.497601 10.000000 1.685560
v 47.497601 10.000000 1.685590
v 47.461201 10.000000 1.732130
v 47.424801 10.000000 1.778680
v 47.424801 10.000000 1.778710
v 47.243000 10.000000 1.980640
v 47.243000 10.000000 1.980670
v 47.200500 10.000000 2.021700
v 47.158001 10.000000 2.062730
v 47.158001 10.000000 2.062760
v 46.949799 10.000000 2.237420
v 46.949799 10.000000 2.237450
v 46.902000 10.000000 2.272160
v 46.854198 10.000000 2.306880
v 46.854198 10.000000 2.306910
v 46.623699 10.000000 2.450890
v 46.623699 10.000000 2.450910
v 46.571602 10.000000 2.478650
v 46.519402 10.000000 2.506370
v 46.519402 10.000000 2.506390
v 46.271099 10.000000 2.616910
v 46.271099 10.000000 2.616920
v 46.215599 10.000000 2.637130
v 46.160099 10.000000 2.657330
v 46.160000 10.000000 2.657350
v 45.898899 10.000000 2.732240
v 45.898800 10.000000 2.732250
v 45.841000 10.000000 2.744530
v 45.783298 10.000000 2.756820
v 45.783199 10.000000 2.756820
v 45.514099 10.000000 2.794640
v 45.455200 10.000000 2.798760
v 45.260300 10.000000 2.807630
v 45.319302 10.000000 2.803510
v 45.124500 10.000000 2.802880
v 45.065498 10.000000 2.798760
v 45.006599 10.000000 2.794640
v 44.737499 10.000000 2.756820
v 44.737400 10.000000 2.756820
v 44.679699 10.000000 2.744530
v 44.621899 10.000000 2.732250
v 44.621799 10.000000 2.732240
v 40.247299 10.000000 2.000000
v 44.360699 10.000000 2.657350
v 44.360600 10.000000 2.657330
v 44.305099 10.000000 2.637130
v 44.249599 10.000000 2.616910
v 44.249599 10.000000 2.616920
v 43.896999 10.000000 2.450890
v 43.949200 10.000000 2.478650
v 43.896999 10.000000 2.450910
v 43.570900 10.000000 2.237450
v 43.570900 10.000000 2.237420
v 43.362701 10.000000 2.062730
v 43.320202 10.000000 2.021700
v 43.059502 10.000000 1.732130
v 43.023102 10.000000 1.685590
v 43.023102 10.000000 1.685560
v 42.841599 10.000000 1.409100
v 42.871201 10.000000 1.460280
v 42.871101 10.000000 1.460250
v 42.670799 10.000000 1.058880
v 42.692902 10.000000 1.113690
v 42.692902 10.000000 1.113650
v 42.648701 10.000000 1.004110
v 42.550400 10.000000 0.688300
v 42.536098 10.000000 0.630988
v 42.536098 10.000000 0.630947
v 42.488899 10.000000 0.363358
v 42.488899 10.000000 0.363316
v 42.476501 10.000000 0.245782
v 42.482700 10.000000 0.304569
v 42.476501 10.000000 0.245824
v 42.564701 10.000000 0.745615
v 42.564701 10.000000 0.745656
v 42.648602 10.000000 1.004070
v 42.812000 10.000000 1.357900
v 42.812099 10.000000 1.357940
v 43.095901 10.000000 1.778680
v 43.095901 10.000000 1.778710
v 43.277699 10.000000 1.980640
v 43.277699 10.000000 1.980670
v 43.362701 10.000000 2.062760
v 43.666500 10.000000 2.306880
v 43.666500 10.000000 2.306910
v 44.001301 10.000000 2.506370
v 44.001301 10.000000 2.506390
v 4.232950 10.000000 5.000000
v 5.000000 10.000000 2.000000
v 3.917740 10.000000 -11.296000
v 4.292560 10.000000 -13.536300
v 3.753070 10.000000 -10.311800
v 2.864350 10.000000 -5.000000
v 1.822420 10.000000 -1.711370
v 2.421460 10.000000 -0.621724
v 2.190770 10.000000 -1.204380
v 2.500000 10.000000 0.000000
v 5.000000 10.000000 0.415387
v 2.421460 10.000000 0.621724
v 2.190770 10.000000 1.204380
v 1.822420 10.000000 1.711370
v 1.339570 10.000000 2.110820
v 1.147500 10.000000 5.261490
v -3.308240 10.000000 31.893101
v -1.999540 10.000000 42.251099
v -3.299560 10.000000 36.468700
v -3.299560 10.000000 36.468800
v -3.301620 10.000000 36.409698
v -3.303690 10.000000 36.350601
v -3.303690 10.000000 36.350700
v -3.332090 10.000000 36.080399
v -3.332090 10.000000 36.080299
v -3.352610 10.000000 35.964001
v -3.352620 10.000000 35.964001
v -3.418350 10.000000 35.700298
v -3.436620 10.000000 35.644100
v -3.418370 10.000000 35.700298
v -3.454880 10.000000 35.587898
v -3.454890 10.000000 35.587898
v -3.556670 10.000000 35.335999
v -3.556690 10.000000 35.335899
v -3.582580 10.000000 35.282799
v -3.608480 10.000000 35.229698
v -3.608500 10.000000 35.229698
v -3.744360 10.000000 34.994400
v -3.744380 10.000000 34.994301
v -3.777410 10.000000 34.945400
v -3.810450 10.000000 34.896400
v -3.810470 10.000000 34.896400
v -3.977750 10.000000 34.682301
v -3.977780 10.000000 34.682201
v -4.017300 10.000000 34.638302
v -4.056860 10.000000 34.594398
v -4.056830 10.000000 34.594398
v -4.252310 10.000000 34.405602
v -4.252340 10.000000 34.405602
v -4.297590 10.000000 34.367699
v -4.342840 10.000000 34.329700
v -4.342880 10.000000 34.329700
v -4.562700 10.000000 34.169899
v -4.562730 10.000000 34.169899
v -4.662920 10.000000 34.107300
v -4.662960 10.000000 34.107300
v -4.902870 10.000000 33.979698
v -4.956870 10.000000 33.955700
v -4.902910 10.000000 33.979698
v -5.010870 10.000000 33.931702
v -5.010830 10.000000 33.931702
v -5.266200 10.000000 33.838699
v -5.266240 10.000000 33.838699
v -5.323030 10.000000 33.822399
v -5.379810 10.000000 33.806099
v -5.379850 10.000000 33.806099
v -5.645620 10.000000 33.749599
v -5.704160 10.000000 33.741402
v -5.645670 10.000000 33.749599
v -5.762650 10.000000 33.733200
v -5.762700 10.000000 33.733200
v -6.033750 10.000000 33.714199
v -6.151970 10.000000 33.714199
v -6.423020 10.000000 33.733200
v -6.423070 10.000000 33.733200
v -6.540050 10.000000 33.749599
v -6.540100 10.000000 33.749599
v -6.805870 10.000000 33.806099
v -6.805920 10.000000 33.806099
v -6.862700 10.000000 33.822399
v -6.919480 10.000000 33.838699
v -6.919520 10.000000 33.838699
v -7.174840 10.000000 33.931702
v -7.174880 10.000000 33.931702
v 48.049500 10.000000 -0.143874
v -44.448399 10.000000 -0.084841
v -44.450500 10.000000 -0.143916
v -44.450500 10.000000 -0.143874
v -42.252701 10.000000 2.000000
v -42.252701 10.000000 -2.000000
v -44.446400 10.000000 -0.025765
v -44.455799 10.000000 0.245782
v -44.455799 10.000000 0.245824
v -44.462002 10.000000 0.304569
v -44.468201 10.000000 0.363316
v -44.468201 10.000000 0.363358
v -44.515400 10.000000 0.630947
v -44.515400 10.000000 0.630988
v -44.529701 10.000000 0.688300
v -44.543999 10.000000 0.745656
v -44.543999 10.000000 0.745615
v -44.627899 10.000000 1.004070
v -44.627998 10.000000 1.004110
v -44.650101 10.000000 1.058880
v -44.672199 10.000000 1.113650
v -44.672199 10.000000 1.113690
v -44.791302 10.000000 1.357900
v -44.791401 10.000000 1.357940
v -44.820900 10.000000 1.409100
v -44.850399 10.000000 1.460250
v -44.850498 10.000000 1.460280
v -45.002399 10.000000 1.685560
v -45.002399 10.000000 1.685590
v -45.038799 10.000000 1.732130
v -45.075199 10.000000 1.778710
v -45.075199 10.000000 1.778680
v -45.257000 10.000000 1.980640
v -45.257000 10.000000 1.980670
v -45.299500 10.000000 2.021700
v -45.341999 10.000000 2.062730
v -45.341999 10.000000 2.062760
v -45.550201 10.000000 2.237420
v -45.550201 10.000000 2.237450
v -45.598000 10.000000 2.272160
v -45.645802 10.000000 2.306880
v -45.645802 10.000000 2.306910
v -45.876301 10.000000 2.450890
v -45.876301 10.000000 2.450910
v -45.928398 10.000000 2.478650
v -45.980598 10.000000 2.506370
v -45.980598 10.000000 2.506390
v -46.228901 10.000000 2.616910
v -46.228901 10.000000 2.616920
v -46.284401 10.000000 2.637130
v -46.339901 10.000000 2.657330
v -46.340000 10.000000 2.657350
v -46.601101 10.000000 2.732240
v -52.252701 10.000000 5.000000
v -46.601200 10.000000 2.732250
v -46.659000 10.000000 2.744530
v -46.716702 10.000000 2.756820
v -46.716801 10.000000 2.756820
v -46.985901 10.000000 2.794640
v -47.044800 10.000000 2.798760
v -47.239700 10.000000 2.807630
v -47.180698 10.000000 2.803510
v -47.375500 10.000000 2.802880
v -47.820301 10.000000 2.744530
v -47.878101 10.000000 2.732250
v -47.878201 10.000000 2.732240
v -48.250401 10.000000 2.616910
v -48.194901 10.000000 2.637130
v -48.250401 10.000000 2.616920
v -48.550800 10.000000 2.478650
v -48.498699 10.000000 2.506390
v -48.498699 10.000000 2.506370
v -48.603001 10.000000 2.450890
v -48.603001 10.000000 2.450910
v -48.929100 10.000000 2.237450
v -48.929100 10.000000 2.237420
v -49.137299 10.000000 2.062730
v -49.179798 10.000000 2.021700
v -49.440498 10.000000 1.732130
v -49.476898 10.000000 1.685590
v -49.476898 10.000000 1.685560
v -49.658401 10.000000 1.409100
v -49.628799 10.000000 1.460280
v -49.628899 10.000000 1.460250
v -49.688000 10.000000 1.357900
v -49.687901 10.000000 1.357940
v -49.829201 10.000000 1.058880
v -49.807098 10.000000 1.113690
v -49.807098 10.000000 1.113650
v -49.851299 10.000000 1.004110
v -49.949600 10.000000 0.688300
v -49.963902 10.000000 0.630988
v -50.017300 10.000000 0.304569
v -50.011101 10.000000 0.363358
v -50.011101 10.000000 0.363316
v -50.032902 10.000000 -0.025765
v -52.252701 10.000000 -5.000000
v -50.023499 10.000000 0.245782
v -50.023499 10.000000 0.245824
v -49.963902 10.000000 0.630947
v -49.935299 10.000000 0.745615
v -49.935299 10.000000 0.745656
v -49.851398 10.000000 1.004070
v -47.434502 10.000000 2.798760
v -47.493401 10.000000 2.794640
v -47.762501 10.000000 2.756820
v -47.762600 10.000000 2.756820
v -48.139301 10.000000 2.657350
v -48.139400 10.000000 2.657330
v -48.833500 10.000000 2.306910
v -48.833500 10.000000 2.306880
v -49.137299 10.000000 2.062760
v -49.222301 10.000000 1.980670
v -49.222301 10.000000 1.980640
v -49.404099 10.000000 1.778710
v -49.404099 10.000000 1.778680
v -44.446400 10.000000 -0.025808
v -44.478901 10.000000 -0.414143
v -44.478901 10.000000 -0.414185
v -44.499401 10.000000 -0.530528
v -44.499401 10.000000 -0.530569
v -44.565102 10.000000 -0.794215
v -44.583401 10.000000 -0.850432
v -44.565201 10.000000 -0.794256
v -44.601700 10.000000 -0.906612
v -44.601700 10.000000 -0.906653
v -44.703499 10.000000 -1.158580
v -44.703499 10.000000 -1.158620
v -44.729401 10.000000 -1.211710
v -44.755299 10.000000 -1.264800
v -44.755299 10.000000 -1.264840
v -44.891102 10.000000 -1.500150
v -44.891201 10.000000 -1.500190
v -44.924198 10.000000 -1.549160
v -44.957199 10.000000 -1.598130
v -44.957298 10.000000 -1.598160
v -45.124500 10.000000 -1.812280
v -45.124599 10.000000 -1.812310
v -45.164101 10.000000 -1.856210
v -45.203602 10.000000 -1.900110
v -45.203701 10.000000 -1.900140
v -45.399101 10.000000 -2.088890
v -45.444401 10.000000 -2.126880
v -45.399101 10.000000 -2.088920
v -45.489700 10.000000 -2.164880
v -45.489601 10.000000 -2.164850
v -45.709499 10.000000 -2.324590
v -45.809700 10.000000 -2.387210
v -45.709499 10.000000 -2.324620
v -45.809700 10.000000 -2.387230
v -46.049702 10.000000 -2.514800
v -46.049702 10.000000 -2.514810
v -46.157600 10.000000 -2.562860
v -46.157700 10.000000 -2.562880
v -46.412998 10.000000 -2.655820
v -46.526600 10.000000 -2.688410
v -46.412998 10.000000 -2.655830
v -46.469799 10.000000 -2.672110
v -46.526600 10.000000 -2.688390
v -46.792400 10.000000 -2.744890
v -46.792500 10.000000 -2.744900
v -46.850899 10.000000 -2.753130
v -46.909401 10.000000 -2.761350
v -46.909500 10.000000 -2.761350
v -47.180500 10.000000 -2.780310
v -47.569901 10.000000 -2.761350
v -47.569801 10.000000 -2.761350
v -47.952702 10.000000 -2.688410
v -48.009499 10.000000 -2.672110
v -47.952702 10.000000 -2.688390
v -48.066299 10.000000 -2.655830
v -48.066299 10.000000 -2.655820
v -48.321602 10.000000 -2.562880
v -48.375599 10.000000 -2.538840
v -48.321701 10.000000 -2.562860
v -48.669498 10.000000 -2.387230
v -48.769798 10.000000 -2.324620
v -48.669601 10.000000 -2.387210
v -48.989601 10.000000 -2.164880
v -49.034901 10.000000 -2.126880
v -48.989700 10.000000 -2.164850
v -49.080200 10.000000 -2.088890
v -49.080200 10.000000 -2.088920
v -49.275700 10.000000 -1.900140
v -49.315201 10.000000 -1.856210
v -49.275700 10.000000 -1.900110
v -49.354801 10.000000 -1.812280
v -49.354698 10.000000 -1.812310
v -49.521999 10.000000 -1.598160
v -49.555099 10.000000 -1.549160
v -49.522099 10.000000 -1.598130
v -49.723999 10.000000 -1.264840
v -49.749901 10.000000 -1.211710
v -49.723999 10.000000 -1.264800
v -49.775799 10.000000 -1.158580
v -49.775799 10.000000 -1.158620
v -49.877602 10.000000 -0.906653
v -49.895901 10.000000 -0.850432
v -49.877602 10.000000 -0.906612
v -49.914200 10.000000 -0.794215
v -49.914101 10.000000 -0.794256
v -49.979900 10.000000 -0.530528
v -50.000401 10.000000 -0.414185
v -49.990101 10.000000 -0.472358
v -50.000401 10.000000 -0.414143
v -50.032902 10.000000 -0.025808
v -50.028801 10.000000 -0.143874
v -50.028801 10.000000 -0.143916
v -49.979900 10.000000 -0.530569
v -49.588200 10.000000 -1.500150
v -49.588100 10.000000 -1.500190
v -48.769798 10.000000 -2.324590
v -48.429600 10.000000 -2.514800
v -48.429600 10.000000 -2.514810
v -47.686901 10.000000 -2.744890
v -47.686798 10.000000 -2.744900
v -47.298801 10.000000 -2.780310
v -3.309050 10.000000 36.740299
v -3.309050 10.000000 36.740398
v -3.315220 10.000000 36.799099
v -3.321400 10.000000 36.857800
v -3.321410 10.000000 36.857899
v -3.368590 10.000000 37.125500
v -3.368600 10.000000 37.125500
v -3.382880 10.000000 37.182800
v -3.397180 10.000000 37.240200
v -3.397190 10.000000 37.240200
v -3.481150 10.000000 37.498600
v -3.481170 10.000000 37.498600
v -3.503290 10.000000 37.553398
v -3.525440 10.000000 37.608200
v -3.525430 10.000000 37.608200
v -3.644550 10.000000 37.852402
v -3.644570 10.000000 37.852501
v -3.674110 10.000000 37.903599
v -3.703650 10.000000 37.954800
v -3.703670 10.000000 37.954800
v -3.855600 10.000000 38.180099
v -3.855630 10.000000 38.180099
v -3.891990 10.000000 38.226700
v -3.928360 10.000000 38.273201
v -3.928390 10.000000 38.273201
v -4.110200 10.000000 38.475201
v -4.152720 10.000000 38.516201
v -4.110230 10.000000 38.475201
v -4.195210 10.000000 38.557301
v -4.195240 10.000000 38.557301
v -4.403390 10.000000 38.731998
v -4.451210 10.000000 38.766701
v -4.403420 10.000000 38.731998
v -4.499040 10.000000 38.801399
v -4.499000 10.000000 38.801399
v -4.729470 10.000000 38.945400
v -4.729500 10.000000 38.945400
v -4.781650 10.000000 38.973202
v -4.833810 10.000000 39.000900
v -4.833850 10.000000 39.000900
v -5.082070 10.000000 39.111401
v -5.082110 10.000000 39.111500
v -5.137620 10.000000 39.131699
v -5.193130 10.000000 39.151901
v -5.193170 10.000000 39.151901
v -5.454360 10.000000 39.226799
v -5.512180 10.000000 39.239101
v -5.454400 10.000000 39.226799
v -5.569950 10.000000 39.251400
v -5.570000 10.000000 39.251400
v -5.839070 10.000000 39.289200
v -5.839110 10.000000 39.289200
v -5.898040 10.000000 39.293301
v -6.033940 10.000000 39.298000
v -6.033890 10.000000 39.298000
v -6.092860 10.000000 39.302200
v -6.228720 10.000000 39.297401
v -6.287680 10.000000 39.293301
v -6.228760 10.000000 39.297401
v -6.346610 10.000000 39.289200
v -6.346650 10.000000 39.289200
v -6.615720 10.000000 39.251400
v -6.615770 10.000000 39.251400
v -6.673540 10.000000 39.239101
v -6.731360 10.000000 39.226799
v -6.731320 10.000000 39.226799
v -6.992550 10.000000 39.151901
v -6.992590 10.000000 39.151901
v -7.048100 10.000000 39.131699
v -7.103610 10.000000 39.111500
v -7.103650 10.000000 39.111401
v -7.351870 10.000000 39.000900
v -7.351910 10.000000 39.000900
v -7.404060 10.000000 38.973202
v -7.456260 10.000000 38.945400
v -7.456220 10.000000 38.945400
v -7.782290 10.000000 38.731998
v -7.686690 10.000000 38.801399
v -7.686720 10.000000 38.801399
v -7.782330 10.000000 38.731998
v -8.033000 10.000000 38.516201
v -7.990480 10.000000 38.557301
v -7.990510 10.000000 38.557301
v -8.075510 10.000000 38.475201
v -8.075480 10.000000 38.475201
v -8.293720 10.000000 38.226700
v -8.257330 10.000000 38.273201
v -8.257360 10.000000 38.273201
v -8.330090 10.000000 38.180099
v -8.511610 10.000000 37.903599
v -8.482060 10.000000 37.954800
v -8.482080 10.000000 37.954800
v -8.682420 10.000000 37.553398
v -8.660280 10.000000 37.608200
v -8.660300 10.000000 37.608200
v -8.704570 10.000000 37.498600
v -8.704560 10.000000 37.498600
v -8.802830 10.000000 37.182800
v -8.817130 10.000000 37.125500
v -8.870500 10.000000 36.799099
v -8.864320 10.000000 36.857899
v -8.864320 10.000000 36.857800
v -8.330120 10.000000 38.180099
v -8.541140 10.000000 37.852501
v -8.541170 10.000000 37.852402
v -8.788530 10.000000 37.240200
v -8.788540 10.000000 37.240200
v -8.817140 10.000000 37.125500
v -8.876670 10.000000 36.740398
v -8.876670 10.000000 36.740299
v 0.772542 10.000000 2.377640
v 0.156976 10.000000 2.495070
v -0.415388 10.000000 5.000000
v -0.468452 10.000000 2.455720
v -1.064450 10.000000 2.262070
v -1.593560 10.000000 1.926280
v -2.022540 10.000000 1.469460
v -2.324440 10.000000 0.920311
v 1.339570 10.000000 -2.110820
v 0.772542 10.000000 -2.377640
v 0.415388 10.000000 -5.000000
v 0.156976 10.000000 -2.495070
v -0.468452 10.000000 -2.455720
v -1.064450 10.000000 -2.262070
v 3.646860 10.000000 -18.108500
v 2.815340 10.000000 -18.250401
v 2.848560 10.000000 -18.026899
v 3.108590 10.000000 -19.416100
v 2.729210 10.000000 -18.439301
v 2.405260 10.000000 -18.698099
v 2.875300 10.000000 -19.575100
v 2.612500 10.000000 -19.691099
v 2.591670 10.000000 -18.590200
v 2.169970 10.000000 -18.763000
v 2.320200 10.000000 -19.764000
v 1.866710 10.000000 -19.787201
v 1.732110 10.000000 -18.734900
v 1.468860 10.000000 -19.695999
v 1.429770 10.000000 -18.481300
v 3.632430 10.000000 -18.428200
v 3.568490 10.000000 -18.722700
v 3.458310 10.000000 -18.988100
v 3.611780 10.000000 -17.763399
v 3.305020 10.000000 -19.219200
v 3.479030 10.000000 -22.921000
v 3.362330 10.000000 -24.172701
v 3.341490 10.000000 -23.071800
v 2.919790 10.000000 -23.244699
v 3.070020 10.000000 -24.245600
v 2.616540 10.000000 -24.268900
v 2.481930 10.000000 -23.216600
v 2.218690 10.000000 -24.177601
v 2.179590 10.000000 -22.962999
v 3.046430 10.000000 -11.742200
v 2.334790 10.000000 -12.070200
v 2.543700 10.000000 -13.318800
v 0.968666 10.000000 -12.763300
v 0.724030 10.000000 -12.884100
v 0.390392 10.000000 -13.035300
v 3.732980 10.000000 -32.783298
v 4.208140 10.000000 -23.469700
v 4.318310 10.000000 -23.204399
v 4.054850 10.000000 -23.700899
v 4.382260 10.000000 -22.909901
v 4.455680 10.000000 -14.511200
v 3.323330 10.000000 -13.397200
v 1.111820 10.000000 -13.117300
v 0.633061 10.000000 -13.061600
v 3.413930 10.000000 -16.580900
v 4.598310 10.000000 -15.363700
v 2.828910 10.000000 -17.768700
v 2.651520 10.000000 -16.708401
v 5.655460 10.000000 -32.250801
v 1.340840 6.937170 -5.000000
v 1.124220 6.964160 -5.000000
v 0.836552 7.000000 -5.000000
v 1.544160 6.857770 -5.000000
v 1.813450 6.752610 -5.000000
v 2.047460 6.584930 -5.000000
v 2.224680 6.457940 -5.000000
v 2.548680 6.071650 -5.000000
v 2.642140 5.875760 -5.000000
v 2.765100 5.618030 -5.000000
v 2.819190 5.338380 -5.000000
v 2.860350 5.125580 -5.000000
v 1.090700 3.015770 -5.000000
v 1.583030 3.140450 -5.000000
v 1.774810 3.244430 -5.000000
v 2.028460 3.381970 -5.000000
v 2.399000 3.725150 -5.000000
v 2.671360 4.148440 -5.000000
v 2.760570 4.419250 -5.000000
v 2.828430 4.625240 -5.000000
v 0.620308 6.973060 -5.000000
v 0.415388 6.947520 -5.000000
v 0.582401 3.015770 -5.000000
v 0.415388 3.058060 -5.000000
v -1.340840 6.937170 5.000000
v -1.006220 6.978860 5.000000
v -0.836552 7.000000 5.000000
v -1.654910 6.814520 5.000000
v -1.813450 6.752610 5.000000
v -1.951220 6.653890 5.000000
v -2.224680 6.457940 5.000000
v -2.548680 6.071650 5.000000
v -2.692840 5.769500 5.000000
v -2.765100 5.618030 5.000000
v -2.860350 5.125580 5.000000
v -1.090700 3.015770 5.000000
v -1.583030 3.140450 5.000000
v -1.879190 3.301030 5.000000
v -2.028460 3.381970 5.000000
v -2.399000 3.725150 5.000000
v -2.490020 3.866620 5.000000
v -2.671360 4.148440 5.000000
v -2.776010 4.466090 5.000000
v -2.828430 4.625240 5.000000
v -2.849700 4.958630 5.000000
v -0.502306 6.958350 5.000000
v -0.415388 6.947520 5.000000
v -0.582401 3.015770 5.000000
v -0.415388 3.058060 5.000000
v 50.247299 5.125580 -1.996050
v 50.247299 5.618030 -1.902110
v 50.247299 6.071650 -1.688650
v 50.247299 6.457940 -1.369090
v 50.247299 6.752610 -0.963507
v 50.247299 6.937170 -0.497379
v 50.247299 7.000000 0.000000
v 50.247299 6.937170 0.497379
v 50.247299 5.618030 1.902110
v 50.247299 5.125580 1.996050
v 50.247299 6.071650 1.688650
v 50.247299 6.457940 1.369090
v 50.247299 6.752610 0.963507
v 50.247299 4.625240 -1.964570
v 50.247299 4.148440 -1.809650
v 50.247299 3.725150 -1.541030
v 50.247299 3.381970 -1.175570
v 50.247299 3.140450 -0.736249
v 50.247299 3.015770 -0.250666
v 50.247299 3.015770 0.250666
v 50.247299 3.140450 0.736249
v 50.247299 4.625240 1.964570
v 50.247299 3.381970 1.175570
v 50.247299 3.725150 1.541030
v 50.247299 4.148440 1.809650
v 5.000000 6.937170 0.497379
v 5.000000 6.947520 0.415387
v 5.000000 6.752610 0.963507
v 5.000000 6.457940 1.369090
v 5.000000 6.071650 1.688650
v 5.000000 5.618030 1.902110
v 5.000000 5.125580 1.996050
v 5.000000 3.140450 0.736249
v 5.000000 3.058060 0.415387
v 5.000000 3.381970 1.175570
v 5.000000 3.725150 1.541030
v 5.000000 4.148440 1.809650
v 5.000000 4.625240 1.964570
v 40.247299 5.125580 -1.996050
v 40.247299 4.625240 -1.964570
v 40.247299 4.148440 -1.809650
v 40.247299 3.725150 -1.541030
v 40.247299 3.381970 -1.175570
v 40.247299 3.140450 -0.736249
v 40.247299 3.015770 -0.250666
v 40.247299 3.015770 0.250666
v 40.247299 3.140450 0.736249
v 40.247299 3.381970 1.175570
v 40.247299 4.625240 1.964570
v 40.247299 5.125580 1.996050
v 40.247299 4.148440 1.809650
v 40.247299 3.725150 1.541030
v 40.247299 5.618030 -1.902110
v 40.247299 6.071650 -1.688650
v 40.247299 6.457940 -1.369090
v 40.247299 6.752610 -0.963507
v 40.247299 6.937170 -0.497379
v 40.247299 6.943300 -0.448855
v 40.247299 7.000000 0.000000
v 40.247299 6.943300 0.448855
v 40.247299 6.937170 0.497379
v 40.247299 6.752610 0.963507
v 40.247299 6.457940 1.369090
v 40.247299 6.071650 1.688650
v 40.247299 5.618030 1.902110
v 45.484501 16.929899 -0.047429
v 45.484501 16.929899 0.072689
v 45.492401 16.929899 0.012629
v 45.461300 16.929899 -0.103395
v 45.461300 16.929899 0.128654
v 45.424400 16.929899 -0.151454
v 45.424400 16.929899 0.176714
v 45.376400 16.929899 -0.188332
v 45.376400 16.929899 0.213592
v 45.320400 16.929899 -0.211514
v 45.320400 16.929899 0.236773
v 45.260300 16.929899 -0.219419
v 45.260300 16.929899 0.244678
v 45.200298 16.929899 -0.211514
v 45.200298 16.929899 0.236773
v 45.144299 16.929899 -0.188332
v 45.144299 16.929899 0.213592
v 45.096298 16.929899 -0.151454
v 45.096298 16.929899 0.176714
v 45.059399 16.929899 -0.103395
v 45.059399 16.929899 0.128654
v 45.036201 16.929899 -0.047429
v 45.036201 16.929899 0.072689
v 45.028301 16.929899 0.012629
v 45.693401 17.929899 0.262630
v 45.743301 17.929899 0.142037
v 45.613899 17.929899 0.366181
v 45.510300 17.929899 0.445642
v 45.389801 17.929899 0.495590
v 45.260300 17.929899 0.512630
v 45.130901 17.929899 0.495590
v 45.010300 17.929899 0.445642
v 44.906799 17.929899 0.366181
v 44.827301 17.929899 0.262630
v 44.777401 17.929899 0.142037
v 44.760399 17.929899 0.012629
v 44.777401 17.929899 -0.116777
v 44.827301 17.929899 -0.237370
v 44.906799 17.929899 -0.340920
v 45.010300 17.929899 -0.420382
v 45.130901 17.929899 -0.470330
v 45.260300 17.929899 -0.487370
v 45.389801 17.929899 -0.470330
v 45.510300 17.929899 -0.420382
v 45.613899 17.929899 -0.340920
v 45.693401 17.929899 -0.237370
v 45.743301 17.929899 -0.116777
v 45.760300 17.929899 0.012629
v 46.165001 17.929899 -0.071200
v 46.134201 17.929899 -0.236012
v 46.165001 17.929899 0.096461
v 46.073700 17.929899 -0.392351
v 45.985401 17.929899 -0.534904
v 46.134201 17.929899 0.261271
v 45.872501 17.929899 -0.658811
v 46.073700 17.929899 0.417614
v 45.738602 17.929899 -0.759851
v 45.588600 17.929899 -0.834583
v 45.427299 17.929899 -0.880466
v 45.260300 17.929899 -0.895939
v 45.093399 17.929899 -0.880466
v 44.932098 17.929899 -0.834583
v 44.782101 17.929899 -0.759851
v 44.648300 17.929899 -0.658811
v 44.535301 17.929899 -0.534904
v 44.446999 17.929899 -0.392351
v 45.985401 17.929899 0.560163
v 45.872501 17.929899 0.684071
v 45.738602 17.929899 0.785110
v 45.588600 17.929899 0.859843
v 45.427299 17.929899 0.905726
v 45.260300 17.929899 0.921199
v 45.093399 17.929899 0.905726
v 44.932098 17.929899 0.859843
v 44.648300 17.929899 0.684071
v 44.535301 17.929899 0.560163
v 44.782101 17.929899 0.785110
v 44.446999 17.929899 0.417614
v 44.355701 17.929899 0.096461
v 44.386501 17.929899 -0.236012
v 44.355701 17.929899 -0.071200
v 44.386501 17.929899 0.261271
v 46.842999 15.179900 -0.437661
v 46.733299 15.179900 -0.720798
v 46.573399 15.179900 -0.978962
v 46.368900 15.179900 -1.203360
v 46.126598 15.179900 -1.386340
v 45.854698 15.179900 -1.521690
v 45.562698 15.179900 -1.604780
v 45.260300 15.179900 -1.632800
v 44.958000 15.179900 -1.604780
v 44.666000 15.179900 -1.521690
v 44.394100 15.179900 -1.386340
v 44.151798 15.179900 -1.203360
v 43.947300 15.179900 -0.978962
v 43.787399 15.179900 -0.720798
v 43.677700 15.179900 -0.437661
v 43.621899 15.179900 -0.139191
v 43.621899 15.179900 0.164451
v 43.677700 15.179900 0.462921
v 43.787399 15.179900 0.746058
v 43.947300 15.179900 1.004220
v 44.151798 15.179900 1.228620
v 44.394100 15.179900 1.411600
v 44.666000 15.179900 1.546950
v 44.958000 15.179900 1.630040
v 45.260300 15.179900 1.658060
v 45.562698 15.179900 1.630040
v 45.854698 15.179900 1.546950
v 46.126598 15.179900 1.411600
v 46.368900 15.179900 1.228620
v 46.573399 15.179900 1.004220
v 46.733299 15.179900 0.746058
v 46.842999 15.179900 0.462921
v 46.898800 15.179900 0.164451
v 46.898800 15.179900 -0.139191
v 46.368900 15.129900 -1.203360
v 46.126598 15.129900 -1.386340
v 46.573399 15.129900 -0.978962
v 46.733299 15.129900 -0.720798
v 46.842999 15.129900 -0.437661
v 46.898800 15.129900 -0.139191
v 46.898800 15.129900 0.164451
v 46.842999 15.129900 0.462921
v 46.733299 15.129900 0.746058
v 46.573399 15.129900 1.004220
v 46.368900 15.129900 1.228620
v 46.126598 15.129900 1.411600
v 45.854698 15.129900 1.546950
v 45.562698 15.129900 1.630040
v 45.260300 15.129900 1.658060
v 44.958000 15.129900 1.630040
v 44.666000 15.129900 1.546950
v 44.394100 15.129900 1.411600
v 44.151798 15.129900 1.228620
v 43.947300 15.129900 1.004220
v 43.787399 15.129900 0.746058
v 43.677700 15.129900 0.462921
v 43.621899 15.129900 0.164451
v 43.621899 15.129900 -0.139191
v 43.677700 15.129900 -0.437661
v 43.787399 15.129900 -0.720798
v 43.947300 15.129900 -0.978962
v 44.151798 15.129900 -1.203360
v 44.394100 15.129900 -1.386340
v 44.666000 15.129900 -1.521690
v 44.958000 15.129900 -1.604780
v 45.260300 15.129900 -1.632800
v 45.562698 15.129900 -1.604780
v 45.854698 15.129900 -1.521690
v 44.631100 14.329900 0.722795
v 44.760201 14.329900 0.820334
v 44.820599 14.329900 0.850376
v 44.917198 14.329900 0.898479
v 45.033901 14.329900 0.931704
v 44.820599 14.329900 -0.825116
v 45.486801 14.329900 -0.906444
v 46.144901 14.329900 0.348047
v 46.039700 14.329900 -0.525517
v 44.502201 14.329900 -0.559873
v 44.480999 14.329900 -0.525517
v 44.620300 14.329900 0.714686
v 46.201302 14.329900 -0.101492
v 46.206299 14.329900 -0.075024
v 45.260300 14.329900 0.962627
v 45.434898 14.329900 0.946452
v 45.486801 14.329900 0.931704
v 44.409901 14.329900 -0.410821
v 44.375801 14.329900 -0.322787
v 44.346600 14.329900 -0.247350
v 44.760201 14.329900 -0.795074
v 44.631100 14.329900 -0.697536
v 44.620300 14.329900 -0.689425
v 44.319401 14.329900 -0.101492
v 44.314400 14.329900 -0.075024
v 44.314400 14.329900 0.100285
v 44.319401 14.329900 0.126752
v 44.346600 14.329900 0.272610
v 45.434898 14.329900 -0.921192
v 45.260300 14.329900 -0.937367
v 45.085800 14.329900 -0.921192
v 45.033901 14.329900 -0.906444
v 44.917198 14.329900 -0.873219
v 45.603500 14.329900 0.898479
v 45.700100 14.329900 0.850376
v 45.760502 14.329900 0.820334
v 44.375801 14.329900 0.348047
v 45.889599 14.329900 0.722795
v 45.900398 14.329900 0.714686
v 46.018501 14.329900 0.585133
v 46.039700 14.329900 0.550776
v 46.110802 14.329900 0.436081
v 46.018501 14.329900 -0.559873
v 45.900398 14.329900 -0.689425
v 45.889599 14.329900 -0.697536
v 46.174099 14.329900 -0.247350
v 46.144901 14.329900 -0.322787
v 46.110802 14.329900 -0.410821
v 45.760502 14.329900 -0.795074
v 45.700100 14.329900 -0.825116
v 45.603500 14.329900 -0.873219
v 45.085800 14.329900 0.946452
v 44.409901 14.329900 0.436081
v 44.480999 14.329900 0.550776
v 44.502201 14.329900 0.585133
v 46.174099 14.329900 0.272610
v 46.201302 14.329900 0.126752
v 46.206299 14.329900 0.100285
v 45.701801 13.729900 -0.828550
v 45.890301 13.729900 -0.698455
v 44.630402 13.729900 -0.698455
v 44.478500 13.729900 -0.527031
v 44.372101 13.729900 -0.324244
v 44.818901 13.729900 0.853811
v 44.630402 13.729900 0.723715
v 46.042198 13.729900 0.552291
v 44.478500 13.729900 0.552291
v 45.487701 13.729900 0.935022
v 45.260300 13.729900 0.962627
v 46.203400 13.729900 -0.101877
v 46.148602 13.729900 -0.324244
v 45.033001 13.729900 -0.909762
v 44.818901 13.729900 -0.828550
v 44.317299 13.729900 0.127137
v 44.372101 13.729900 0.349504
v 44.317299 13.729900 -0.101877
v 45.033001 13.729900 0.935022
v 45.487701 13.729900 -0.909762
v 45.260300 13.729900 -0.937367
v 45.701801 13.729900 0.853811
v 46.042198 13.729900 -0.527031
v 45.890301 13.729900 0.723715
v 46.203400 13.729900 0.127137
v 46.148602 13.729900 0.349504
v 46.907101 13.729900 -0.139957
v 46.851002 13.729900 -0.439941
v 46.907101 13.729900 0.165217
v 46.740700 13.729900 -0.724515
v 46.580101 13.729900 -0.983985
v 46.851002 13.729900 0.465201
v 46.374500 13.729900 -1.209520
v 46.740700 13.729900 0.749776
v 46.130901 13.729900 -1.393430
v 45.857800 13.729900 -1.529460
v 45.564201 13.729900 -1.612980
v 45.260300 13.729900 -1.641130
v 44.956501 13.729900 -1.612980
v 44.662899 13.729900 -1.529460
v 44.389801 13.729900 -1.393430
v 44.146198 13.729900 -1.209520
v 43.940601 13.729900 -0.983985
v 43.779999 13.729900 -0.724515
v 46.580101 13.729900 1.009240
v 46.374500 13.729900 1.234780
v 46.130901 13.729900 1.418690
v 45.857800 13.729900 1.554720
v 45.564201 13.729900 1.638240
v 45.260300 13.729900 1.666390
v 44.956501 13.729900 1.638240
v 44.662899 13.729900 1.554720
v 44.389801 13.729900 1.418690
v 43.940601 13.729900 1.009240
v 43.779999 13.729900 0.749776
v 43.669701 13.729900 0.465201
v 43.669701 13.729900 -0.439941
v 44.146198 13.729900 1.234780
v 43.613602 13.729900 -0.139957
v 43.613602 13.729900 0.165217
v 46.847900 12.759900 0.464136
v 46.774799 12.759900 0.676937
v 46.863499 12.759900 0.418605
v 46.905800 12.759900 0.165012
v 46.908501 12.759900 0.149197
v 46.047501 12.759900 1.467070
v 44.043598 12.759900 -1.107430
v 44.473202 12.759900 -1.441810
v 46.863499 12.759900 -0.393345
v 44.988201 12.759900 1.643840
v 45.797298 12.759900 -1.551530
v 43.875900 12.759900 0.917150
v 46.276100 12.759900 -1.292420
v 44.473202 12.759900 1.467070
v 46.370701 12.759900 1.230630
v 46.276100 12.759900 1.317680
v 46.128101 12.759900 1.414370
v 46.477100 12.759900 1.132690
v 44.392601 12.759900 -1.389110
v 44.244598 12.759900 -1.292420
v 44.150002 12.759900 -1.205370
v 45.797298 12.759900 1.576790
v 45.856098 12.759900 1.551000
v 43.875900 12.759900 -0.891891
v 43.784100 12.759900 -0.722281
v 43.944901 12.759900 -0.980621
v 43.745899 12.759900 -0.651677
v 44.723400 12.759900 -1.551530
v 44.664600 12.759900 -1.525740
v 46.575802 12.759900 1.005880
v 46.644798 12.759900 0.917150
v 46.736599 12.759900 0.747541
v 43.657200 12.759900 0.418605
v 43.614899 12.759900 0.165012
v 46.908501 12.759900 -0.123937
v 46.905800 12.759900 -0.139751
v 43.612202 12.759900 0.149197
v 43.612202 12.759900 -0.123937
v 45.260300 12.759900 1.666390
v 45.532600 12.759900 1.643840
v 45.563702 12.759900 1.635960
v 45.563702 12.759900 -1.610700
v 45.532600 12.759900 -1.618580
v 43.944901 12.759900 1.005880
v 44.043598 12.759900 1.132690
v 43.672798 12.759900 0.464136
v 43.745899 12.759900 0.676937
v 43.784100 12.759900 0.747541
v 46.774799 12.759900 -0.651677
v 46.736599 12.759900 -0.722281
v 46.847900 12.759900 -0.438875
v 44.664600 12.759900 1.551000
v 44.723400 12.759900 1.576790
v 44.957001 12.759900 1.635960
v 46.128101 12.759900 -1.389110
v 46.047501 12.759900 -1.441810
v 45.856098 12.759900 -1.525740
v 46.644798 12.759900 -0.891891
v 46.575802 12.759900 -0.980621
v 46.477100 12.759900 -1.107430
v 46.370701 12.759900 -1.205370
v 44.150002 12.759900 1.230630
v 44.244598 12.759900 1.317680
v 44.392601 12.759900 1.414370
v 43.672798 12.759900 -0.438875
v 43.657200 12.759900 -0.393345
v 43.614899 12.759900 -0.139751
v 45.260300 12.759900 -1.641130
v 44.988201 12.759900 -1.618580
v 44.957001 12.759900 -1.610700
v 45.260300 12.459900 1.999580
v 44.983799 12.459900 1.980240
v 45.536900 12.459900 1.980240
v 45.586800 12.459900 1.969630
v 45.807999 12.459900 1.922610
v 45.903999 12.459900 1.887690
v 46.068501 12.459900 1.827800
v 46.203800 12.459900 1.755870
v 46.313301 12.459900 1.697660
v 46.478500 12.459900 1.577570
v 46.537498 12.459900 1.534720
v 46.721199 12.459900 1.357340
v 46.736900 12.459900 1.342160
v 45.398998 12.459900 -1.969480
v 44.327499 12.459900 -1.741740
v 44.315201 12.459900 -1.734020
v 44.092400 12.459900 -1.594840
v 44.042198 12.459900 -1.552670
v 43.880100 12.459900 -1.416660
v 43.801998 12.459900 -1.329930
v 43.694599 12.459900 -1.210660
v 43.600800 12.459900 -1.071540
v 43.539600 12.459900 -0.980844
v 43.443600 12.459900 -0.784105
v 43.418098 12.459900 -0.731691
v 43.334702 12.459900 -0.474981
v 43.332401 12.459900 -0.468056
v 43.284302 12.459900 -0.195062
v 43.783798 12.459900 1.342160
v 43.799500 12.459900 1.357340
v 43.983200 12.459900 1.534720
v 44.042099 12.459900 1.577570
v 44.207401 12.459900 1.697660
v 44.316898 12.459900 1.755870
v 44.452202 12.459900 1.827800
v 45.121700 12.459900 -1.969480
v 44.933899 12.459900 -1.943080
v 44.847198 12.459900 -1.930900
v 44.615799 12.459900 -1.864530
v 44.580799 12.459900 -1.854490
v 47.217098 12.459900 0.357657
v 47.236198 12.459900 0.176253
v 46.907600 12.459900 1.123720
v 46.922199 12.459900 1.098480
v 47.046200 12.459900 0.883650
v 47.076199 12.459900 0.809284
v 47.150002 12.459900 0.626630
v 47.181801 12.459900 0.499228
v 47.246101 12.459900 0.081973
v 47.237900 12.459900 -0.151361
v 43.282799 12.459900 -0.151361
v 43.274601 12.459900 0.081973
v 43.284500 12.459900 0.176253
v 43.303600 12.459900 0.357657
v 43.338902 12.459900 0.499228
v 43.370701 12.459900 0.626630
v 43.444500 12.459900 0.809284
v 43.474499 12.459900 0.883650
v 43.598499 12.459900 1.098480
v 43.613098 12.459900 1.123720
v 44.616699 12.459900 1.887690
v 44.712700 12.459900 1.922610
v 44.933899 12.459900 1.969630
v 47.236401 12.459900 -0.195062
v 47.188301 12.459900 -0.468056
v 47.186001 12.459900 -0.474981
v 47.102600 12.459900 -0.731691
v 47.077000 12.459900 -0.784105
v 46.981098 12.459900 -0.980844
v 46.919899 12.459900 -1.071540
v 46.826099 12.459900 -1.210660
v 46.718700 12.459900 -1.329930
v 46.640598 12.459900 -1.416660
v 46.478500 12.459900 -1.552670
v 46.428200 12.459900 -1.594840
v 46.205502 12.459900 -1.734020
v 46.193199 12.459900 -1.741740
v 45.939899 12.459900 -1.854490
v 45.904900 12.459900 -1.864530
v 45.673500 12.459900 -1.930900
v 45.586800 12.459900 -1.943080
v 45.260300 10.459900 2.807630
v 45.065899 10.459900 2.794030
v 45.454800 10.459900 2.794030
v 45.649300 10.459900 2.780430
v 45.840000 10.459900 2.739890
v 46.030800 10.459900 2.699360
v 46.214001 10.459900 2.632670
v 46.397202 10.459900 2.565990
v 46.569302 10.459900 2.474460
v 46.741501 10.459900 2.382920
v 46.899200 10.459900 2.268320
v 47.056900 10.459900 2.153720
v 47.197201 10.459900 2.018290
v 47.337399 10.459900 1.882850
v 47.457500 10.459900 1.729210
v 44.126301 10.459900 -2.534510
v 43.948200 10.459900 -2.455210
v 43.782799 10.459900 -2.351890
v 43.617500 10.459900 -2.248570
v 43.468102 10.459900 -2.123250
v 43.318802 10.459900 -1.997920
v 43.188301 10.459900 -1.853030
v 43.057899 10.459900 -1.708140
v 42.948799 10.459900 -1.546510
v 42.839802 10.459900 -1.384870
v 42.754299 10.459900 -1.209630
v 42.668900 10.459900 -1.034400
v 42.608601 10.459900 -0.848968
v 42.548401 10.459900 -0.663541
v 42.514500 10.459900 -0.471534
v 42.480701 10.459900 -0.279527
v 42.473900 10.459900 -0.084676
v 42.467098 10.459900 0.110172
v 42.487400 10.459900 0.304073
v 42.507801 10.459900 0.497974
v 42.555000 10.459900 0.687154
v 42.602100 10.459900 0.876330
v 46.394402 10.459900 -2.534510
v 46.216301 10.459900 -2.613810
v 46.028900 10.459900 -2.667550
v 45.841499 10.459900 -2.721290
v 45.648399 10.459900 -2.748430
v 45.455299 10.459900 -2.775560
v 45.065399 10.459900 -2.775560
v 44.872299 10.459900 -2.748430
v 44.679199 10.459900 -2.721290
v 44.491798 10.459900 -2.667550
v 44.304401 10.459900 -2.613810
v 42.675201 10.459900 1.057100
v 47.577499 10.459900 1.575570
v 47.674999 10.459900 1.406720
v 47.772499 10.459900 1.237880
v 47.845501 10.459900 1.057100
v 47.918499 10.459900 0.876330
v 47.965698 10.459900 0.687154
v 48.012901 10.459900 0.497974
v 48.033298 10.459900 0.304073
v 48.053600 10.459900 0.110172
v 48.046799 10.459900 -0.084676
v 42.748199 10.459900 1.237880
v 42.845699 10.459900 1.406720
v 42.943199 10.459900 1.575570
v 43.063202 10.459900 1.729210
v 43.183300 10.459900 1.882850
v 43.323502 10.459900 2.018290
v 43.463799 10.459900 2.153720
v 43.621498 10.459900 2.268320
v 43.779202 10.459900 2.382920
v 43.951401 10.459900 2.474460
v 44.123501 10.459900 2.565990
v 44.306702 10.459900 2.632670
v 44.489899 10.459900 2.699360
v 44.680698 10.459900 2.739890
v 44.871399 10.459900 2.780430
v 48.040001 10.459900 -0.279527
v 48.006199 10.459900 -0.471534
v 47.972301 10.459900 -0.663541
v 47.912102 10.459900 -0.848968
v 47.851799 10.459900 -1.034400
v 47.766399 10.459900 -1.209630
v 47.680901 10.459900 -1.384870
v 47.571899 10.459900 -1.546510
v 47.462799 10.459900 -1.708140
v 47.332401 10.459900 -1.853030
v 47.201900 10.459900 -1.997920
v 47.052601 10.459900 -2.123250
v 46.903198 10.459900 -2.248570
v 46.737900 10.459900 -2.351890
v 46.572498 10.459900 -2.455210
v -52.252701 5.125580 -1.996050
v -52.252701 4.625240 -1.964570
v -52.252701 4.148440 -1.809650
v -52.252701 3.725150 -1.541030
v -52.252701 3.381970 -1.175570
v -52.252701 3.140450 -0.736249
v -52.252701 3.015770 -0.250666
v -52.252701 3.015770 0.250666
v -52.252701 4.625240 1.964570
v -52.252701 5.125580 1.996050
v -52.252701 4.148440 1.809650
v -52.252701 3.725150 1.541030
v -52.252701 3.381970 1.175570
v -52.252701 3.140450 0.736249
v -52.252701 5.618030 -1.902110
v -52.252701 6.071650 -1.688650
v -52.252701 6.457940 -1.369090
v -52.252701 6.752610 -0.963507
v -52.252701 6.937170 -0.497379
v -52.252701 7.000000 -0.000000
v -52.252701 7.000000 0.000000
v -52.252701 7.000000 0.000000
v -52.252701 6.937170 0.497379
v -52.252701 6.752610 0.963507
v -52.252701 5.618030 1.902110
v -52.252701 6.457940 1.369090
v -52.252701 6.071650 1.688650
v -42.252701 5.125580 -1.996050
v -42.252701 5.618030 -1.902110
v -42.252701 6.071650 -1.688650
v -42.252701 6.457940 -1.369090
v -42.252701 6.752610 -0.963507
v -42.252701 6.937170 -0.497379
v -42.252701 6.993870 -0.048525
v -42.252701 7.000000 0.000000
v -42.252701 6.993870 0.048525
v -42.252701 6.937170 0.497379
v -42.252701 6.752610 0.963507
v -42.252701 5.618030 1.902110
v -42.252701 5.125580 1.996050
v -42.252701 6.071650 1.688650
v -42.252701 6.457940 1.369090
v -42.252701 4.625240 -1.964570
v -42.252701 4.148440 -1.809650
v -42.252701 3.725150 -1.541030
v -42.252701 3.381970 -1.175570
v -42.252701 3.140450 -0.736249
v -42.252701 3.015770 -0.250666
v -42.252701 3.015770 0.250666
v -42.252701 3.140450 0.736249
v -42.252701 3.381970 1.175570
v -42.252701 3.725150 1.541030
v -42.252701 4.148440 1.809650
v -42.252701 4.625240 1.964570
v -5.000000 5.125580 -1.996050
v -5.000000 4.625240 -1.964570
v -5.000000 4.148440 -1.809650
v -5.000000 3.725150 -1.541030
v -5.000000 3.381970 -1.175570
v -5.000000 3.140450 -0.736249
v -5.000000 3.058060 -0.415387
v -5.000000 5.618030 -1.902110
v -5.000000 6.071650 -1.688650
v -5.000000 6.457940 -1.369090
v -5.000000 6.752610 -0.963507
v -5.000000 6.937170 -0.497379
v -5.000000 6.947520 -0.415387
v -47.015499 16.929899 -0.047429
v -47.015499 16.929899 0.072689
v -47.007599 16.929899 0.012629
v -47.038700 16.929899 -0.103395
v -47.038700 16.929899 0.128654
v -47.075600 16.929899 -0.151454
v -47.075600 16.929899 0.176714
v -47.123600 16.929899 -0.188332
v -47.123600 16.929899 0.213592
v -47.179600 16.929899 -0.211514
v -47.179600 16.929899 0.236773
v -47.239700 16.929899 -0.219419
v -47.239700 16.929899 0.244678
v -47.299702 16.929899 -0.211514
v -47.299702 16.929899 0.236773
v -47.355701 16.929899 -0.188332
v -47.355701 16.929899 0.213592
v -47.403702 16.929899 -0.151454
v -47.403702 16.929899 0.176714
v -47.440601 16.929899 -0.103395
v -47.440601 16.929899 0.128654
v -47.463799 16.929899 -0.047429
v -47.463799 16.929899 0.072689
v -47.471699 16.929899 0.012629
v -46.806599 17.929899 0.262630
v -46.756699 17.929899 0.142037
v -46.886101 17.929899 0.366181
v -46.989700 17.929899 0.445642
v -47.110199 17.929899 0.495590
v -47.239700 17.929899 0.512630
v -47.369099 17.929899 0.495590
v -47.489601 17.929899 0.445642
v -47.593201 17.929899 0.366181
v -47.672699 17.929899 0.262630
v -47.722599 17.929899 0.142037
v -47.739601 17.929899 0.012629
v -47.722599 17.929899 -0.116777
v -47.672699 17.929899 -0.237370
v -47.593201 17.929899 -0.340920
v -47.489601 17.929899 -0.420382
v -47.369099 17.929899 -0.470330
v -47.239700 17.929899 -0.487370
v -47.110199 17.929899 -0.470330
v -46.989700 17.929899 -0.420382
v -46.886101 17.929899 -0.340920
v -46.806599 17.929899 -0.237370
v -46.756699 17.929899 -0.116777
v -46.739700 17.929899 0.012629
v -46.334999 17.929899 -0.071200
v -46.365799 17.929899 -0.236012
v -46.334999 17.929899 0.096461
v -46.426300 17.929899 -0.392351
v -46.514599 17.929899 -0.534904
v -46.365799 17.929899 0.261271
v -46.627499 17.929899 -0.658811
v -46.426300 17.929899 0.417614
v -46.761299 17.929899 -0.759851
v -46.911400 17.929899 -0.834583
v -47.072701 17.929899 -0.880466
v -47.239700 17.929899 -0.895939
v -47.406601 17.929899 -0.880466
v -47.567902 17.929899 -0.834583
v -47.717899 17.929899 -0.759851
v -47.851700 17.929899 -0.658811
v -47.964699 17.929899 -0.534904
v -48.053001 17.929899 -0.392351
v -46.514599 17.929899 0.560163
v -46.627499 17.929899 0.684071
v -46.761299 17.929899 0.785110
v -46.911400 17.929899 0.859843
v -47.072701 17.929899 0.905726
v -47.239700 17.929899 0.921199
v -47.406601 17.929899 0.905726
v -47.567902 17.929899 0.859843
v -47.851700 17.929899 0.684071
v -47.964699 17.929899 0.560163
v -47.717899 17.929899 0.785110
v -48.053001 17.929899 0.417614
v -48.144299 17.929899 0.096461
v -48.113499 17.929899 -0.236012
v -48.144299 17.929899 -0.071200
v -48.113499 17.929899 0.261271
v -45.657001 15.179900 -0.437661
v -45.766701 15.179900 -0.720798
v -45.926601 15.179900 -0.978962
v -46.131100 15.179900 -1.203360
v -46.373402 15.179900 -1.386340
v -46.645302 15.179900 -1.521690
v -46.937302 15.179900 -1.604780
v -47.239700 15.179900 -1.632800
v -47.542000 15.179900 -1.604780
v -47.834000 15.179900 -1.521690
v -48.105900 15.179900 -1.386340
v -48.348202 15.179900 -1.203360
v -48.552700 15.179900 -0.978962
v -48.712601 15.179900 -0.720798
v -48.822300 15.179900 -0.437661
v -48.878101 15.179900 -0.139191
v -48.878101 15.179900 0.164451
v -48.822300 15.179900 0.462921
v -48.712601 15.179900 0.746058
v -48.552700 15.179900 1.004220
v -48.348202 15.179900 1.228620
v -48.105900 15.179900 1.411600
v -47.834000 15.179900 1.546950
v -47.542000 15.179900 1.630040
v -47.239700 15.179900 1.658060
v -46.937302 15.179900 1.630040
v -46.645302 15.179900 1.546950
v -46.373402 15.179900 1.411600
v -46.131100 15.179900 1.228620
v -45.926601 15.179900 1.004220
v -45.766701 15.179900 0.746058
v -45.657001 15.179900 0.462921
v -45.601200 15.179900 0.164451
v -45.601200 15.179900 -0.139191
v -46.131100 15.129900 -1.203360
v -46.373402 15.129900 -1.386340
v -45.926601 15.129900 -0.978962
v -45.766701 15.129900 -0.720798
v -45.657001 15.129900 -0.437661
v -45.601200 15.129900 -0.139191
v -45.601200 15.129900 0.164451
v -45.657001 15.129900 0.462921
v -45.766701 15.129900 0.746058
v -45.926601 15.129900 1.004220
v -46.131100 15.129900 1.228620
v -46.373402 15.129900 1.411600
v -46.645302 15.129900 1.546950
v -46.937302 15.129900 1.630040
v -47.239700 15.129900 1.658060
v -47.542000 15.129900 1.630040
v -47.834000 15.129900 1.546950
v -48.105900 15.129900 1.411600
v -48.348202 15.129900 1.228620
v -48.552700 15.129900 1.004220
v -48.712601 15.129900 0.746058
v -48.822300 15.129900 0.462921
v -48.878101 15.129900 0.164451
v -48.878101 15.129900 -0.139191
v -48.822300 15.129900 -0.437661
v -48.712601 15.129900 -0.720798
v -48.552700 15.129900 -0.978962
v -48.348202 15.129900 -1.203360
v -48.105900 15.129900 -1.386340
v -47.834000 15.129900 -1.521690
v -47.542000 15.129900 -1.604780
v -47.239700 15.129900 -1.632800
v -46.937302 15.129900 -1.604780
v -46.645302 15.129900 -1.521690
v -47.868900 14.329900 0.722795
v -47.739799 14.329900 0.820334
v -47.679401 14.329900 0.850376
v -47.582802 14.329900 0.898479
v -47.466000 14.329900 0.931704
v -47.679401 14.329900 -0.825116
v -47.013199 14.329900 -0.906444
v -46.355099 14.329900 0.348047
v -46.460300 14.329900 -0.525517
v -47.997799 14.329900 -0.559873
v -48.019001 14.329900 -0.525517
v -47.879700 14.329900 0.714686
v -46.298599 14.329900 -0.101492
v -46.293701 14.329900 -0.075024
v -47.239700 14.329900 0.962627
v -47.065102 14.329900 0.946452
v -47.013199 14.329900 0.931704
v -48.090099 14.329900 -0.410821
v -48.124199 14.329900 -0.322787
v -48.153400 14.329900 -0.247350
v -47.739799 14.329900 -0.795074
v -47.868900 14.329900 -0.697536
v -47.879700 14.329900 -0.689425
v -48.180599 14.329900 -0.101492
v -48.185600 14.329900 -0.075024
v -48.185600 14.329900 0.100285
v -48.180599 14.329900 0.126752
v -48.153400 14.329900 0.272610
v -47.065102 14.329900 -0.921192
v -47.239700 14.329900 -0.937367
v -47.414200 14.329900 -0.921192
v -47.466000 14.329900 -0.906444
v -47.582802 14.329900 -0.873219
v -46.896500 14.329900 0.898479
v -46.799900 14.329900 0.850376
v -46.739498 14.329900 0.820334
v -48.124199 14.329900 0.348047
v -46.610401 14.329900 0.722795
v -46.599602 14.329900 0.714686
v -46.481499 14.329900 0.585133
v -46.460300 14.329900 0.550776
v -46.389198 14.329900 0.436081
v -46.481499 14.329900 -0.559873
v -46.599602 14.329900 -0.689425
v -46.610401 14.329900 -0.697536
v -46.325901 14.329900 -0.247350
v -46.355099 14.329900 -0.322787
v -46.389198 14.329900 -0.410821
v -46.739498 14.329900 -0.795074
v -46.799900 14.329900 -0.825116
v -46.896500 14.329900 -0.873219
v -47.414200 14.329900 0.946452
v -48.090099 14.329900 0.436081
v -48.019001 14.329900 0.550776
v -47.997799 14.329900 0.585133
v -46.325901 14.329900 0.272610
v -46.298599 14.329900 0.126752
v -46.293701 14.329900 0.100285
v -46.798199 13.729900 -0.828550
v -46.609699 13.729900 -0.698455
v -47.869598 13.729900 -0.698455
v -48.021500 13.729900 -0.527031
v -48.127899 13.729900 -0.324244
v -47.681099 13.729900 0.853811
v -47.869598 13.729900 0.723715
v -46.457802 13.729900 0.552291
v -48.021500 13.729900 0.552291
v -47.012299 13.729900 0.935022
v -47.239700 13.729900 0.962627
v -46.296600 13.729900 -0.101877
v -46.351398 13.729900 -0.324244
v -47.466999 13.729900 -0.909762
v -47.681099 13.729900 -0.828550
v -48.182701 13.729900 0.127137
v -48.127899 13.729900 0.349504
v -48.182701 13.729900 -0.101877
v -47.466999 13.729900 0.935022
v -47.012299 13.729900 -0.909762
v -47.239700 13.729900 -0.937367
v -46.798199 13.729900 0.853811
v -46.457802 13.729900 -0.527031
v -46.609699 13.729900 0.723715
v -46.296600 13.729900 0.127137
v -46.351398 13.729900 0.349504
v -45.592899 13.729900 -0.139957
v -45.648998 13.729900 -0.439941
v -45.592899 13.729900 0.165217
v -45.759300 13.729900 -0.724515
v -45.919899 13.729900 -0.983985
v -45.648998 13.729900 0.465201
v -46.125500 13.729900 -1.209520
v -45.759300 13.729900 0.749776
v -46.369099 13.729900 -1.393430
v -46.642200 13.729900 -1.529460
v -46.935799 13.729900 -1.612980
v -47.239700 13.729900 -1.641130
v -47.543499 13.729900 -1.612980
v -47.837101 13.729900 -1.529460
v -48.110199 13.729900 -1.393430
v -48.353802 13.729900 -1.209520
v -48.559399 13.729900 -0.983985
v -48.720001 13.729900 -0.724515
v -45.919899 13.729900 1.009240
v -46.125500 13.729900 1.234780
v -46.369099 13.729900 1.418690
v -46.642200 13.729900 1.554720
v -46.935799 13.729900 1.638240
v -47.239700 13.729900 1.666390
v -47.543499 13.729900 1.638240
v -47.837101 13.729900 1.554720
v -48.110199 13.729900 1.418690
v -48.559399 13.729900 1.009240
v -48.720001 13.729900 0.749776
v -48.830299 13.729900 0.465201
v -48.830299 13.729900 -0.439941
v -48.353802 13.729900 1.234780
v -48.886398 13.729900 -0.139957
v -48.886398 13.729900 0.165217
v -45.652100 12.759900 0.464136
v -45.725201 12.759900 0.676937
v -45.636501 12.759900 0.418605
v -45.594200 12.759900 0.165012
v -45.591499 12.759900 0.149197
v -46.452499 12.759900 1.467070
v -48.456402 12.759900 -1.107430
v -48.026798 12.759900 -1.441810
v -45.636501 12.759900 -0.393345
v -47.511799 12.759900 1.643840
v -46.702702 12.759900 -1.551530
v -48.624100 12.759900 0.917150
v -46.223900 12.759900 -1.292420
v -48.026798 12.759900 1.467070
v -46.129299 12.759900 1.230630
v -46.223900 12.759900 1.317680
v -46.371899 12.759900 1.414370
v -46.022900 12.759900 1.132690
v -48.107399 12.759900 -1.389110
v -48.255402 12.759900 -1.292420
v -48.349998 12.759900 -1.205370
v -46.702702 12.759900 1.576790
v -46.643902 12.759900 1.551000
v -48.624100 12.759900 -0.891891
v -48.715900 12.759900 -0.722281
v -48.555099 12.759900 -0.980621
v -48.754101 12.759900 -0.651677
v -47.776600 12.759900 -1.551530
v -47.835400 12.759900 -1.525740
v -45.924198 12.759900 1.005880
v -45.855202 12.759900 0.917150
v -45.763401 12.759900 0.747541
v -48.842800 12.759900 0.418605
v -48.885101 12.759900 0.165012
v -45.591499 12.759900 -0.123937
v -45.594200 12.759900 -0.139751
v -48.887798 12.759900 0.149197
v -48.887798 12.759900 -0.123937
v -47.239700 12.759900 1.666390
v -46.967400 12.759900 1.643840
v -46.936298 12.759900 1.635960
v -46.936298 12.759900 -1.610700
v -46.967400 12.759900 -1.618580
v -48.555099 12.759900 1.005880
v -48.456402 12.759900 1.132690
v -48.827202 12.759900 0.464136
v -48.754101 12.759900 0.676937
v -48.715900 12.759900 0.747541
v -45.725201 12.759900 -0.651677
v -45.763401 12.759900 -0.722281
v -45.652100 12.759900 -0.438875
v -47.835400 12.759900 1.551000
v -47.776600 12.759900 1.576790
v -47.542900 12.759900 1.635960
v -46.371899 12.759900 -1.389110
v -46.452499 12.759900 -1.441810
v -46.643902 12.759900 -1.525740
v -45.855202 12.759900 -0.891891
v -45.924198 12.759900 -0.980621
v -46.022900 12.759900 -1.107430
v -46.129299 12.759900 -1.205370
v -48.349998 12.759900 1.230630
v -48.255402 12.759900 1.317680
v -48.107399 12.759900 1.414370
v -48.827202 12.759900 -0.438875
v -48.842800 12.759900 -0.393345
v -48.885101 12.759900 -0.139751
v -47.239700 12.759900 -1.641130
v -47.511799 12.759900 -1.618580
v -47.542900 12.759900 -1.610700
v -47.239700 12.459900 1.999580
v -47.516201 12.459900 1.980240
v -46.963100 12.459900 1.980240
v -46.913200 12.459900 1.969630
v -46.692001 12.459900 1.922610
v -46.596001 12.459900 1.887690
v -46.431499 12.459900 1.827800
v -46.296200 12.459900 1.755870
v -46.186699 12.459900 1.697660
v -46.021500 12.459900 1.577570
v -45.962502 12.459900 1.534720
v -45.778801 12.459900 1.357340
v -45.763100 12.459900 1.342160
v -47.101002 12.459900 -1.969480
v -48.172501 12.459900 -1.741740
v -48.184799 12.459900 -1.734020
v -48.407600 12.459900 -1.594840
v -48.457802 12.459900 -1.552670
v -48.619900 12.459900 -1.416660
v -48.698002 12.459900 -1.329930
v -48.805401 12.459900 -1.210660
v -48.899200 12.459900 -1.071540
v -48.960400 12.459900 -0.980844
v -49.056400 12.459900 -0.784105
v -49.081902 12.459900 -0.731691
v -49.165298 12.459900 -0.474981
v -49.167599 12.459900 -0.468056
v -49.215698 12.459900 -0.195062
v -48.716202 12.459900 1.342160
v -48.700500 12.459900 1.357340
v -48.516800 12.459900 1.534720
v -48.457802 12.459900 1.577570
v -48.292599 12.459900 1.697660
v -48.183102 12.459900 1.755870
v -48.047798 12.459900 1.827800
v -47.378300 12.459900 -1.969480
v -47.566101 12.459900 -1.943080
v -47.652802 12.459900 -1.930900
v -47.884201 12.459900 -1.864530
v -47.919201 12.459900 -1.854490
v -45.282902 12.459900 0.357657
v -45.263802 12.459900 0.176253
v -45.592400 12.459900 1.123720
v -45.577801 12.459900 1.098480
v -45.453800 12.459900 0.883650
v -45.423801 12.459900 0.809284
v -45.349899 12.459900 0.626630
v -45.318199 12.459900 0.499228
v -45.253899 12.459900 0.081973
v -45.262100 12.459900 -0.151361
v -49.217201 12.459900 -0.151361
v -49.225399 12.459900 0.081973
v -49.215500 12.459900 0.176253
v -49.196400 12.459900 0.357657
v -49.161098 12.459900 0.499228
v -49.129299 12.459900 0.626630
v -49.055500 12.459900 0.809284
v -49.025501 12.459900 0.883650
v -48.901501 12.459900 1.098480
v -48.886902 12.459900 1.123720
v -47.883301 12.459900 1.887690
v -47.787300 12.459900 1.922610
v -47.566101 12.459900 1.969630
v -45.263599 12.459900 -0.195062
v -45.311699 12.459900 -0.468056
v -45.313999 12.459900 -0.474981
v -45.397400 12.459900 -0.731691
v -45.423000 12.459900 -0.784105
v -45.518902 12.459900 -0.980844
v -45.580101 12.459900 -1.071540
v -45.673901 12.459900 -1.210660
v -45.781300 12.459900 -1.329930
v -45.859402 12.459900 -1.416660
v -46.021500 12.459900 -1.552670
v -46.071800 12.459900 -1.594840
v -46.294498 12.459900 -1.734020
v -46.306801 12.459900 -1.741740
v -46.560101 12.459900 -1.854490
v -46.595100 12.459900 -1.864530
v -46.826500 12.459900 -1.930900
v -46.913200 12.459900 -1.943080
v -47.239700 10.459900 2.807630
v -47.434101 10.459900 2.794030
v -47.045200 10.459900 2.794030
v -46.850700 10.459900 2.780430
v -46.660000 10.459900 2.739890
v -46.469200 10.459900 2.699360
v -46.285999 10.459900 2.632670
v -46.102798 10.459900 2.565990
v -45.930698 10.459900 2.474460
v -45.758499 10.459900 2.382920
v -45.600800 10.459900 2.268320
v -45.443100 10.459900 2.153720
v -45.302799 10.459900 2.018290
v -45.162601 10.459900 1.882850
v -45.042500 10.459900 1.729210
v -48.373699 10.459900 -2.534510
v -48.551800 10.459900 -2.455210
v -48.717201 10.459900 -2.351890
v -48.882500 10.459900 -2.248570
v -49.031898 10.459900 -2.123250
v -49.181198 10.459900 -1.997920
v -49.311699 10.459900 -1.853030
v -49.442101 10.459900 -1.708140
v -49.551201 10.459900 -1.546510
v -49.660198 10.459900 -1.384870
v -49.745701 10.459900 -1.209630
v -49.831100 10.459900 -1.034400
v -49.891399 10.459900 -0.848968
v -49.951599 10.459900 -0.663541
v -49.985500 10.459900 -0.471534
v -50.019299 10.459900 -0.279527
v -50.026100 10.459900 -0.084676
v -50.032902 10.459900 0.110172
v -50.012600 10.459900 0.304073
v -49.992199 10.459900 0.497974
v -49.945000 10.459900 0.687154
v -49.897900 10.459900 0.876330
v -46.105598 10.459900 -2.534510
v -46.283699 10.459900 -2.613810
v -46.471100 10.459900 -2.667550
v -46.658501 10.459900 -2.721290
v -46.851601 10.459900 -2.748430
v -47.044701 10.459900 -2.775560
v -47.434601 10.459900 -2.775560
v -47.627701 10.459900 -2.748430
v -47.820801 10.459900 -2.721290
v -48.008202 10.459900 -2.667550
v -48.195599 10.459900 -2.613810
v -49.824799 10.459900 1.057100
v -44.922501 10.459900 1.575570
v -44.825001 10.459900 1.406720
v -44.727501 10.459900 1.237880
v -44.654499 10.459900 1.057100
v -44.581501 10.459900 0.876330
v -44.534302 10.459900 0.687154
v -44.487099 10.459900 0.497974
v -44.466702 10.459900 0.304073
v -44.446400 10.459900 0.110172
v -44.453201 10.459900 -0.084676
v -49.751801 10.459900 1.237880
v -49.654301 10.459900 1.406720
v -49.556801 10.459900 1.575570
v -49.436798 10.459900 1.729210
v -49.316700 10.459900 1.882850
v -49.176498 10.459900 2.018290
v -49.036201 10.459900 2.153720
v -48.878502 10.459900 2.268320
v -48.720798 10.459900 2.382920
v -48.548599 10.459900 2.474460
v -48.376499 10.459900 2.565990
v -48.193298 10.459900 2.632670
v -48.010101 10.459900 2.699360
v -47.819302 10.459900 2.739890
v -47.628601 10.459900 2.780430
v -44.459999 10.459900 -0.279527
v -44.493801 10.459900 -0.471534
v -44.527699 10.459900 -0.663541
v -44.587898 10.459900 -0.848968
v -44.648201 10.459900 -1.034400
v -44.733601 10.459900 -1.209630
v -44.819099 10.459900 -1.384870
v -44.928101 10.459900 -1.546510
v -45.037201 10.459900 -1.708140
v -45.167599 10.459900 -1.853030
v -45.298100 10.459900 -1.997920
v -45.447399 10.459900 -2.123250
v -45.596802 10.459900 -2.248570
v -45.762100 10.459900 -2.351890
v -45.927502 10.459900 -2.455210
v 5.403460 5.125580 -1.996050
v 5.387740 5.618030 -1.902110
v 5.352030 6.071650 -1.688650
v 5.298560 6.457940 -1.369090
v 5.230700 6.752610 -0.963507
v 5.152720 6.937170 -0.497379
v 5.116070 6.964830 -0.278381
v 5.069500 7.000000 0.000000
v 5.023000 6.964890 0.277929
v 5.398190 4.625240 -1.964570
v 5.372270 4.148440 -1.809650
v 5.327330 3.725150 -1.541030
v 5.266180 3.381970 -1.175570
v 5.192680 3.140450 -0.736249
v 5.111440 3.015770 -0.250666
v 5.027560 3.015770 0.250666
v 11.169700 7.000000 -66.760201
v 11.660200 6.937170 -66.678200
v 12.120000 6.752610 -66.601196
v 12.520000 6.457940 -66.534302
v 12.835200 6.071650 -66.481598
v 13.045700 5.618030 -66.446404
v 13.138400 5.125580 -66.430901
v 13.107300 4.625240 -66.436096
v 11.416900 3.015770 -66.718903
v 10.922400 3.015770 -66.801598
v 11.895800 3.140450 -66.638702
v 12.329100 3.381970 -66.566200
v 12.689600 3.725150 -66.505898
v 12.954500 4.148440 -66.461601
v 10.679100 6.937170 -66.842300
v 10.219400 6.752610 -66.919197
v 9.819350 6.457940 -66.986198
v 9.504170 6.071650 -67.038902
v 9.293640 5.618030 -67.074097
v 9.200990 5.125580 -67.089600
v 9.232030 4.625240 -67.084396
v 9.384830 4.148440 -67.058899
v 9.649780 3.725150 -67.014503
v 10.010200 3.381970 -66.954201
v 10.443500 3.140450 -66.881699
v 0.334522 6.937170 -5.013530
v 0.071780 6.831690 -5.057490
v -0.125215 6.752610 -5.090450
v -0.296626 6.626350 -5.119130
v -0.525242 6.457940 -5.157380
v -0.840423 6.071650 -5.210110
v -0.960742 5.812410 -5.230240
v -1.050950 5.618030 -5.245330
v -1.143610 5.125580 -5.260840
v -1.047090 4.420930 -5.244690
v -0.959762 4.148440 -5.230080
v 0.098927 3.140450 -5.052950
v -0.148704 3.278480 -5.094380
v -0.334371 3.381970 -5.125440
v -0.694817 3.725150 -5.185750
v -0.808345 3.906530 -5.204740
v -1.130300 4.911180 -5.258610
v -1.112560 4.625240 -5.255640
v 0.033432 8.000000 -12.319800
v 0.653145 8.000000 -16.023800
v 1.402970 8.000000 -20.505400
v 2.152960 8.000000 -24.988100
v 2.839450 8.000000 -29.091200
v 3.975150 8.000000 -35.879101
v 4.566600 8.000000 -39.414200
v 4.973460 8.000000 -41.845901
v 4.252410 8.000000 -37.536301
v 3.464700 8.000000 -32.828201
v 2.318800 8.000000 -25.979300
v 1.994840 8.000000 -24.042999
v 1.245020 8.000000 -19.561300
v 0.285816 8.000000 -13.828300
v 9.519510 7.000000 -56.897301
v 9.073670 6.942890 -56.971901
v 9.028950 6.937170 -56.979401
v 8.987040 6.920340 -56.986401
v 8.569210 6.752610 -57.056301
v 8.205650 6.484800 -57.117100
v 8.169180 6.457940 -57.123199
v 7.854000 6.071650 -57.175999
v 7.834810 6.030300 -57.179199
v 7.643470 5.618030 -57.211201
v 7.550820 5.125580 -57.226700
v 7.720730 4.191910 -57.198299
v 7.581870 4.625240 -57.221500
v 7.758820 4.109850 -57.191898
v 7.734660 4.148440 -57.195900
v 8.753850 3.162470 -57.025398
v 8.360050 3.381970 -57.091301
v 9.272280 3.015770 -56.938702
v 9.766740 3.015770 -56.855999
v 8.793350 3.140450 -57.018799
v 7.999610 3.725150 -57.151600
v 7.579040 4.670850 -57.222000
v 9.564230 6.994270 -56.889801
v 10.010100 6.937170 -56.815300
v 10.427900 6.769440 -56.745300
v 10.469800 6.752610 -56.738300
v 10.506300 6.725750 -56.732201
v 10.869800 6.457940 -56.671398
v 11.185000 6.071650 -56.618698
v 11.376400 5.659390 -56.586700
v 11.395500 5.618030 -56.583401
v 11.404000 5.573140 -56.582001
v 11.488200 5.125580 -56.567902
v 10.245700 3.140450 -56.775799
v 10.639500 3.359950 -56.709900
v 10.679000 3.381970 -56.703300
v 11.457200 4.625240 -56.573101
v 11.318300 4.191910 -56.596401
v 11.304400 4.148440 -56.598701
v 11.039400 3.725150 -56.643002
v 8.880730 8.000000 -40.959400
v 8.552690 8.000000 -38.998699
v 8.379260 8.000000 -37.962200
v 7.843450 8.000000 -34.759701
v 7.432970 8.000000 -32.306198
v 6.784620 8.000000 -28.431101
v 6.692520 8.000000 -27.880600
v 6.098120 8.000000 -24.327999
v 5.513980 8.000000 -20.836599
v 5.348130 8.000000 -19.845400
v 4.764150 8.000000 -16.354900
v 4.598310 8.000000 -15.363700
v 4.455680 8.000000 -14.511200
v 4.292560 8.000000 -13.536300
v 3.917740 8.000000 -11.296000
v 3.753070 8.000000 -10.311800
v 10.581800 16.929899 -61.876202
v 10.581800 16.929899 -61.756100
v 10.589700 16.929899 -61.816200
v 10.558600 16.929899 -61.932201
v 10.558600 16.929899 -61.700100
v 10.521700 16.929899 -61.980202
v 10.521700 16.929899 -61.652100
v 10.473700 16.929899 -62.017101
v 10.473700 16.929899 -61.615200
v 10.417700 16.929899 -62.040298
v 10.417700 16.929899 -61.591999
v 10.357600 16.929899 -62.048199
v 10.357600 16.929899 -61.584099
v 10.297600 16.929899 -62.040298
v 10.297600 16.929899 -61.591999
v 10.241600 16.929899 -62.017101
v 10.241600 16.929899 -61.615200
v 10.193600 16.929899 -61.980202
v 10.193600 16.929899 -61.652100
v 10.156700 16.929899 -61.932201
v 10.156700 16.929899 -61.700100
v 10.133500 16.929899 -61.876202
v 10.133500 16.929899 -61.756100
v 10.125600 16.929899 -61.816200
v 10.790700 17.929899 -61.566200
v 10.840600 17.929899 -61.686798
v 10.711200 17.929899 -61.462601
v 10.607600 17.929899 -61.383202
v 10.487100 17.929899 -61.333199
v 10.357600 17.929899 -61.316200
v 10.228200 17.929899 -61.333199
v 10.107600 17.929899 -61.383202
v 10.004100 17.929899 -61.462601
v 9.924630 17.929899 -61.566200
v 9.874680 17.929899 -61.686798
v 9.857650 17.929899 -61.816200
v 9.874680 17.929899 -61.945599
v 9.924630 17.929899 -62.066200
v 10.004100 17.929899 -62.169701
v 10.107600 17.929899 -62.249199
v 10.228200 17.929899 -62.299099
v 10.357600 17.929899 -62.316200
v 10.487100 17.929899 -62.299099
v 10.607600 17.929899 -62.249199
v 10.711200 17.929899 -62.169701
v 10.790700 17.929899 -62.066200
v 10.840600 17.929899 -61.945599
v 10.857600 17.929899 -61.816200
v 11.262300 17.929899 -61.900002
v 11.231500 17.929899 -62.064800
v 11.262300 17.929899 -61.732300
v 11.171000 17.929899 -62.221100
v 11.082700 17.929899 -62.363701
v 11.231500 17.929899 -61.567501
v 10.969700 17.929899 -62.487598
v 11.171000 17.929899 -61.411201
v 10.835900 17.929899 -62.588600
v 10.685900 17.929899 -62.663399
v 10.524600 17.929899 -62.709301
v 10.357600 17.929899 -62.724701
v 10.190700 17.929899 -62.709301
v 10.029400 17.929899 -62.663399
v 9.879350 17.929899 -62.588600
v 9.745550 17.929899 -62.487598
v 9.632590 17.929899 -62.363701
v 9.544330 17.929899 -62.221100
v 11.082700 17.929899 -61.268600
v 10.969700 17.929899 -61.144699
v 10.835900 17.929899 -61.043701
v 10.685900 17.929899 -60.968899
v 10.524600 17.929899 -60.923100
v 10.357600 17.929899 -60.907600
v 10.190700 17.929899 -60.923100
v 10.029400 17.929899 -60.968899
v 9.745550 17.929899 -61.144699
v 9.632590 17.929899 -61.268600
v 9.879350 17.929899 -61.043701
v 9.544330 17.929899 -61.411201
v 9.452950 17.929899 -61.732300
v 9.483760 17.929899 -62.064800
v 9.452950 17.929899 -61.900002
v 9.483760 17.929899 -61.567501
v 11.940300 15.179900 -62.266499
v 11.830600 15.179900 -62.549599
v 11.670700 15.179900 -62.807800
v 11.466200 15.179900 -63.032200
v 11.223900 15.179900 -63.215099
v 10.952000 15.179900 -63.350498
v 10.660000 15.179900 -63.433601
v 10.357600 15.179900 -63.461601
v 10.055300 15.179900 -63.433601
v 9.763250 15.179900 -63.350498
v 9.491440 15.179900 -63.215099
v 9.249120 15.179900 -63.032200
v 9.044560 15.179900 -62.807800
v 8.884710 15.179900 -62.549599
v 8.775030 15.179900 -62.266499
v 8.719230 15.179900 -61.967999
v 8.719230 15.179900 -61.664299
v 8.775030 15.179900 -61.365898
v 8.884710 15.179900 -61.082699
v 9.044560 15.179900 -60.824600
v 9.249120 15.179900 -60.600201
v 9.491440 15.179900 -60.417198
v 9.763250 15.179900 -60.281799
v 10.055300 15.179900 -60.198799
v 10.357600 15.179900 -60.170700
v 10.660000 15.179900 -60.198799
v 10.952000 15.179900 -60.281799
v 11.223900 15.179900 -60.417198
v 11.466200 15.179900 -60.600201
v 11.670700 15.179900 -60.824600
v 11.830600 15.179900 -61.082699
v 11.940300 15.179900 -61.365898
v 11.996100 15.179900 -61.664299
v 11.996100 15.179900 -61.967999
v 11.466200 15.129900 -63.032200
v 11.223900 15.129900 -63.215099
v 11.670700 15.129900 -62.807800
v 11.830600 15.129900 -62.549599
v 11.940300 15.129900 -62.266499
v 11.996100 15.129900 -61.967999
v 11.996100 15.129900 -61.664299
v 11.940300 15.129900 -61.365898
v 11.830600 15.129900 -61.082699
v 11.670700 15.129900 -60.824600
v 11.466200 15.129900 -60.600201
v 11.223900 15.129900 -60.417198
v 10.952000 15.129900 -60.281799
v 10.660000 15.129900 -60.198799
v 10.357600 15.129900 -60.170700
v 10.055300 15.129900 -60.198799
v 9.763250 15.129900 -60.281799
v 9.491440 15.129900 -60.417198
v 9.249120 15.129900 -60.600201
v 9.044560 15.129900 -60.824600
v 8.884710 15.129900 -61.082699
v 8.775030 15.129900 -61.365898
v 8.719230 15.129900 -61.664299
v 8.719230 15.129900 -61.967999
v 8.775030 15.129900 -62.266499
v 8.884710 15.129900 -62.549599
v 9.044560 15.129900 -62.807800
v 9.249120 15.129900 -63.032200
v 9.491440 15.129900 -63.215099
v 9.763250 15.129900 -63.350498
v 10.055300 15.129900 -63.433601
v 10.357600 15.129900 -63.461601
v 10.660000 15.129900 -63.433601
v 10.952000 15.129900 -63.350498
v 9.728370 14.329900 -61.105999
v 9.857540 14.329900 -61.008499
v 9.917870 14.329900 -60.978401
v 10.014500 14.329900 -60.930302
v 10.131200 14.329900 -60.897099
v 9.917870 14.329900 -62.653900
v 10.584000 14.329900 -62.735199
v 11.242200 14.329900 -61.480701
v 11.137000 14.329900 -62.354301
v 9.599530 14.329900 -62.388699
v 9.578260 14.329900 -62.354301
v 9.717630 14.329900 -61.114101
v 11.298600 14.329900 -61.930302
v 11.303600 14.329900 -61.903801
v 10.357600 14.329900 -60.866199
v 10.532200 14.329900 -60.882301
v 10.584000 14.329900 -60.897099
v 9.507240 14.329900 -62.239601
v 9.473140 14.329900 -62.151600
v 9.443910 14.329900 -62.076099
v 9.857540 14.329900 -62.623901
v 9.728370 14.329900 -62.526299
v 9.717630 14.329900 -62.518200
v 9.416650 14.329900 -61.930302
v 9.411700 14.329900 -61.903801
v 9.411700 14.329900 -61.728500
v 9.416650 14.329900 -61.702000
v 9.443910 14.329900 -61.556198
v 10.532200 14.329900 -62.750000
v 10.357600 14.329900 -62.766201
v 10.183100 14.329900 -62.750000
v 10.131200 14.329900 -62.735199
v 10.014500 14.329900 -62.702000
v 10.700800 14.329900 -60.930302
v 10.797400 14.329900 -60.978401
v 10.857800 14.329900 -61.008499
v 9.473140 14.329900 -61.480701
v 10.986900 14.329900 -61.105999
v 10.997700 14.329900 -61.114101
v 11.115800 14.329900 -61.243698
v 11.137000 14.329900 -61.278000
v 11.208100 14.329900 -61.392700
v 11.115800 14.329900 -62.388699
v 10.997700 14.329900 -62.518200
v 10.986900 14.329900 -62.526299
v 11.271400 14.329900 -62.076099
v 11.242200 14.329900 -62.151600
v 11.208100 14.329900 -62.239601
v 10.857800 14.329900 -62.623901
v 10.797400 14.329900 -62.653900
v 10.700800 14.329900 -62.702000
v 10.183100 14.329900 -60.882301
v 9.507240 14.329900 -61.392700
v 9.578260 14.329900 -61.278000
v 9.599530 14.329900 -61.243698
v 11.271400 14.329900 -61.556198
v 11.298600 14.329900 -61.702000
v 11.303600 14.329900 -61.728500
v 10.799100 13.729900 -62.657299
v 10.987600 13.729900 -62.527199
v 9.727680 13.729900 -62.527199
v 9.575810 13.729900 -62.355801
v 9.469380 13.729900 -62.153000
v 9.916160 13.729900 -60.974998
v 9.727680 13.729900 -61.105099
v 11.139500 13.729900 -61.276501
v 9.575810 13.729900 -61.276501
v 10.585000 13.729900 -60.893799
v 10.357600 13.729900 -60.866199
v 11.300700 13.729900 -61.930698
v 11.245900 13.729900 -62.153000
v 10.130300 13.729900 -62.738602
v 9.916160 13.729900 -62.657299
v 9.414570 13.729900 -61.701698
v 9.469380 13.729900 -61.479301
v 9.414570 13.729900 -61.930698
v 10.130300 13.729900 -60.893799
v 10.585000 13.729900 -62.738602
v 10.357600 13.729900 -62.766201
v 10.799100 13.729900 -60.974998
v 11.139500 13.729900 -62.355801
v 10.987600 13.729900 -61.105099
v 11.300700 13.729900 -61.701698
v 11.245900 13.729900 -61.479301
v 12.004400 13.729900 -61.968800
v 11.948300 13.729900 -62.268700
v 12.004400 13.729900 -61.663601
v 11.838000 13.729900 -62.553299
v 11.677400 13.729900 -62.812801
v 11.948300 13.729900 -61.363602
v 11.471800 13.729900 -63.038300
v 11.838000 13.729900 -61.078999
v 11.228200 13.729900 -63.222198
v 10.955100 13.729900 -63.358299
v 10.661500 13.729900 -63.441799
v 10.357600 13.729900 -63.469898
v 10.053800 13.729900 -63.441799
v 9.760240 13.729900 -63.358299
v 9.487050 13.729900 -63.222198
v 9.243510 13.729900 -63.038300
v 9.037910 13.729900 -62.812801
v 8.877250 13.729900 -62.553299
v 11.677400 13.729900 -60.819599
v 11.471800 13.729900 -60.594002
v 11.228200 13.729900 -60.410099
v 10.955100 13.729900 -60.274101
v 10.661500 13.729900 -60.190601
v 10.357600 13.729900 -60.162399
v 10.053800 13.729900 -60.190601
v 9.760240 13.729900 -60.274101
v 9.487050 13.729900 -60.410099
v 9.037910 13.729900 -60.819599
v 8.877250 13.729900 -61.078999
v 8.767010 13.729900 -61.363602
v 8.767010 13.729900 -62.268700
v 9.243510 13.729900 -60.594002
v 8.710930 13.729900 -61.968800
v 8.710930 13.729900 -61.663601
v 11.945200 12.759900 -61.364700
v 11.872100 12.759900 -61.151901
v 11.960800 12.759900 -61.410198
v 12.003100 12.759900 -61.663799
v 12.005800 12.759900 -61.679600
v 11.144800 12.759900 -60.361698
v 9.140930 12.759900 -62.936199
v 9.570540 12.759900 -63.270599
v 11.960800 12.759900 -62.222099
v 10.085400 12.759900 -60.185001
v 10.894600 12.759900 -63.380299
v 8.973170 12.759900 -60.911598
v 11.373400 12.759900 -63.121201
v 9.570540 12.759900 -60.361698
v 11.468000 12.759900 -60.598202
v 11.373400 12.759900 -60.511101
v 11.225400 12.759900 -60.414398
v 11.574400 12.759900 -60.696098
v 9.489870 12.759900 -63.217899
v 9.341880 12.759900 -63.121201
v 9.247320 12.759900 -63.034199
v 10.894600 12.759900 -60.251999
v 10.953400 12.759900 -60.277802
v 8.973170 12.759900 -62.720699
v 8.881380 12.759900 -62.551102
v 9.042230 12.759900 -62.809399
v 8.843170 12.759900 -62.480499
v 9.820670 12.759900 -63.380299
v 9.761870 12.759900 -63.354500
v 11.673100 12.759900 -60.822899
v 11.742100 12.759900 -60.911598
v 11.833900 12.759900 -61.081299
v 8.754480 12.759900 -61.410198
v 8.712170 12.759900 -61.663799
v 12.005800 12.759900 -61.952702
v 12.003100 12.759900 -61.968498
v 8.709530 12.759900 -61.679600
v 8.709530 12.759900 -61.952702
v 10.357600 12.759900 -60.162399
v 10.629800 12.759900 -60.185001
v 10.660900 12.759900 -60.192799
v 10.660900 12.759900 -63.439499
v 10.629800 12.759900 -63.447399
v 9.042230 12.759900 -60.822899
v 9.140930 12.759900 -60.696098
v 8.770110 12.759900 -61.364700
v 8.843170 12.759900 -61.151901
v 8.881380 12.759900 -61.081299
v 11.872100 12.759900 -62.480499
v 11.833900 12.759900 -62.551102
v 11.945200 12.759900 -62.267700
v 9.761870 12.759900 -60.277802
v 9.820670 12.759900 -60.251999
v 10.054300 12.759900 -60.192799
v 11.225400 12.759900 -63.217899
v 11.144800 12.759900 -63.270599
v 10.953400 12.759900 -63.354500
v 11.742100 12.759900 -62.720699
v 11.673100 12.759900 -62.809399
v 11.574400 12.759900 -62.936199
v 11.468000 12.759900 -63.034199
v 9.247320 12.759900 -60.598202
v 9.341880 12.759900 -60.511101
v 9.489870 12.759900 -60.414398
v 8.770110 12.759900 -62.267700
v 8.754480 12.759900 -62.222099
v 8.712170 12.759900 -61.968498
v 10.357600 12.759900 -63.469898
v 10.085400 12.759900 -63.447399
v 10.054300 12.759900 -63.439499
v 10.357600 12.459900 -59.829201
v 10.081100 12.459900 -59.848598
v 10.634200 12.459900 -59.848598
v 10.684100 12.459900 -59.859200
v 10.905300 12.459900 -59.906200
v 11.001300 12.459900 -59.941101
v 11.165800 12.459900 -60.000999
v 11.301100 12.459900 -60.072899
v 11.410600 12.459900 -60.131100
v 11.575800 12.459900 -60.251202
v 11.634800 12.459900 -60.294102
v 11.818500 12.459900 -60.471500
v 11.834200 12.459900 -60.486599
v 10.496200 12.459900 -63.798302
v 9.424830 12.459900 -63.570499
v 9.412480 12.459900 -63.562801
v 9.189740 12.459900 -63.423599
v 9.139480 12.459900 -63.381500
v 8.977390 12.459900 -63.245499
v 8.899300 12.459900 -63.158699
v 8.791910 12.459900 -63.039501
v 8.698070 12.459900 -62.900299
v 8.636890 12.459900 -62.809601
v 8.540940 12.459900 -62.612900
v 8.515380 12.459900 -62.560501
v 8.431970 12.459900 -62.303799
v 8.429710 12.459900 -62.296799
v 8.381580 12.459900 -62.023899
v 8.881050 12.459900 -60.486599
v 8.896780 12.459900 -60.471500
v 9.080460 12.459900 -60.294102
v 9.139440 12.459900 -60.251202
v 9.304720 12.459900 -60.131100
v 9.414210 12.459900 -60.072899
v 9.549480 12.459900 -60.000999
v 10.219000 12.459900 -63.798302
v 10.031200 12.459900 -63.771900
v 9.944540 12.459900 -63.759701
v 9.713100 12.459900 -63.693298
v 9.678070 12.459900 -63.683300
v 12.314400 12.459900 -61.471100
v 12.333500 12.459900 -61.652500
v 12.004900 12.459900 -60.705101
v 12.019500 12.459900 -60.730301
v 12.143500 12.459900 -60.945099
v 12.173500 12.459900 -61.019501
v 12.247300 12.459900 -61.202202
v 12.279100 12.459900 -61.329601
v 12.343400 12.459900 -61.746799
v 12.335200 12.459900 -61.980202
v 8.380050 12.459900 -61.980202
v 8.371910 12.459900 -61.746799
v 8.381810 12.459900 -61.652500
v 8.400880 12.459900 -61.471100
v 8.436180 12.459900 -61.329601
v 8.467940 12.459900 -61.202202
v 8.541740 12.459900 -61.019501
v 8.571790 12.459900 -60.945099
v 8.695810 12.459900 -60.730301
v 8.710390 12.459900 -60.705101
v 9.714030 12.459900 -59.941101
v 9.809970 12.459900 -59.906200
v 10.031200 12.459900 -59.859200
v 12.333700 12.459900 -62.023899
v 12.285600 12.459900 -62.296799
v 12.283300 12.459900 -62.303799
v 12.199900 12.459900 -62.560501
v 12.174300 12.459900 -62.612900
v 12.078400 12.459900 -62.809601
v 12.017200 12.459900 -62.900299
v 11.923400 12.459900 -63.039501
v 11.816000 12.459900 -63.158699
v 11.737900 12.459900 -63.245499
v 11.575800 12.459900 -63.381500
v 11.525500 12.459900 -63.423599
v 11.302800 12.459900 -63.562801
v 11.290500 12.459900 -63.570499
v 11.037200 12.459900 -63.683300
v 11.002200 12.459900 -63.693298
v 10.770800 12.459900 -63.759701
v 10.684100 12.459900 -63.771900
v 10.357600 10.459900 -59.021198
v 10.163200 10.459900 -59.034801
v 10.552100 10.459900 -59.034801
v 10.746600 10.459900 -59.048401
v 10.937300 10.459900 -59.088902
v 11.128100 10.459900 -59.129398
v 11.311300 10.459900 -59.196098
v 11.494500 10.459900 -59.262798
v 11.666600 10.459900 -59.354301
v 11.838800 10.459900 -59.445900
v 11.996500 10.459900 -59.560501
v 12.154200 10.459900 -59.675098
v 12.294500 10.459900 -59.810501
v 12.434700 10.459900 -59.945900
v 12.554800 10.459900 -60.099602
v 9.223580 10.459900 -64.363297
v 9.045470 10.459900 -64.283997
v 8.880130 10.459900 -64.180702
v 8.714780 10.459900 -64.077400
v 8.565430 10.459900 -63.952000
v 8.416070 10.459900 -63.826698
v 8.285610 10.459900 -63.681801
v 8.155150 10.459900 -63.536900
v 8.046130 10.459900 -63.375301
v 7.937100 10.459900 -63.213699
v 7.851630 10.459900 -63.038399
v 7.766160 10.459900 -62.863201
v 7.705910 10.459900 -62.677799
v 7.645660 10.459900 -62.492298
v 7.611810 10.459900 -62.300301
v 7.577950 10.459900 -62.108299
v 7.571150 10.459900 -61.913502
v 7.564350 10.459900 -61.718601
v 7.584720 10.459900 -61.524700
v 7.605100 10.459900 -61.330799
v 7.652270 10.459900 -61.141602
v 7.699440 10.459900 -60.952499
v 11.491700 10.459900 -64.363297
v 11.313600 10.459900 -64.442596
v 11.126200 10.459900 -64.496300
v 10.938800 10.459900 -64.550102
v 10.745700 10.459900 -64.577202
v 10.552600 10.459900 -64.604401
v 10.162700 10.459900 -64.604401
v 9.969600 10.459900 -64.577202
v 9.776530 10.459900 -64.550102
v 9.589120 10.459900 -64.496300
v 9.401700 10.459900 -64.442596
v 7.772480 10.459900 -60.771702
v 12.674800 10.459900 -60.253201
v 12.772300 10.459900 -60.422100
v 12.869800 10.459900 -60.590900
v 12.942800 10.459900 -60.771702
v 13.015800 10.459900 -60.952499
v 13.063000 10.459900 -61.141602
v 13.110200 10.459900 -61.330799
v 13.130600 10.459900 -61.524700
v 13.150900 10.459900 -61.718601
v 13.144100 10.459900 -61.913502
v 7.845510 10.459900 -60.590900
v 7.943000 10.459900 -60.422100
v 8.040480 10.459900 -60.253201
v 8.160520 10.459900 -60.099602
v 8.280550 10.459900 -59.945900
v 8.420800 10.459900 -59.810501
v 8.561050 10.459900 -59.675098
v 8.718780 10.459900 -59.560501
v 8.876520 10.459900 -59.445900
v 9.048660 10.459900 -59.354301
v 9.220810 10.459900 -59.262798
v 9.404030 10.459900 -59.196098
v 9.587240 10.459900 -59.129398
v 9.777950 10.459900 -59.088902
v 9.968660 10.459900 -59.048401
v 13.137300 10.459900 -62.108299
v 13.103500 10.459900 -62.300301
v 13.069600 10.459900 -62.492298
v 13.009400 10.459900 -62.677799
v 12.949100 10.459900 -62.863201
v 12.863700 10.459900 -63.038399
v 12.778200 10.459900 -63.213699
v 12.669200 10.459900 -63.375301
v 12.560100 10.459900 -63.536900
v 12.429700 10.459900 -63.681801
v 12.299200 10.459900 -63.826698
v 12.149900 10.459900 -63.952000
v 12.000500 10.459900 -64.077400
v 11.835200 10.459900 -64.180702
v 11.669800 10.459900 -64.283997
v -5.027560 3.015770 -0.250666
v -5.111440 3.015770 0.250666
v -5.192680 3.140450 0.736249
v -5.266180 3.381970 1.175570
v -5.327330 3.725150 1.541030
v -5.398190 4.625240 1.964570
v -5.403460 5.125580 1.996050
v -5.372270 4.148440 1.809650
v -5.031160 6.971050 -0.229142
v -5.069500 7.000000 0.000000
v -5.107770 6.971100 0.228770
v -5.152720 6.937170 0.497379
v -5.230700 6.752610 0.963507
v -5.298560 6.457940 1.369090
v -5.352030 6.071650 1.688650
v -5.387740 5.618030 1.902110
v -6.930990 7.000000 41.425999
v -7.421550 6.937170 41.343899
v -7.881290 6.752610 41.266998
v -8.281320 6.457940 41.200100
v -8.596500 6.071650 41.147301
v -8.807030 5.618030 41.112099
v -8.899680 5.125580 41.096600
v -8.868630 4.625240 41.101799
v -7.178220 3.015770 41.384602
v -6.683760 3.015770 41.467300
v -7.657150 3.140450 41.304501
v -8.090450 3.381970 41.231998
v -8.450890 3.725150 41.171700
v -8.715840 4.148440 41.127300
v -6.440430 6.937170 41.507999
v -5.980690 6.752610 41.584999
v -5.580670 6.457940 41.651901
v -5.265490 6.071650 41.704601
v -5.054960 5.618030 41.739899
v -4.962300 5.125580 41.755402
v -4.993350 4.625240 41.750198
v -5.146150 4.148440 41.724602
v -5.411090 3.725150 41.680302
v -5.771540 3.381970 41.619999
v -6.204840 3.140450 41.547501
v -0.334522 6.937170 5.013530
v -0.179438 6.874910 5.039480
v 0.125215 6.752610 5.090450
v 0.390301 6.557340 5.134800
v 0.525242 6.457940 5.157380
v 0.840423 6.071650 5.210110
v 0.911442 5.918630 5.221990
v 1.050950 5.618030 5.245330
v 1.112350 5.291700 5.255610
v 1.143610 5.125580 5.260840
v -0.098927 3.140450 5.052950
v 0.047238 3.221920 5.077400
v 0.334371 3.381970 5.125440
v 0.694817 3.725150 5.185750
v 1.112560 4.625240 5.255640
v 1.061020 4.464400 5.247020
v 0.959762 4.148440 5.230080
v -5.280830 7.000000 31.563101
v -4.834990 6.942890 31.637699
v -4.790270 6.937170 31.645100
v -4.748350 6.920340 31.652201
v -4.330530 6.752610 31.722099
v -3.966970 6.484800 31.782900
v -3.930500 6.457940 31.789000
v -3.615320 6.071650 31.841700
v -3.596130 6.030300 31.844900
v -3.404790 5.618030 31.876900
v -3.320580 5.170480 31.891001
v -3.312140 5.125580 31.892401
v -4.515170 3.162470 31.691200
v -4.121370 3.381970 31.757099
v -5.033600 3.015770 31.604401
v -5.528060 3.015770 31.521700
v -4.554670 3.140450 31.684601
v -3.760930 3.725150 31.817400
v -3.495980 4.148440 31.861700
v -3.357110 4.581770 31.884899
v -3.343180 4.625240 31.887300
v -5.325550 6.994270 31.555599
v -5.771390 6.937170 31.481001
v -6.189210 6.769440 31.411100
v -6.231120 6.752610 31.404100
v -6.267590 6.725750 31.398001
v -6.631150 6.457940 31.337099
v -6.946330 6.071650 31.284401
v -7.137670 5.659390 31.252399
v -7.156860 5.618030 31.249201
v -7.249520 5.125580 31.233700
v -6.824880 3.763740 31.304701
v -6.800730 3.725150 31.308800
v -6.006980 3.140450 31.441601
v -6.400780 3.359950 31.375700
v -6.440280 3.381970 31.369101
v -7.246690 5.079970 31.234200
v -7.218470 4.625240 31.238899
v -7.204540 4.581770 31.241199
v -7.065670 4.148440 31.264400
v -5.868720 16.929899 36.447102
v -5.868720 16.929899 36.567200
v -5.860810 16.929899 36.507198
v -5.891900 16.929899 36.391102
v -5.891900 16.929899 36.623199
v -5.928780 16.929899 36.343102
v -5.928780 16.929899 36.671200
v -5.976840 16.929899 36.306198
v -5.976840 16.929899 36.708099
v -6.032800 16.929899 36.283001
v -6.032800 16.929899 36.731300
v -6.092860 16.929899 36.275101
v -6.092860 16.929899 36.739201
v -6.152920 16.929899 36.283001
v -6.152920 16.929899 36.731300
v -6.208890 16.929899 36.306198
v -6.208890 16.929899 36.708099
v -6.256940 16.929899 36.343102
v -6.256940 16.929899 36.671200
v -6.293820 16.929899 36.391102
v -6.293820 16.929899 36.623199
v -6.317000 16.929899 36.447102
v -6.317000 16.929899 36.567200
v -6.324910 16.929899 36.507198
v -5.659850 17.929899 36.757198
v -5.609900 17.929899 36.636600
v -5.739310 17.929899 36.860699
v -5.842860 17.929899 36.940201
v -5.963450 17.929899 36.990101
v -6.092860 17.929899 37.007198
v -6.222270 17.929899 36.990101
v -6.342860 17.929899 36.940201
v -6.446410 17.929899 36.860699
v -6.525870 17.929899 36.757198
v -6.575820 17.929899 36.636600
v -6.592860 17.929899 36.507198
v -6.575820 17.929899 36.377800
v -6.525870 17.929899 36.257198
v -6.446410 17.929899 36.153599
v -6.342860 17.929899 36.074200
v -6.222270 17.929899 36.024200
v -6.092860 17.929899 36.007198
v -5.963450 17.929899 36.024200
v -5.842860 17.929899 36.074200
v -5.739310 17.929899 36.153599
v -5.659850 17.929899 36.257198
v -5.609900 17.929899 36.377800
v -5.592860 17.929899 36.507198
v -5.188170 17.929899 36.423302
v -5.218980 17.929899 36.258499
v -5.188170 17.929899 36.591000
v -5.279540 17.929899 36.102200
v -5.367810 17.929899 35.959599
v -5.218980 17.929899 36.755798
v -5.480760 17.929899 35.835701
v -5.279540 17.929899 36.912102
v -5.614560 17.929899 35.734699
v -5.764650 17.929899 35.660000
v -5.925910 17.929899 35.614101
v -6.092860 17.929899 35.598598
v -6.259810 17.929899 35.614101
v -6.421070 17.929899 35.660000
v -6.571160 17.929899 35.734699
v -6.704960 17.929899 35.835701
v -6.817910 17.929899 35.959599
v -6.906180 17.929899 36.102200
v -5.367810 17.929899 37.054699
v -5.480760 17.929899 37.178600
v -5.614560 17.929899 37.279598
v -5.764650 17.929899 37.354401
v -5.925910 17.929899 37.400299
v -6.092860 17.929899 37.415699
v -6.259810 17.929899 37.400299
v -6.421070 17.929899 37.354401
v -6.704960 17.929899 37.178600
v -6.817910 17.929899 37.054699
v -6.571160 17.929899 37.279598
v -6.906180 17.929899 36.912102
v -6.997550 17.929899 36.591000
v -6.966740 17.929899 36.258499
v -6.997550 17.929899 36.423302
v -6.966740 17.929899 36.755798
v -4.510240 15.179900 36.056900
v -4.619930 15.179900 35.773701
v -4.779780 15.179900 35.515598
v -4.984340 15.179900 35.291199
v -5.226660 15.179900 35.108200
v -5.498460 15.179900 34.972801
v -5.790520 15.179900 34.889801
v -6.092860 15.179900 34.861698
v -6.395210 15.179900 34.889801
v -6.687260 15.179900 34.972801
v -6.959070 15.179900 35.108200
v -7.201380 15.179900 35.291199
v -7.405940 15.179900 35.515598
v -7.565790 15.179900 35.773701
v -7.675470 15.179900 36.056900
v -7.731270 15.179900 36.355301
v -7.731270 15.179900 36.659000
v -7.675470 15.179900 36.957500
v -7.565790 15.179900 37.240601
v -7.405940 15.179900 37.498798
v -7.201380 15.179900 37.723202
v -6.959070 15.179900 37.906101
v -6.687260 15.179900 38.041500
v -6.395210 15.179900 38.124599
v -6.092860 15.179900 38.152599
v -5.790520 15.179900 38.124599
v -5.498460 15.179900 38.041500
v -5.226660 15.179900 37.906101
v -4.984340 15.179900 37.723202
v -4.779780 15.179900 37.498798
v -4.619930 15.179900 37.240601
v -4.510240 15.179900 36.957500
v -4.454450 15.179900 36.659000
v -4.454450 15.179900 36.355301
v -4.984340 15.129900 35.291199
v -5.226660 15.129900 35.108200
v -4.779780 15.129900 35.515598
v -4.619930 15.129900 35.773701
v -4.510240 15.129900 36.056900
v -4.454450 15.129900 36.355301
v -4.454450 15.129900 36.659000
v -4.510240 15.129900 36.957500
v -4.619930 15.129900 37.240601
v -4.779780 15.129900 37.498798
v -4.984340 15.129900 37.723202
v -5.226660 15.129900 37.906101
v -5.498460 15.129900 38.041500
v -5.790520 15.129900 38.124599
v -6.092860 15.129900 38.152599
v -6.395210 15.129900 38.124599
v -6.687260 15.129900 38.041500
v -6.959070 15.129900 37.906101
v -7.201380 15.129900 37.723202
v -7.405940 15.129900 37.498798
v -7.565790 15.129900 37.240601
v -7.675470 15.129900 36.957500
v -7.731270 15.129900 36.659000
v -7.731270 15.129900 36.355301
v -7.675470 15.129900 36.056900
v -7.565790 15.129900 35.773701
v -7.405940 15.129900 35.515598
v -7.201380 15.129900 35.291199
v -6.959070 15.129900 35.108200
v -6.687260 15.129900 34.972801
v -6.395210 15.129900 34.889801
v -6.092860 15.129900 34.861698
v -5.790520 15.129900 34.889801
v -5.498460 15.129900 34.972801
v -6.722130 14.329900 37.217300
v -6.592970 14.329900 37.314899
v -6.532640 14.329900 37.344898
v -6.436040 14.329900 37.393002
v -6.319260 14.329900 37.426201
v -6.532640 14.329900 35.669399
v -5.866460 14.329900 35.588100
v -5.208350 14.329900 36.842602
v -5.313470 14.329900 35.969002
v -6.850980 14.329900 35.934700
v -6.872250 14.329900 35.969002
v -6.732870 14.329900 37.209202
v -5.151860 14.329900 36.393002
v -5.146910 14.329900 36.419498
v -6.092860 14.329900 37.457199
v -5.918300 14.329900 37.441002
v -5.866460 14.329900 37.426201
v -6.943270 14.329900 36.083698
v -6.977370 14.329900 36.171700
v -7.006590 14.329900 36.247200
v -6.592970 14.329900 35.699501
v -6.722130 14.329900 35.797001
v -6.732870 14.329900 35.805099
v -7.033860 14.329900 36.393002
v -7.038810 14.329900 36.419498
v -7.038810 14.329900 36.594799
v -7.033860 14.329900 36.621300
v -7.006590 14.329900 36.767101
v -5.918300 14.329900 35.573299
v -6.092860 14.329900 35.557201
v -6.267420 14.329900 35.573299
v -6.319260 14.329900 35.588100
v -6.436040 14.329900 35.621300
v -5.749680 14.329900 37.393002
v -5.653080 14.329900 37.344898
v -5.592750 14.329900 37.314899
v -6.977370 14.329900 36.842602
v -5.463590 14.329900 37.217300
v -5.452850 14.329900 37.209202
v -5.334740 14.329900 37.079700
v -5.313470 14.329900 37.045300
v -5.242460 14.329900 36.930599
v -5.334740 14.329900 35.934700
v -5.452850 14.329900 35.805099
v -5.463590 14.329900 35.797001
v -5.179130 14.329900 36.247200
v -5.208350 14.329900 36.171700
v -5.242460 14.329900 36.083698
v -5.592750 14.329900 35.699501
v -5.653080 14.329900 35.669399
v -5.749680 14.329900 35.621300
v -6.267420 14.329900 37.441002
v -6.943270 14.329900 36.930599
v -6.872250 14.329900 37.045300
v -6.850980 14.329900 37.079700
v -5.179130 14.329900 36.767101
v -5.151860 14.329900 36.621300
v -5.146910 14.329900 36.594799
v -5.651370 13.729900 35.666000
v -5.462890 13.729900 35.796101
v -6.722830 13.729900 35.796101
v -6.874690 13.729900 35.967499
v -6.981130 13.729900 36.170300
v -6.534350 13.729900 37.348301
v -6.722830 13.729900 37.218300
v -5.311030 13.729900 37.046799
v -6.874690 13.729900 37.046799
v -5.865510 13.729900 37.429600
v -6.092860 13.729900 37.457199
v -5.149790 13.729900 36.392700
v -5.204590 13.729900 36.170300
v -6.320210 13.729900 35.584801
v -6.534350 13.729900 35.666000
v -7.035930 13.729900 36.621700
v -6.981130 13.729900 36.844002
v -7.035930 13.729900 36.392700
v -6.320210 13.729900 37.429600
v -5.865510 13.729900 35.584801
v -6.092860 13.729900 35.557201
v -5.651370 13.729900 37.348301
v -5.311030 13.729900 35.967499
v -5.462890 13.729900 37.218300
v -5.149790 13.729900 36.621700
v -5.204590 13.729900 36.844002
v -4.446150 13.729900 36.354599
v -4.502230 13.729900 36.054600
v -4.446150 13.729900 36.659801
v -4.612470 13.729900 35.770000
v -4.773130 13.729900 35.510502
v -4.502230 13.729900 36.959702
v -4.978730 13.729900 35.285000
v -4.612470 13.729900 37.244301
v -5.222270 13.729900 35.101101
v -5.495450 13.729900 34.965099
v -5.788980 13.729900 34.881599
v -6.092860 13.729900 34.853401
v -6.396740 13.729900 34.881599
v -6.690270 13.729900 34.965099
v -6.963450 13.729900 35.101101
v -7.206990 13.729900 35.285000
v -7.412590 13.729900 35.510502
v -7.573250 13.729900 35.770000
v -4.773130 13.729900 37.503799
v -4.978730 13.729900 37.729301
v -5.222270 13.729900 37.913200
v -5.495450 13.729900 38.049301
v -5.788980 13.729900 38.132801
v -6.092860 13.729900 38.160900
v -6.396740 13.729900 38.132801
v -6.690270 13.729900 38.049301
v -6.963450 13.729900 37.913200
v -7.412590 13.729900 37.503799
v -7.573250 13.729900 37.244301
v -7.683490 13.729900 36.959702
v -7.683490 13.729900 36.054600
v -7.206990 13.729900 37.729301
v -7.739570 13.729900 36.354599
v -7.739570 13.729900 36.659801
v -4.505330 12.759900 36.958698
v -4.578390 12.759900 37.171501
v -4.489700 12.759900 36.913101
v -4.447380 12.759900 36.659500
v -4.444740 12.759900 36.643700
v -5.305760 12.759900 37.961601
v -7.309570 12.759900 35.387100
v -6.879960 12.759900 35.052700
v -4.489700 12.759900 36.101200
v -6.365060 12.759900 38.138401
v -5.555880 12.759900 34.943001
v -7.477330 12.759900 37.411701
v -5.077100 12.759900 35.202099
v -6.879960 12.759900 37.961601
v -4.982540 12.759900 37.725201
v -5.077100 12.759900 37.812199
v -5.225090 12.759900 37.908901
v -4.876150 12.759900 37.627201
v -6.960630 12.759900 35.105400
v -7.108620 12.759900 35.202099
v -7.203180 12.759900 35.289200
v -5.555880 12.759900 38.071301
v -5.497080 12.759900 38.045502
v -7.477330 12.759900 35.602600
v -7.569120 12.759900 35.772301
v -7.408270 12.759900 35.513901
v -7.607330 12.759900 35.842899
v -6.629840 12.759900 34.943001
v -6.688640 12.759900 34.968800
v -4.777450 12.759900 37.500401
v -4.708380 12.759900 37.411701
v -4.616590 12.759900 37.242100
v -7.696020 12.759900 36.913101
v -7.738330 12.759900 36.659500
v -4.444740 12.759900 36.370602
v -4.447380 12.759900 36.354801
v -7.740970 12.759900 36.643700
v -7.740970 12.759900 36.370602
v -6.092860 12.759900 38.160900
v -5.820660 12.759900 38.138401
v -5.789560 12.759900 38.130501
v -5.789560 12.759900 34.883801
v -5.820660 12.759900 34.875999
v -7.408270 12.759900 37.500401
v -7.309570 12.759900 37.627201
v -7.680390 12.759900 36.958698
v -7.607330 12.759900 37.171501
v -7.569120 12.759900 37.242100
v -4.578390 12.759900 35.842899
v -4.616590 12.759900 35.772301
v -4.505330 12.759900 36.055698
v -6.688640 12.759900 38.045502
v -6.629840 12.759900 38.071301
v -6.396160 12.759900 38.130501
v -5.225090 12.759900 35.105400
v -5.305760 12.759900 35.052700
v -5.497080 12.759900 34.968800
v -4.708380 12.759900 35.602600
v -4.777450 12.759900 35.513901
v -4.876150 12.759900 35.387100
v -4.982540 12.759900 35.289200
v -7.203180 12.759900 37.725201
v -7.108620 12.759900 37.812199
v -6.960630 12.759900 37.908901
v -7.680390 12.759900 36.055698
v -7.696020 12.759900 36.101200
v -7.738330 12.759900 36.354801
v -6.092860 12.759900 34.853401
v -6.365060 12.759900 34.875999
v -6.396160 12.759900 34.883801
v -6.092860 12.459900 38.494099
v -6.369390 12.459900 38.474800
v -5.816330 12.459900 38.474800
v -5.766430 12.459900 38.464199
v -5.545190 12.459900 38.417099
v -5.449240 12.459900 38.382198
v -5.284700 12.459900 38.322300
v -5.149420 12.459900 38.250401
v -5.039940 12.459900 38.192200
v -4.874660 12.459900 38.072102
v -4.815670 12.459900 38.029301
v -4.631990 12.459900 37.851898
v -4.616270 12.459900 37.836700
v -5.954260 12.459900 34.525101
v -7.025680 12.459900 34.752800
v -7.038030 12.459900 34.760502
v -7.260760 12.459900 34.899700
v -7.311020 12.459900 34.941898
v -7.473110 12.459900 35.077900
v -7.551200 12.459900 35.164600
v -7.658590 12.459900 35.283901
v -7.752430 12.459900 35.423000
v -7.813610 12.459900 35.513699
v -7.909560 12.459900 35.710400
v -7.935120 12.459900 35.762798
v -8.018530 12.459900 36.019600
v -8.020790 12.459900 36.026501
v -8.068920 12.459900 36.299500
v -7.569450 12.459900 37.836700
v -7.553720 12.459900 37.851898
v -7.370040 12.459900 38.029301
v -7.311060 12.459900 38.072102
v -7.145780 12.459900 38.192200
v -7.036300 12.459900 38.250401
v -6.901020 12.459900 38.322300
v -6.231460 12.459900 34.525101
v -6.419320 12.459900 34.551498
v -6.505970 12.459900 34.563599
v -6.737410 12.459900 34.630001
v -6.772440 12.459900 34.639999
v -4.136100 12.459900 36.852200
v -4.117030 12.459900 36.670799
v -4.445610 12.459900 37.618301
v -4.431030 12.459900 37.592999
v -4.307000 12.459900 37.378201
v -4.276960 12.459900 37.303799
v -4.203160 12.459900 37.121201
v -4.171400 12.459900 36.993801
v -4.107120 12.459900 36.576500
v -4.115270 12.459900 36.343201
v -8.070450 12.459900 36.343201
v -8.078590 12.459900 36.576500
v -8.068690 12.459900 36.670799
v -8.049620 12.459900 36.852200
v -8.014320 12.459900 36.993801
v -7.982560 12.459900 37.121201
v -7.908760 12.459900 37.303799
v -7.878710 12.459900 37.378201
v -7.754690 12.459900 37.592999
v -7.740110 12.459900 37.618301
v -6.736480 12.459900 38.382198
v -6.640540 12.459900 38.417099
v -6.419290 12.459900 38.464199
v -4.116800 12.459900 36.299500
v -4.164930 12.459900 36.026501
v -4.167180 12.459900 36.019600
v -4.250590 12.459900 35.762798
v -4.276160 12.459900 35.710400
v -4.372110 12.459900 35.513699
v -4.433290 12.459900 35.423000
v -4.527120 12.459900 35.283901
v -4.634520 12.459900 35.164600
v -4.712610 12.459900 35.077900
v -4.874700 12.459900 34.941898
v -4.924960 12.459900 34.899700
v -5.147690 12.459900 34.760502
v -5.160040 12.459900 34.752800
v -5.413280 12.459900 34.639999
v -5.448310 12.459900 34.630001
v -5.679750 12.459900 34.563599
v -5.766400 12.459900 34.551498
v -6.092860 10.459900 39.302200
v -6.287350 10.459900 39.288601
v -5.898370 10.459900 39.288601
v -5.703870 10.459900 39.275002
v -5.513160 10.459900 39.234402
v -5.322450 10.459900 39.193901
v -5.139240 10.459900 39.127201
v -4.956030 10.459900 39.060501
v -4.783880 10.459900 38.969002
v -4.611740 10.459900 38.877499
v -4.454000 10.459900 38.762901
v -4.296270 10.459900 38.648300
v -4.156020 10.459900 38.512798
v -4.015770 10.459900 38.377399
v -3.895730 10.459900 38.223701
v -7.226920 10.459900 33.959999
v -7.405030 10.459900 34.039299
v -7.570370 10.459900 34.142601
v -7.735720 10.459900 34.245998
v -7.885070 10.459900 34.371300
v -8.034430 10.459900 34.496601
v -8.164890 10.459900 34.641499
v -8.295350 10.459900 34.786400
v -8.404370 10.459900 34.948002
v -8.513400 10.459900 35.109699
v -8.598870 10.459900 35.284901
v -8.684340 10.459900 35.460098
v -8.744590 10.459900 35.645599
v -8.804840 10.459900 35.831001
v -8.838690 10.459900 36.022999
v -8.872550 10.459900 36.215000
v -8.879350 10.459900 36.409901
v -8.886150 10.459900 36.604698
v -8.865780 10.459900 36.798599
v -8.845400 10.459900 36.992500
v -8.798230 10.459900 37.181702
v -8.751060 10.459900 37.370899
v -4.958800 10.459900 33.959999
v -5.136920 10.459900 33.880699
v -5.324330 10.459900 33.827000
v -5.511750 10.459900 33.773201
v -5.704820 10.459900 33.746101
v -5.897890 10.459900 33.719002
v -6.287830 10.459900 33.719002
v -6.480900 10.459900 33.746101
v -6.673970 10.459900 33.773201
v -6.861390 10.459900 33.827000
v -7.048810 10.459900 33.880699
v -8.678020 10.459900 37.551601
v -3.775700 10.459900 38.070099
v -3.678210 10.459900 37.901299
v -3.580730 10.459900 37.732399
v -3.507690 10.459900 37.551601
v -3.434660 10.459900 37.370899
v -3.387490 10.459900 37.181702
v -3.340320 10.459900 36.992500
v -3.319940 10.459900 36.798599
v -3.299560 10.459900 36.604698
v -3.306370 10.459900 36.409901
v -8.604990 10.459900 37.732399
v -8.507500 10.459900 37.901299
v -8.410020 10.459900 38.070099
v -8.289980 10.459900 38.223701
v -8.169950 10.459900 38.377399
v -8.029700 10.459900 38.512798
v -7.889450 10.459900 38.648300
v -7.731720 10.459900 38.762901
v -7.573980 10.459900 38.877499
v -7.401840 10.459900 38.969002
v -7.229690 10.459900 39.060501
v -7.046480 10.459900 39.127201
v -6.863270 10.459900 39.193901
v -6.672560 10.459900 39.234402
v -6.481850 10.459900 39.275002
v -3.313170 10.459900 36.215000
v -3.347030 10.459900 36.022999
v -3.380880 10.459900 35.831001
v -3.441130 10.459900 35.645599
v -3.501380 10.459900 35.460098
v -3.586850 10.459900 35.284901
v -3.672320 10.459900 35.109699
v -3.781340 10.459900 34.948002
v -3.890370 10.459900 34.786400
v -4.020830 10.459900 34.641499
v -4.151290 10.459900 34.496601
v -4.300640 10.459900 34.371300
v -4.450000 10.459900 34.245998
v -4.615340 10.459900 34.142601
v -4.780690 10.459900 34.039299
v 0.892642 6.937170 -2.321130
v 0.772542 6.953310 -2.377640
v 1.069920 6.862490 -2.237700
v 1.330760 6.752610 -2.114960
v 1.339570 6.745800 -2.110820
v 0.772542 3.046310 -2.377640
v 1.117160 3.140450 -2.215480
v 1.284000 3.238030 -2.136970
v 1.339570 3.270540 -2.110820
v 0.156976 6.909780 2.495070
v 0.260791 6.870530 2.475260
v 0.572718 6.752610 2.415760
v 0.772542 6.613990 2.377640
v 0.501185 3.227830 2.429400
v 0.772542 3.370270 2.377640
v 0.334705 3.140450 2.461160
v 0.156976 3.096880 2.495070
v -0.411467 7.000000 2.459300
v -0.092321 6.959820 2.479380
v 0.087573 6.937170 2.490700
v -0.468452 6.992830 2.455720
v -0.159963 3.015770 2.475130
v -0.468452 3.015770 2.455720
v 1.546990 6.576600 -1.939230
v 1.692440 6.457940 -1.818890
v 1.822420 6.281530 -1.711370
v 1.520090 3.381970 -1.961480
v 1.822420 3.700740 -1.711370
v -1.064450 6.392620 -2.262070
v -1.365640 6.071650 -2.070920
v -1.511300 5.798770 -1.978490
v -1.593560 5.644660 -1.926280
v -1.502890 4.148440 -1.983820
v -1.593560 4.394430 -1.926280
v -1.320010 3.894390 -2.099880
v -1.198180 3.725150 -2.177200
v -1.064450 3.614440 -2.262070
v -1.816710 6.071650 -1.688650
v -1.616260 5.618030 -1.902110
v -1.609020 5.618030 -1.909820
v -1.613130 5.600570 -1.905440
v -2.022540 6.336610 -1.469460
v -1.703080 4.148440 -1.809650
v -1.610080 4.435640 -1.908690
v -1.613130 4.443250 -1.905440
v -1.955340 3.725150 -1.541030
v -2.022540 3.657950 -1.469460
v 2.466460 6.966460 0.265524
v 2.500000 7.000000 0.000000
v 2.437170 6.937170 0.497379
v 2.421460 6.887930 0.621724
v 2.468330 3.015770 0.250666
v 2.500000 3.015770 0.000000
v 2.421460 3.111040 0.621724
v -2.480290 3.031860 0.313333
v -2.371700 3.140450 0.736249
v -2.324440 3.241640 0.920311
v -2.433030 6.937170 0.497379
v -2.480290 6.960420 0.313333
v -2.324440 6.769720 0.920311
v 2.202170 3.381970 -1.175570
v 2.190770 3.409020 -1.204380
v 2.376110 3.140450 -0.736249
v 2.421460 3.111040 -0.621724
v 2.286140 6.752610 -0.963507
v 2.190770 6.577610 -1.204380
v 2.421460 6.887930 -0.621724
v 2.071100 6.457940 -1.369090
v 1.898230 6.170330 -1.607020
v 1.946180 3.725150 -1.541030
v 1.843840 3.725150 -1.681880
v 1.898230 3.829150 -1.607020
v -0.334203 3.140450 -2.464160
v -0.468452 3.212470 -2.455720
v 0.156976 3.017370 -2.495070
v 0.156976 6.967550 -2.495070
v -0.089437 6.937170 -2.479560
v -0.373875 6.827260 -2.461670
v -0.468452 6.790720 -2.455720
v 0.163104 3.015770 -2.493900
v 0.655684 3.015770 -2.399930
v 0.409394 7.000000 -2.446920
v 0.211192 6.974520 -2.484720
v 0.699939 6.962640 -2.391490
v -2.480290 3.015770 -0.250666
v -2.480290 3.031860 -0.313333
v -2.480290 3.015770 0.250666
v -2.480290 6.969490 -0.241520
v -2.480290 6.960420 -0.313333
v -2.480290 7.000000 0.000000
v -2.480290 6.969490 0.241520
v -2.184110 3.381970 -1.175570
v -2.324440 3.241640 -0.920311
v -2.077720 6.457940 -1.369090
v -2.300690 6.752610 -0.963507
v -2.324440 6.769720 -0.920311
v -0.799014 3.381970 -2.348310
v -0.608872 3.284470 -2.410090
v -0.571643 6.752610 -2.422190
v -0.746918 6.633840 -2.365240
v -1.006510 6.457940 -2.280890
v 2.468330 3.015770 -0.250666
v 2.437170 6.937170 -0.497379
v 2.466460 6.966460 -0.265524
v 2.376110 3.140450 0.736249
v 2.202170 3.381970 1.175570
v 2.190770 3.409020 1.204380
v 2.286140 6.752610 0.963507
v 2.190770 6.577610 1.204380
v 0.846846 6.564940 2.342680
v 1.008930 6.457940 2.266400
v 1.339570 6.094780 2.110820
v 1.198150 3.725150 2.177360
v 1.339570 3.927630 2.110820
v 0.795950 3.381970 2.366630
v -1.064450 3.125130 2.262070
v -1.119140 3.140450 2.227360
v -1.375930 3.294470 2.064390
v -1.521820 3.381970 1.971810
v -1.593560 3.455470 1.926280
v -1.064450 6.866220 2.262070
v -1.173020 6.819320 2.193160
v -1.327440 6.752610 2.095170
v -1.462260 6.645750 2.009610
v -1.593560 6.541670 1.926280
v -2.300690 6.752610 0.963507
v -2.077720 6.457940 1.369090
v -2.022540 6.336610 1.469460
v -2.184110 3.381970 1.175570
v -2.022540 3.657950 1.469460
v -1.840700 3.725150 1.663100
v -1.955340 3.725150 1.541030
v -1.895520 3.825530 1.604730
v -1.692740 6.457940 1.820670
v -1.895520 6.173110 1.604730
v -2.371700 3.140450 -0.736249
v -2.433030 6.937170 -0.497379
v 1.946180 3.725150 1.541030
v 1.822420 3.993570 1.711370
v 2.071100 6.457940 1.369090
v 1.838920 6.071650 1.688650
v 1.822420 6.023390 1.711370
v -0.654883 3.015770 2.395140
v -0.586162 6.977360 2.417470
v -0.892128 6.937170 2.318060
v 1.703610 4.148440 1.809650
v 1.504470 4.148440 1.974400
v 1.602710 4.405360 1.893130
v 1.362080 6.071650 2.092190
v 1.454260 5.905190 2.015930
v 1.602710 5.637120 1.893130
v -1.679230 4.926330 -1.983520
v -1.689840 5.125580 -1.996050
v -1.663190 4.625240 -1.964570
v 2.357760 5.125580 -1.996050
v 2.320570 4.625240 -1.964570
v 2.137580 4.148440 -1.809650
v 1.994660 6.071650 -1.688650
v 2.096020 5.889290 -1.774470
v 2.246800 5.618030 -1.902110
v 2.246760 4.432900 -1.902080
v -2.357760 5.125580 1.996050
v -2.246800 5.618030 1.902110
v 1.660590 5.306690 1.961500
v 1.610310 5.618030 1.902110
v 1.689840 5.125580 1.996050
v -1.994660 6.071650 1.688650
v 2.312930 5.324530 -1.958100
v -2.155200 5.782820 1.824570
v -2.344320 4.944690 1.984670
v -2.320570 4.625240 1.964570
v 1.663190 4.625240 1.964570
v -2.137580 4.148440 1.809650
v -1.936180 3.879760 1.639150
v 1.614900 4.449680 1.907530
v -2.254260 4.452460 1.908440
v 8.326650 8.000000 -40.035301
v 8.336380 8.000000 -40.206600
v 8.280850 8.000000 -39.868698
v 8.205100 8.000000 -39.737099
v 8.099370 8.000000 -39.640400
v 7.956740 8.000000 -39.574402
v 7.744900 8.000000 -38.631401
v 7.771380 8.000000 -39.533100
v 7.543290 8.000000 -39.516499
v 7.263190 8.000000 -39.525600
v 6.364350 8.000000 -38.675499
v 6.922840 8.000000 -39.559898
v 6.522270 8.000000 -39.619400
v 6.120720 8.000000 -39.693802
v 5.836930 8.000000 -38.784100
v 5.786590 8.000000 -39.771301
v 5.385630 8.000000 -38.920799
v 5.519920 8.000000 -39.852001
v 5.010450 8.000000 -39.085499
v 5.310890 8.000000 -39.939899
v 4.707440 8.000000 -39.279598
v 5.149720 8.000000 -40.039200
v 5.036440 8.000000 -40.149799
v 4.966810 8.000000 -40.279099
v 8.304640 8.000000 -40.356201
v 8.231410 8.000000 -40.484200
v 8.113790 8.000000 -40.595901
v 8.659660 8.000000 -41.250000
v 7.948850 8.000000 -40.696800
v 8.222220 8.000000 -41.559799
v 7.736600 8.000000 -40.786999
v 7.640720 8.000000 -41.799000
v 7.470510 8.000000 -40.869801
v 7.143840 8.000000 -40.947399
v 6.915180 8.000000 -41.967701
v 6.756600 8.000000 -41.019901
v 6.352430 8.000000 -41.080101
v 6.164320 8.000000 -42.048500
v 6.010500 8.000000 -41.115002
v 5.730820 8.000000 -41.124599
v 5.534550 8.000000 -42.019402
v 5.503660 8.000000 -41.109501
v 5.025850 8.000000 -41.880299
v 5.319120 8.000000 -41.069099
v 5.177210 8.000000 -41.003300
v 5.071180 8.000000 -40.908298
v 4.995420 8.000000 -40.778702
v 4.949930 8.000000 -40.614498
v 4.937980 8.000000 -40.433998
v 3.413930 8.000000 -16.580900
v 3.568490 8.000000 -18.722700
v 3.108590 8.000000 -19.416100
v 3.305020 8.000000 -19.219200
v 2.815340 8.000000 -18.250401
v 3.611780 8.000000 -17.763399
v 2.848560 8.000000 -18.026899
v 2.828910 8.000000 -17.768700
v 2.651520 8.000000 -16.708401
v 1.090220 8.000000 -16.969601
v 3.646860 8.000000 -18.108500
v 3.632430 8.000000 -18.428200
v 3.458310 8.000000 -18.988100
v 2.729210 8.000000 -18.439301
v 2.591670 8.000000 -18.590200
v 2.405260 8.000000 -18.698099
v 2.875300 8.000000 -19.575100
v 2.612500 8.000000 -19.691099
v 2.169970 8.000000 -18.763000
v 2.320200 8.000000 -19.764000
v 1.866710 8.000000 -19.787201
v 1.732110 8.000000 -18.734900
v 1.468860 8.000000 -19.695999
v 1.429770 8.000000 -18.481300
v 1.263000 8.000000 -18.002300
v 3.323330 8.000000 -13.397200
v 2.543700 8.000000 -13.318800
v 3.046430 8.000000 -11.742200
v 1.111820 8.000000 -13.117300
v 0.633061 8.000000 -13.061600
v 0.390392 8.000000 -13.035300
v 2.334790 8.000000 -12.070200
v 0.968666 8.000000 -12.763300
v 0.724030 8.000000 -12.884100
v 4.163760 8.000000 -21.062500
v 4.318310 8.000000 -23.204399
v 3.858420 8.000000 -23.897699
v 4.054850 8.000000 -23.700899
v 3.565160 8.000000 -22.732000
v 4.361610 8.000000 -22.245100
v 3.598380 8.000000 -22.508499
v 3.578730 8.000000 -22.250299
v 3.401340 8.000000 -21.190100
v 1.840050 8.000000 -21.451300
v 4.396690 8.000000 -22.590099
v 4.382260 8.000000 -22.909901
v 4.208140 8.000000 -23.469700
v 3.479030 8.000000 -22.921000
v 3.341490 8.000000 -23.071800
v 3.155080 8.000000 -23.179701
v 3.625130 8.000000 -24.056801
v 3.362330 8.000000 -24.172701
v 2.919790 8.000000 -23.244699
v 3.070020 8.000000 -24.245600
v 2.616540 8.000000 -24.268900
v 2.481930 8.000000 -23.216600
v 2.218690 8.000000 -24.177601
v 2.179590 8.000000 -22.962999
v 2.012820 8.000000 -22.483900
v 5.788580 8.000000 -25.398800
v 6.217130 8.000000 -27.960199
v 6.475070 8.000000 -29.501900
v 6.957580 8.000000 -32.385799
v 5.230380 8.000000 -29.710100
v 4.464020 8.000000 -29.838301
v 4.889100 8.000000 -32.379002
v 3.273570 8.000000 -30.037500
v 5.655460 8.000000 -32.250801
v 3.732980 8.000000 -32.783298
v 7.628380 8.000000 -36.001202
v 7.786300 8.000000 -36.945000
v 7.967980 8.000000 -38.030998
v 7.432170 8.000000 -34.828499
v 4.399260 8.000000 -36.541401
v 4.921430 8.000000 -35.287102
v 4.179740 8.000000 -35.411201
vn -0.0000 -1.0000 -0.0000
vn -0.0000 1.0000 -0.0000
vn 0.0064 1.0000 -0.0000
vn 0.0412 0.9992 -0.0000
vn 0.0051 1.0000 -0.0000
vn 0.0396 0.9992 -0.0000
vn 0.0774 0.9970 -0.0000
vn 0.0760 0.9971 -0.0000
vn -0.0046 1.0000 -0.0000
vn 0.0083 1.0000 -0.0000
vn 0.0048 1.0000 -0.0000
vn -0.0182 0.9998 -0.0000
vn -0.0499 0.9988 -0.0000
vn 0.0119 0.9999 -0.0000
vn -0.0454 0.9990 -0.0000
vn 0.0071 1.0000 -0.0000
vn -0.0107 0.9999 -0.0000
vn 0.0406 0.9992 -0.0000
vn 0.0202 0.9998 -0.0000
vn 0.0088 1.0000 -0.0000
vn -0.0814 0.9967 -0.0000
vn 0.0814 0.9967 -0.0000
vn 0.0377 0.9993 -0.0000
vn -0.0512 0.9987 -0.0000
vn 0.0512 0.9987 -0.0000
vn -0.0948 0.9955 -0.0000
vn -0.0121 0.9999 -0.0000
vn -0.0001 1.0000 -0.0000
vn 0.0232 0.9997 -0.0000
vn -0.0063 1.0000 -0.0000
vn -0.4167 -0.9091 -0.0000
vn -0.0098 1.0000 -0.0000
vn -0.0057 1.0000 -0.0000
vn 0.0099 1.0000 -0.0000
vn -0.0116 0.9999 -0.0000
vn 0.0070 1.0000 -0.0000
vn -0.0096 1.0000 -0.0000
vn 0.0121 0.9999 -0.0000
vn -0.0408 0.9992 -0.0000
vn -0.0141 0.9999 -0.0000
vn 0.0222 0.9998 -0.0000
vn -0.1372 -0.9905 -0.0000
vn 0.0805 0.9968 -0.0000
vn 0.0995 0.9950 -0.0000
vn -0.0139 0.9999 -0.0000
vn -0.0000 -0.0000 -1.0000
vn -0.0000 -0.0000 1.0000
vn 1.0000 -0.0000 -0.0000
vn -1.0000 -0.0000 -0.0000
vn -1.0000 -0.0000 -0.0001
vn -1.0000 -0.0000 0.0001
vn -0.0002 1.0000 -0.0000
vn 0.0001 1.0000 -0.0000
vn -0.8931 0.2567 -0.3695
vn -0.8928 0.2568 -0.3701
vn -0.7666 0.2568 -0.5886
vn -0.7666 0.2568 -0.5885
vn -0.5882 0.2568 -0.7669
vn -0.5889 0.2567 -0.7664
vn -0.3701 0.2567 -0.8928
vn -0.3696 0.2568 -0.8930
vn -0.1261 0.2568 -0.9582
vn -0.1260 0.2567 -0.9582
vn 0.1262 0.2568 -0.9582
vn 0.1262 0.2567 -0.9582
vn 0.3698 0.2568 -0.8929
vn 0.3697 0.2568 -0.8930
vn 0.5886 0.2568 -0.7666
vn 0.5888 0.2568 -0.7664
vn 0.7666 0.2568 -0.5885
vn 0.8930 0.2568 -0.3696
vn 0.8928 0.2567 -0.3701
vn 0.9583 0.2567 -0.1259
vn 0.9582 0.2567 -0.1261
vn 0.9582 0.2567 0.1259
vn 0.9582 0.2567 0.1260
vn 0.8930 0.2567 0.3696
vn 0.8928 0.2568 0.3701
vn 0.7666 0.2568 0.5885
vn 0.5886 0.2568 0.7666
vn 0.5888 0.2567 0.7664
vn 0.3698 0.2568 0.8929
vn 0.3696 0.2568 0.8930
vn 0.1262 0.2567 0.9582
vn 0.1262 0.2568 0.9582
vn -0.1261 0.2568 0.9582
vn -0.1260 0.2567 0.9582
vn -0.3701 0.2568 0.8928
vn -0.3697 0.2567 0.8930
vn -0.5882 0.2567 0.7669
vn -0.5888 0.2568 0.7664
vn -0.7666 0.2568 0.5885
vn -0.7666 0.2568 0.5886
vn -0.8930 0.2568 0.3696
vn -0.8928 0.2567 0.3700
vn -0.9583 0.2567 0.1259
vn -0.9582 0.2567 0.1261
vn -0.9583 0.2567 -0.1259
vn -0.9582 0.2567 -0.1261
vn 0.9498 0.2578 -0.1774
vn 0.9009 0.2578 -0.3491
vn 0.9011 0.2578 -0.3487
vn 0.8214 0.2578 -0.5088
vn 0.7141 0.2578 -0.6508
vn 0.7142 0.2578 -0.6507
vn 0.5823 0.2578 -0.7710
vn 0.5820 0.2578 -0.7712
vn 0.4306 0.2578 -0.8650
vn 0.4309 0.2578 -0.8648
vn 0.2644 0.2578 -0.9293
vn 0.0891 0.2578 -0.9621
vn -0.0892 0.2578 -0.9621
vn -0.2644 0.2578 -0.9293
vn -0.4306 0.2578 -0.8650
vn -0.4309 0.2578 -0.8648
vn -0.5823 0.2578 -0.7710
vn -0.7141 0.2578 -0.6508
vn -0.7139 0.2578 -0.6510
vn -0.8214 0.2578 -0.5088
vn -0.9009 0.2578 -0.3491
vn -0.9011 0.2578 -0.3487
vn -0.9497 0.2578 -0.1776
vn -0.9498 0.2578 -0.1775
vn -0.9662 0.2578 -0.0000
vn -0.9497 0.2578 0.1775
vn -0.9498 0.2578 0.1775
vn -0.9009 0.2578 0.3491
vn -0.9011 0.2578 0.3487
vn -0.8214 0.2578 0.5088
vn -0.7141 0.2578 0.6508
vn -0.7139 0.2578 0.6510
vn -0.5823 0.2578 0.7710
vn -0.4306 0.2578 0.8650
vn -0.4309 0.2578 0.8648
vn -0.2644 0.2578 0.9293
vn -0.0892 0.2578 0.9621
vn 0.0891 0.2578 0.9621
vn 0.2644 0.2578 0.9293
vn 0.4306 0.2578 0.8650
vn 0.4308 0.2578 0.8648
vn 0.5823 0.2578 0.7710
vn 0.5820 0.2578 0.7713
vn 0.7141 0.2578 0.6508
vn 0.7142 0.2578 0.6507
vn 0.8214 0.2578 0.5088
vn 0.9009 0.2578 0.3491
vn 0.9011 0.2578 0.3487
vn 0.9497 0.2578 0.1775
vn 0.9498 0.2578 0.1775
vn 0.9662 0.2578 -0.0000
vn 0.9497 0.2578 -0.1776
vn 0.6027 -0.0000 -0.7980
vn 0.6026 -0.0000 -0.7980
vn 0.7391 -0.0000 -0.6736
vn 0.8501 -0.0000 -0.5266
vn 0.9325 -0.0000 -0.3612
vn 0.9325 -0.0000 -0.3613
vn 0.9830 -0.0000 -0.1838
vn 0.9830 -0.0000 0.1838
vn 0.9325 -0.0000 0.3613
vn 0.8501 -0.0000 0.5266
vn 0.7391 -0.0000 0.6736
vn 0.6026 -0.0000 0.7980
vn 0.4457 -0.0000 0.8952
vn 0.4456 -0.0000 0.8952
vn 0.2737 -0.0000 0.9618
vn 0.0923 -0.0000 0.9957
vn -0.0923 -0.0000 0.9957
vn -0.2737 -0.0000 0.9618
vn -0.4456 -0.0000 0.8952
vn -0.6026 -0.0000 0.7980
vn -0.7391 -0.0000 0.6736
vn -0.8501 -0.0000 0.5266
vn -0.9325 -0.0000 0.3613
vn -0.9325 -0.0000 0.3612
vn -0.9830 -0.0000 0.1838
vn -0.9830 -0.0000 -0.1838
vn -0.9325 -0.0000 -0.3613
vn -0.8501 -0.0000 -0.5266
vn -0.7391 -0.0000 -0.6736
vn -0.6027 -0.0000 -0.7980
vn -0.6026 -0.0000 -0.7980
vn -0.4456 -0.0000 -0.8952
vn -0.2737 -0.0000 -0.9618
vn -0.0923 -0.0000 -0.9957
vn 0.0923 -0.0000 -0.9957
vn 0.2737 -0.0000 -0.9618
vn 0.4456 -0.0000 -0.8952
vn -0.4558 -0.6545 0.6033
vn -0.3367 -0.6545 0.6770
vn -0.3369 -0.6545 0.6769
vn -0.3371 -0.6545 0.6768
vn -0.2070 -0.6544 0.7272
vn -0.3369 -0.6545 -0.6769
vn 0.2069 -0.6544 -0.7272
vn 0.7050 -0.6545 0.2731
vn 0.6428 -0.6545 -0.3981
vn -0.5589 -0.6544 -0.5093
vn -0.6434 -0.6544 -0.3972
vn -0.6428 -0.6545 -0.3981
vn -0.5589 -0.6545 0.5093
vn -0.4540 -0.6542 0.6049
vn -0.4556 -0.6545 0.6034
vn 0.7432 -0.6545 -0.1389
vn 0.7430 -0.6544 -0.1405
vn -0.0698 -0.6545 0.7529
vn 0.0697 -0.6545 0.7529
vn 0.0698 -0.6545 0.7529
vn 0.2067 -0.6545 0.7273
vn 0.2069 -0.6544 0.7272
vn -0.6427 -0.6544 -0.3984
vn -0.7051 -0.6545 -0.2731
vn -0.7050 -0.6545 -0.2732
vn -0.7051 -0.6545 -0.2729
vn -0.3367 -0.6545 -0.6770
vn -0.4558 -0.6545 -0.6033
vn -0.4556 -0.6545 -0.6034
vn -0.4540 -0.6542 -0.6048
vn -0.5588 -0.6545 -0.5094
vn -0.7432 -0.6545 -0.1389
vn -0.7433 -0.6545 -0.1386
vn -0.7430 -0.6544 -0.1405
vn -0.7561 -0.6545 -0.0000
vn -0.7430 -0.6544 0.1405
vn -0.7432 -0.6545 0.1389
vn -0.7433 -0.6545 0.1386
vn 0.2067 -0.6545 -0.7273
vn 0.0697 -0.6545 -0.7529
vn 0.0698 -0.6545 -0.7529
vn -0.0698 -0.6545 -0.7529
vn -0.2067 -0.6545 -0.7273
vn -0.2069 -0.6545 -0.7272
vn -0.2070 -0.6544 -0.7272
vn -0.3370 -0.6545 -0.6768
vn 0.2070 -0.6545 0.7272
vn 0.3370 -0.6545 0.6768
vn 0.3369 -0.6545 0.6769
vn 0.3367 -0.6544 0.6770
vn -0.7050 -0.6545 0.2732
vn -0.7051 -0.6545 0.2729
vn 0.4556 -0.6545 0.6034
vn 0.4558 -0.6544 0.6033
vn 0.4540 -0.6542 0.6049
vn 0.5588 -0.6545 0.5094
vn 0.5589 -0.6544 0.5093
vn 0.6435 -0.6544 0.3971
vn 0.6428 -0.6545 0.3981
vn 0.6426 -0.6544 0.3984
vn 0.7051 -0.6544 0.2731
vn 0.6435 -0.6544 -0.3971
vn 0.5588 -0.6544 -0.5094
vn 0.5589 -0.6545 -0.5093
vn 0.4540 -0.6542 -0.6048
vn 0.4556 -0.6545 -0.6034
vn 0.7433 -0.6545 -0.1386
vn 0.7051 -0.6545 -0.2729
vn 0.7050 -0.6545 -0.2731
vn 0.7051 -0.6544 -0.2731
vn 0.6427 -0.6544 -0.3984
vn 0.4558 -0.6544 -0.6033
vn 0.3367 -0.6544 -0.6770
vn 0.3369 -0.6545 -0.6769
vn 0.3370 -0.6545 -0.6768
vn 0.2070 -0.6545 -0.7272
vn -0.2069 -0.6545 0.7272
vn -0.2067 -0.6545 0.7273
vn -0.7051 -0.6545 0.2731
vn -0.6427 -0.6544 0.3984
vn -0.6428 -0.6545 0.3981
vn -0.6435 -0.6543 0.3972
vn -0.5588 -0.6544 0.5094
vn 0.7051 -0.6545 0.2729
vn 0.7433 -0.6545 0.1386
vn 0.7432 -0.6545 0.1389
vn 0.7430 -0.6544 0.1405
vn 0.7561 -0.6545 -0.0000
vn 0.4457 0.0064 -0.8951
vn 0.4453 0.0064 -0.8954
vn 0.5680 -0.0097 -0.8230
vn 0.6028 0.0019 -0.7979
vn 0.6007 0.0019 -0.7995
vn -0.7484 -0.0026 -0.6632
vn -0.8854 -0.0113 -0.4646
vn -0.5680 -0.0097 0.8230
vn 0.7390 -0.0077 0.6737
vn -0.7484 -0.0067 0.6632
vn 0.1205 -0.0083 0.9927
vn 0.9709 -0.0106 -0.2393
vn -0.3546 -0.0115 -0.9349
vn -0.9831 0.0036 0.1833
vn -0.9709 -0.0106 0.2393
vn -0.9826 0.0036 0.1858
vn -1.0000 -0.0048 -0.0000
vn -0.3546 -0.0115 0.9349
vn -0.4457 0.0064 0.8952
vn -0.4454 0.0064 0.8953
vn -0.9826 0.0036 -0.1858
vn -0.9831 0.0036 -0.1833
vn -0.9709 -0.0106 -0.2393
vn -0.9325 0.0066 -0.3610
vn -0.9325 0.0066 -0.3611
vn 0.2733 0.0057 -0.9619
vn 0.1205 -0.0083 -0.9927
vn 0.3546 -0.0115 0.9349
vn 0.2738 0.0057 0.9618
vn 0.2733 0.0057 0.9619
vn 0.8510 0.0049 -0.5251
vn 0.8499 0.0049 -0.5269
vn 0.8855 -0.0113 -0.4646
vn 0.9325 0.0066 -0.3612
vn 0.9326 0.0066 -0.3609
vn 0.5680 -0.0097 0.8230
vn 0.4453 0.0064 0.8954
vn 0.4457 0.0064 0.8951
vn 0.7484 -0.0026 0.6632
vn 0.6006 0.0019 0.7996
vn 0.6028 0.0019 0.7979
vn 0.7390 -0.0023 -0.6737
vn 0.7484 -0.0067 -0.6632
vn 0.9826 0.0036 0.1855
vn 1.0000 -0.0048 -0.0000
vn 0.0922 -0.0000 0.9957
vn -0.1206 -0.0083 0.9927
vn -0.2733 0.0057 0.9619
vn -0.2738 0.0057 0.9618
vn -0.8499 0.0049 -0.5269
vn -0.8511 0.0049 -0.5250
vn -0.7390 -0.0077 -0.6737
vn -0.6005 0.0019 -0.7997
vn -0.6028 0.0019 -0.7979
vn -0.5680 -0.0097 -0.8230
vn -0.4454 0.0064 -0.8953
vn -0.4457 0.0064 -0.8952
vn -0.2738 0.0057 -0.9618
vn -0.2733 0.0057 -0.9619
vn -0.1206 -0.0083 -0.9927
vn 0.0922 -0.0000 -0.9957
vn 0.9709 -0.0106 0.2393
vn 0.9830 0.0036 0.1833
vn 0.3546 -0.0115 -0.9349
vn 0.2738 0.0057 -0.9618
vn -0.6028 0.0019 0.7979
vn -0.6004 0.0019 0.7997
vn -0.7390 -0.0023 0.6737
vn 0.9326 0.0066 0.3609
vn 0.9325 0.0066 0.3612
vn 0.8855 -0.0113 0.4646
vn 0.8499 0.0049 0.5269
vn 0.8510 0.0049 0.5251
vn 0.9830 0.0036 -0.1833
vn 0.9826 0.0036 -0.1855
vn -0.8511 0.0049 0.5250
vn -0.8499 0.0049 0.5269
vn -0.8854 -0.0113 0.4646
vn -0.9325 0.0066 0.3611
vn -0.9325 0.0066 0.3610
vn 0.9458 -0.0034 0.3248
vn 0.9460 -0.0034 0.3242
vn 0.9830 0.0038 0.1838
vn 0.9864 -0.0014 0.1645
vn 0.9858 -0.0014 0.1682
vn 0.4458 0.0063 0.8951
vn -0.7390 0.0073 -0.6737
vn 0.9324 0.0056 0.3614
vn -0.4459 0.0063 -0.8951
vn 0.9830 0.0038 -0.1838
vn -0.0923 0.0027 0.9957
vn 0.2736 0.0048 -0.9618
vn -0.8503 0.0067 0.5263
vn 0.6025 0.0071 -0.7981
vn -0.4459 0.0063 0.8951
vn 0.6771 -0.0058 0.7358
vn 0.6025 0.0071 0.7981
vn 0.5469 -0.0053 0.8372
vn 0.5473 -0.0053 0.8369
vn 0.7390 0.0073 0.6737
vn 0.6772 -0.0058 0.7357
vn -0.5472 -0.0053 -0.8370
vn -0.5469 -0.0053 -0.8372
vn -0.6025 0.0071 -0.7981
vn -0.6772 -0.0058 -0.7358
vn -0.6772 -0.0058 -0.7357
vn 0.2736 0.0048 0.9618
vn 0.4017 -0.0042 0.9158
vn 0.4016 -0.0042 0.9158
vn -0.8794 -0.0048 -0.4760
vn -0.8503 0.0067 -0.5263
vn -0.7894 -0.0056 -0.6138
vn -0.7891 -0.0056 -0.6142
vn -0.9324 0.0056 -0.3614
vn -0.8795 -0.0048 -0.4760
vn -0.2736 0.0048 -0.9618
vn -0.4017 -0.0042 -0.9158
vn -0.4016 -0.0042 -0.9158
vn 0.7891 -0.0056 0.6142
vn 0.7894 -0.0056 0.6139
vn 0.8503 0.0067 0.5263
vn 0.8794 -0.0048 0.4760
vn 0.8795 -0.0048 0.4759
vn -0.9829 0.0038 0.1839
vn -0.9864 -0.0014 0.1645
vn 1.0000 0.0014 -0.0000
vn 0.9858 -0.0014 -0.1682
vn 0.9864 -0.0014 -0.1645
vn -0.9857 -0.0014 0.1686
vn -1.0000 0.0014 -0.0000
vn -0.0826 -0.0000 0.9966
vn 0.0825 -0.0000 0.9966
vn 0.0922 0.0027 0.9957
vn 0.2456 -0.0024 0.9694
vn 0.2455 -0.0024 0.9694
vn 0.2455 -0.0024 -0.9694
vn 0.2456 -0.0024 -0.9694
vn 0.0922 0.0027 -0.9957
vn -0.7894 -0.0056 0.6138
vn -0.7891 -0.0056 0.6142
vn -0.7390 0.0073 0.6737
vn -0.9461 -0.0034 0.3239
vn -0.9457 -0.0034 0.3249
vn -0.9324 0.0056 0.3614
vn -0.8795 -0.0048 0.4760
vn -0.8794 -0.0048 0.4760
vn 0.8795 -0.0048 -0.4759
vn 0.9324 0.0056 -0.3614
vn 0.9458 -0.0034 -0.3248
vn 0.9460 -0.0034 -0.3242
vn -0.4016 -0.0042 0.9158
vn -0.4017 -0.0042 0.9158
vn -0.2736 0.0048 0.9618
vn -0.2455 -0.0024 0.9694
vn -0.2449 -0.0024 0.9696
vn 0.5469 -0.0053 -0.8372
vn 0.5473 -0.0053 -0.8369
vn 0.4458 0.0063 -0.8951
vn 0.4016 -0.0042 -0.9158
vn 0.4017 -0.0042 -0.9158
vn 0.8503 0.0067 -0.5263
vn 0.8794 -0.0048 -0.4760
vn 0.7894 -0.0056 -0.6139
vn 0.7891 -0.0056 -0.6142
vn 0.7390 0.0073 -0.6737
vn 0.6772 -0.0058 -0.7357
vn 0.6771 -0.0058 -0.7358
vn -0.6772 -0.0058 0.7357
vn -0.6772 -0.0058 0.7358
vn -0.6025 0.0071 0.7981
vn -0.5469 -0.0053 0.8372
vn -0.5472 -0.0053 0.8370
vn -0.9457 -0.0034 -0.3249
vn -0.9461 -0.0034 -0.3239
vn -0.9829 0.0038 -0.1839
vn -0.9864 -0.0014 -0.1645
vn -0.9857 -0.0014 -0.1686
vn 0.0825 -0.0000 -0.9966
vn -0.0826 -0.0000 -0.9966
vn -0.0923 0.0027 -0.9957
vn -0.2449 -0.0024 -0.9696
vn -0.2455 -0.0024 -0.9694
vn -0.0467 0.7423 0.6684
vn 0.0467 0.7423 0.6684
vn 0.0550 0.7455 0.6642
vn 0.1399 0.7399 0.6580
vn 0.1655 0.7391 0.6530
vn 0.1396 0.7411 0.6567
vn 0.1630 0.7478 0.6436
vn 0.2305 0.7386 0.6336
vn 0.2713 0.7374 0.6185
vn 0.2291 0.7427 0.6292
vn 0.2662 0.7487 0.6071
vn 0.3166 0.7383 0.5956
vn 0.3698 0.7371 0.5656
vn 0.3121 0.7470 0.5870
vn 0.3628 0.7483 0.5553
vn 0.3960 0.7392 0.5448
vn 0.4568 0.7382 0.4964
vn 0.3862 0.7537 0.5318
vn 0.4505 0.7466 0.4894
vn 0.4663 0.7411 0.4830
vn 0.4666 0.7411 0.4827
vn 0.0547 0.7486 -0.6608
vn -0.2687 0.7432 -0.6128
vn -0.3567 0.7415 -0.5683
vn -0.3675 0.7410 -0.5621
vn -0.3543 0.7435 -0.5672
vn -0.3640 0.7464 -0.5572
vn -0.4331 0.7394 -0.5155
vn -0.4566 0.7385 -0.4962
vn -0.4286 0.7453 -0.5107
vn -0.4494 0.7481 -0.4882
vn -0.5012 0.7383 -0.4513
vn -0.5332 0.7372 -0.4150
vn -0.4917 0.7498 -0.4428
vn -0.5233 0.7487 -0.4070
vn -0.5591 0.7384 -0.3770
vn -0.5590 0.7384 -0.3772
vn -0.5837 0.7480 -0.3159
vn -0.6014 0.7431 -0.2935
vn -0.5927 0.7388 -0.3207
vn -0.6051 0.7397 -0.2943
vn -0.6299 0.7459 -0.2164
vn -0.6369 0.7427 -0.2069
vn -0.6347 0.7415 -0.2175
vn -0.6366 0.7418 -0.2110
vn -0.6606 0.7426 -0.1102
vn -0.6574 0.7451 -0.1123
vn -0.6568 0.7451 -0.1157
vn -0.5276 0.7436 0.4106
vn -0.4666 0.7411 0.4827
vn -0.4551 0.7405 0.4944
vn -0.4637 0.7446 0.4802
vn -0.4505 0.7466 0.4895
vn -0.3962 0.7392 0.5446
vn -0.3689 0.7382 0.5647
vn -0.3901 0.7479 0.5370
vn -0.3630 0.7483 0.5552
vn -0.3166 0.7383 0.5956
vn -0.2714 0.7371 0.6188
vn -0.3085 0.7537 0.5803
vn -0.2663 0.7487 0.6070
vn -0.0000 0.7383 -0.6745
vn -0.0548 0.7486 -0.6608
vn -0.0938 0.7388 -0.6673
vn -0.1653 0.7378 -0.6545
vn -0.0932 0.7423 -0.6635
vn -0.1632 0.7473 -0.6442
vn -0.1853 0.7405 -0.6460
vn -0.2702 0.7398 -0.6162
vn -0.1827 0.7490 -0.6368
vn -0.2715 0.7444 -0.6101
vn 0.6540 0.7486 0.1091
vn 0.6692 0.7397 0.0705
vn 0.6657 0.7375 0.1137
vn 0.5276 0.7437 0.4106
vn 0.5265 0.7440 0.4115
vn 0.5273 0.7442 0.4100
vn 0.5814 0.7408 0.3364
vn 0.5913 0.7402 0.3200
vn 0.5767 0.7461 0.3328
vn 0.5847 0.7470 0.3164
vn 0.6248 0.7390 0.2520
vn 0.6383 0.7379 0.2193
vn 0.6124 0.7508 0.2475
vn 0.6275 0.7483 0.2150
vn 0.6544 0.7383 0.1634
vn 0.6545 0.7383 0.1632
vn 0.6643 0.7475 -0.0000
vn 0.6704 0.7387 0.0704
vn 0.6638 0.7392 -0.1134
vn 0.6721 0.7401 -0.0236
vn -0.6721 0.7401 -0.0230
vn -0.6721 0.7401 -0.0236
vn -0.6643 0.7475 -0.0000
vn -0.6704 0.7387 0.0703
vn -0.6657 0.7375 0.1137
vn -0.6692 0.7397 0.0705
vn -0.6540 0.7486 0.1091
vn -0.6545 0.7383 0.1632
vn -0.6393 0.7371 0.2191
vn -0.6500 0.7424 0.1623
vn -0.6273 0.7484 0.2155
vn -0.6247 0.7390 0.2524
vn -0.5935 0.7380 0.3211
vn -0.6156 0.7479 0.2483
vn -0.5847 0.7470 0.3165
vn -0.5817 0.7409 0.3358
vn -0.5308 0.7402 0.4127
vn -0.5668 0.7557 0.3280
vn -0.5265 0.7440 0.4115
vn -0.2306 0.7386 0.6335
vn -0.2305 0.7386 0.6336
vn -0.1630 0.7478 0.6436
vn -0.1396 0.7411 0.6567
vn -0.1649 0.7391 0.6531
vn -0.1399 0.7399 0.6580
vn -0.0550 0.7456 0.6642
vn 0.6697 0.7423 -0.0230
vn 0.6568 0.7451 -0.1157
vn 0.6606 0.7426 -0.1102
vn 0.6365 0.7417 -0.2115
vn 0.6347 0.7415 -0.2174
vn 0.6369 0.7427 -0.2069
vn 0.6299 0.7459 -0.2164
vn 0.6048 0.7396 -0.2953
vn 0.5928 0.7387 -0.3207
vn 0.6016 0.7430 -0.2932
vn 0.5837 0.7480 -0.3159
vn 0.5590 0.7384 -0.3772
vn 0.5333 0.7373 -0.4147
vn 0.5521 0.7461 -0.3722
vn 0.5231 0.7487 -0.4072
vn 0.5012 0.7383 -0.4513
vn 0.4576 0.7372 -0.4971
vn 0.4901 0.7517 -0.4413
vn 0.4493 0.7481 -0.4883
vn 0.4328 0.7394 -0.5158
vn 0.4326 0.7394 -0.5159
vn 0.3640 0.7463 -0.5572
vn 0.3544 0.7435 -0.5671
vn 0.3675 0.7410 -0.5620
vn 0.3566 0.7415 -0.5684
vn 0.2687 0.7432 -0.6128
vn 0.2715 0.7444 -0.6101
vn 0.2681 0.7447 -0.6112
vn 0.1853 0.7404 -0.6461
vn 0.1652 0.7398 -0.6522
vn 0.1830 0.7480 -0.6380
vn 0.1632 0.7473 -0.6442
vn 0.0937 0.7388 -0.6673
vn 0.0938 0.7388 -0.6674
vn -0.0647 0.3738 0.9252
vn 0.0647 0.3738 0.9252
vn 0.1929 0.3738 0.9072
vn 0.1927 0.3738 0.9073
vn 0.3171 0.3738 0.8716
vn 0.3173 0.3738 0.8715
vn 0.3172 0.3738 0.8716
vn 0.4354 0.3738 0.8190
vn 0.4355 0.3738 0.8189
vn 0.5454 0.3738 0.7502
vn 0.5452 0.3738 0.7503
vn 0.5450 0.3738 0.7504
vn 0.6443 0.3738 0.6672
vn 0.6442 0.3738 0.6673
vn 0.6447 0.3738 0.6668
vn 0.6444 0.3738 0.6671
vn 0.7307 0.3738 0.5712
vn -0.3772 0.3738 -0.8474
vn -0.3773 0.3738 -0.8473
vn -0.4931 0.3738 -0.7856
vn -0.4914 0.3738 -0.7866
vn -0.4916 0.3738 -0.7865
vn -0.5966 0.3738 -0.7102
vn -0.5961 0.3738 -0.7106
vn -0.5962 0.3738 -0.7105
vn -0.5963 0.3738 -0.7104
vn -0.6893 0.3738 -0.6206
vn -0.6892 0.3738 -0.6207
vn -0.6894 0.3738 -0.6205
vn -0.7690 0.3738 -0.5185
vn -0.7687 0.3738 -0.5189
vn -0.7688 0.3738 -0.5188
vn -0.7690 0.3738 -0.5186
vn -0.8336 0.3738 -0.4067
vn -0.8340 0.3738 -0.4058
vn -0.8338 0.3738 -0.4063
vn -0.8821 0.3738 -0.2866
vn -0.8820 0.3739 -0.2868
vn -0.8802 0.3742 -0.2919
vn -0.8822 0.3738 -0.2864
vn -0.9134 0.3738 -0.1613
vn -0.9134 0.3738 -0.1610
vn -0.9135 0.3738 -0.1608
vn -0.9270 0.3738 -0.0317
vn -0.9269 0.3738 -0.0324
vn -0.9269 0.3738 -0.0326
vn -0.9224 0.3738 0.0969
vn -0.9225 0.3738 0.0965
vn -0.9224 0.3738 0.0971
vn -0.9224 0.3738 0.0970
vn -0.8999 0.3738 0.2244
vn -0.8999 0.3738 0.2245
vn -0.8999 0.3738 0.2246
vn -0.9000 0.3739 0.2241
vn -0.8599 0.3739 0.3475
vn 0.3772 0.3738 -0.8473
vn 0.3773 0.3738 -0.8473
vn 0.2557 0.3738 -0.8916
vn 0.1290 0.3738 -0.9185
vn 0.1291 0.3738 -0.9185
vn -0.0000 0.3738 -0.9275
vn -0.1291 0.3738 -0.9185
vn -0.1290 0.3738 -0.9185
vn -0.2557 0.3738 -0.8916
vn -0.2558 0.3739 -0.8915
vn -0.8601 0.3738 0.3470
vn -0.8598 0.3738 0.3477
vn 0.7308 0.3738 0.5711
vn 0.7310 0.3738 0.5709
vn 0.8029 0.3739 0.4643
vn 0.8032 0.3738 0.4638
vn 0.8033 0.3738 0.4637
vn 0.8602 0.3738 0.3470
vn 0.8600 0.3738 0.3473
vn 0.8600 0.3738 0.3475
vn 0.8999 0.3738 0.2246
vn 0.8999 0.3738 0.2245
vn 0.8999 0.3738 0.2244
vn 0.9224 0.3738 0.0971
vn 0.9224 0.3738 0.0970
vn 0.9224 0.3738 0.0969
vn 0.9225 0.3738 0.0965
vn 0.9269 0.3738 -0.0326
vn 0.9269 0.3738 -0.0324
vn 0.9269 0.3738 -0.0317
vn -0.8600 0.3738 0.3473
vn -0.8032 0.3738 0.4638
vn -0.8033 0.3738 0.4637
vn -0.8029 0.3739 0.4643
vn -0.7310 0.3738 0.5709
vn -0.7308 0.3738 0.5711
vn -0.7307 0.3738 0.5712
vn -0.6447 0.3738 0.6668
vn -0.6444 0.3738 0.6671
vn -0.6443 0.3738 0.6672
vn -0.6442 0.3738 0.6673
vn -0.5456 0.3738 0.7500
vn -0.5453 0.3738 0.7503
vn -0.5451 0.3738 0.7504
vn -0.5452 0.3738 0.7503
vn -0.4354 0.3738 0.8190
vn -0.4355 0.3738 0.8189
vn -0.3173 0.3738 0.8715
vn -0.3172 0.3738 0.8716
vn -0.3171 0.3738 0.8716
vn -0.1928 0.3738 0.9072
vn -0.1927 0.3738 0.9073
vn -0.1929 0.3738 0.9072
vn 0.9135 0.3738 -0.1608
vn 0.9134 0.3738 -0.1609
vn 0.9134 0.3738 -0.1613
vn 0.8804 0.3737 -0.2920
vn 0.8822 0.3738 -0.2864
vn 0.8821 0.3738 -0.2866
vn 0.8820 0.3738 -0.2868
vn 0.8334 0.3738 -0.4070
vn 0.8337 0.3738 -0.4063
vn 0.8337 0.3738 -0.4064
vn 0.8336 0.3738 -0.4067
vn 0.7688 0.3738 -0.5188
vn 0.7690 0.3738 -0.5186
vn 0.7690 0.3738 -0.5185
vn 0.7688 0.3738 -0.5189
vn 0.6893 0.3738 -0.6206
vn 0.6894 0.3738 -0.6205
vn 0.6892 0.3738 -0.6207
vn 0.5962 0.3738 -0.7105
vn 0.5963 0.3738 -0.7104
vn 0.5959 0.3738 -0.7107
vn 0.5961 0.3738 -0.7106
vn 0.4916 0.3738 -0.7865
vn 0.4929 0.3739 -0.7857
vn 0.4914 0.3738 -0.7866
vn -0.8662 0.0103 0.4995
vn -0.2676 0.0879 0.9595
vn -0.8660 0.0102 0.5000
vn -0.3713 -0.0708 0.9258
vn -0.8659 0.0104 0.5001
vn -0.8662 0.0103 0.4996
vn -0.8988 -0.0103 0.4383
vn -0.9273 0.0103 0.3742
vn -0.9993 -0.0385 -0.0000
vn -0.9272 0.0104 0.3744
vn -0.4013 -0.0911 0.9114
vn -0.9270 0.0104 0.3749
vn 0.0698 -0.0103 -0.9975
vn -0.2078 -0.0103 -0.9781
vn -0.7882 -0.0102 -0.6154
vn 0.9993 -0.0102 0.0346
vn 0.9703 -0.0102 -0.2418
vn -0.1392 -0.0103 0.9902
vn -0.6427 -0.0102 0.7661
vn -0.9993 -0.0102 0.0346
vn -0.9511 -0.0104 0.3088
vn 0.8291 -0.0103 0.5590
vn 0.6947 -0.0103 -0.7192
vn 0.9511 -0.0102 0.3088
vn -0.9513 0.0103 -0.3082
vn -0.3538 -0.0845 -0.9315
vn -0.9511 0.0104 -0.3087
vn -0.9703 -0.0102 -0.2418
vn -0.5298 0.0102 -0.8481
vn -0.1963 0.0573 -0.9789
vn -0.5298 0.0103 -0.8481
vn -0.9936 0.1129 -0.0000
vn -0.5300 0.0103 -0.8479
vn -0.5878 -0.0103 -0.8089
vn 0.4068 0.0103 -0.9135
vn 0.1965 0.0376 -0.9798
vn 0.4067 0.0103 -0.9135
vn 0.3421 -0.0103 -0.9396
vn 0.5876 0.0103 0.8091
vn 0.9940 0.1096 -0.0000
vn 0.5878 0.0103 0.8089
vn 0.6427 -0.0102 0.7661
vn -0.2083 0.0103 0.9780
vn -0.0000 0.0364 0.9993
vn -0.2079 0.0103 0.9781
vn -0.2078 0.0103 0.9781
vn -0.1001 -0.0034 0.9950
vn -0.2757 -0.0103 0.9612
vn -0.3420 0.0103 0.9396
vn -0.1831 0.0266 0.9827
vn -0.3421 0.0103 0.9396
vn -0.7433 0.0103 -0.6688
vn -0.2671 -0.0564 -0.9620
vn -0.7433 0.0104 -0.6689
vn -0.9970 -0.0774 -0.0000
vn -0.7430 0.0104 -0.6692
vn -0.6945 -0.0102 -0.7194
vn -0.6423 0.0102 -0.7664
vn -0.9945 0.1050 -0.0000
vn -0.6429 0.0103 -0.7659
vn -0.6426 0.0102 -0.7661
vn -0.2887 0.0599 -0.9556
vn -0.6431 0.0102 -0.7657
vn -0.4695 -0.0104 -0.8829
vn -0.4066 -0.0103 0.9135
vn -0.9925 0.1224 -0.0000
vn -0.3422 0.0103 0.9396
vn -0.9271 -0.0103 -0.3746
vn -0.9507 0.0103 -0.3098
vn -0.9995 -0.0300 -0.0000
vn -0.9509 0.0103 -0.3092
vn -0.4065 0.0103 -0.9136
vn -0.9918 0.1280 -0.0000
vn -0.4067 0.0103 -0.9135
vn -0.1819 0.0351 -0.9827
vn -0.4071 0.0103 -0.9133
vn -0.3421 -0.0103 -0.9396
vn -0.2755 0.0103 -0.9612
vn -0.9917 0.1284 -0.0000
vn -0.2756 0.0103 -0.9612
vn -0.9929 -0.1189 -0.0000
vn -0.8987 0.0102 -0.4384
vn -0.9978 0.0656 -0.0000
vn -0.8989 0.0102 -0.4381
vn -0.8987 0.0102 -0.4385
vn -0.9989 -0.0469 -0.0000
vn -0.8661 -0.0103 -0.4998
vn -0.8293 0.0103 -0.5588
vn -0.3476 -0.0588 -0.9358
vn -0.8291 0.0103 -0.5590
vn -0.8292 0.0102 -0.5589
vn -0.2880 0.0885 -0.9535
vn -0.8288 0.0102 -0.5595
vn 0.9847 0.0103 -0.1739
vn 0.9999 -0.0122 -0.0000
vn 0.9848 0.0103 -0.1735
vn 0.9995 0.0324 -0.0000
vn 0.9848 0.0103 -0.1734
vn 0.9945 -0.0103 -0.1045
vn 0.9993 0.0104 -0.0349
vn 1.0000 0.0059 -0.0000
vn 0.9993 0.0104 -0.0357
vn 0.9994 0.0104 -0.0338
vn 0.9999 0.0148 -0.0000
vn 0.9993 0.0103 -0.0348
vn 0.7430 0.0102 -0.6692
vn 0.2884 0.0749 -0.9546
vn 0.7433 0.0103 -0.6689
vn 0.7433 0.0103 -0.6688
vn 0.2876 -0.0575 -0.9560
vn 0.7433 0.0104 -0.6689
vn 0.7881 -0.0102 -0.6154
vn 0.8288 0.0102 -0.5594
vn 0.2880 0.0885 -0.9535
vn 0.8292 0.0103 -0.5589
vn -0.9993 0.0103 -0.0348
vn -0.9999 0.0148 -0.0000
vn -1.0000 0.0059 -0.0000
vn -0.9993 0.0104 -0.0349
vn -0.9945 -0.0103 -0.1045
vn -0.9849 0.0104 -0.1727
vn -0.9995 0.0324 -0.0000
vn -0.9848 0.0103 -0.1734
vn -0.9846 0.0104 -0.1742
vn -0.9999 -0.0122 -0.0000
vn -0.9847 0.0103 -0.1739
vn 0.8661 -0.0103 -0.4998
vn 0.8293 0.0103 -0.5588
vn 0.3725 -0.0631 -0.9259
vn 0.8291 0.0103 -0.5591
vn -0.4698 0.0103 0.8827
vn -0.9941 -0.1081 -0.0000
vn -0.4695 0.0103 0.8829
vn -0.4694 0.0103 0.8830
vn -0.9933 0.1157 -0.0000
vn -0.4693 0.0103 0.8830
vn -0.5298 -0.0103 0.8481
vn -0.5878 0.0103 0.8089
vn -0.9940 0.1096 -0.0000
vn -0.5876 0.0103 0.8091
vn -0.9953 -0.0965 -0.0000
vn -0.5878 0.0104 0.8089
vn 0.8987 0.0102 -0.4385
vn 0.9989 -0.0469 -0.0000
vn 0.8987 0.0102 -0.4384
vn 0.9978 0.0656 -0.0000
vn 0.8989 0.0102 -0.4381
vn 0.9271 -0.0103 -0.3746
vn 0.9509 0.0103 -0.3092
vn 0.9996 -0.0300 -0.0000
vn 0.9507 0.0103 -0.3098
vn 0.9513 0.0103 -0.3080
vn 0.3789 -0.0904 -0.9210
vn 0.9511 0.0104 -0.3088
vn -0.1391 0.0103 -0.9902
vn -0.0000 0.0283 -0.9996
vn -0.1393 0.0103 -0.9902
vn -0.0924 0.0048 -0.9957
vn -0.1392 0.0103 -0.9902
vn -0.0698 -0.0103 -0.9975
vn -0.0000 0.0103 -0.9999
vn 0.4693 -0.0103 -0.8830
vn 0.9926 0.1217 -0.0000
vn 0.1391 0.0103 -0.9902
vn -0.0000 0.0286 -0.9996
vn 0.1392 0.0103 -0.9902
vn 0.0924 0.0048 -0.9957
vn 0.1396 0.0103 -0.9902
vn 0.2078 -0.0103 -0.9781
vn 0.2755 0.0103 -0.9612
vn 0.9929 -0.1189 -0.0000
vn 0.2756 0.0103 -0.9612
vn 0.2757 0.0103 -0.9612
vn 0.9925 0.1221 -0.0000
vn 0.2755 0.0103 -0.9613
vn 0.7880 0.0103 0.6155
vn 0.9962 0.0870 -0.0000
vn 0.7877 0.0102 0.6160
vn 0.9975 -0.0709 -0.0000
vn 0.7878 0.0103 0.6158
vn 0.7431 -0.0103 0.6691
vn 0.6945 0.0103 0.7194
vn 0.9950 0.1001 -0.0000
vn 0.6948 0.0103 0.7192
vn 0.6945 0.0104 0.7194
vn 0.9966 -0.0827 -0.0000
vn 0.5298 -0.0104 0.8481
vn 0.5878 0.0104 0.8089
vn 0.9953 -0.0965 -0.0000
vn 0.4700 0.0104 0.8826
vn 0.9929 0.1189 -0.0000
vn 0.4694 0.0103 0.8830
vn 0.4695 0.0103 0.8828
vn 0.9941 -0.1081 -0.0000
vn 0.4690 0.0104 0.8831
vn 0.4066 -0.0103 0.9135
vn 0.3421 0.0103 0.9396
vn 0.9925 0.1224 -0.0000
vn 0.3420 0.0103 0.9396
vn -0.9702 0.0103 0.2422
vn -0.9998 -0.0211 -0.0000
vn -0.9703 0.0103 0.2416
vn -0.9992 0.0411 -0.0000
vn -0.9702 0.0103 0.2420
vn -0.9847 -0.0104 0.1737
vn -0.9944 0.0103 0.1050
vn -1.0000 -0.0033 -0.0000
vn -0.9945 0.0102 0.1046
vn -0.9997 0.0237 -0.0000
vn -0.9945 0.0104 0.1041
vn -0.9944 0.0103 0.1049
vn -0.6945 0.0103 0.7194
vn -0.9966 -0.0827 -0.0000
vn -0.6945 0.0104 0.7194
vn -0.6948 0.0103 0.7192
vn -0.9951 0.0991 -0.0000
vn -0.6944 0.0103 0.7195
vn -0.7432 -0.0103 0.6690
vn -0.7877 0.0102 0.6160
vn -0.9975 -0.0709 -0.0000
vn -0.7878 0.0103 0.6158
vn 0.2757 -0.0103 0.9612
vn 0.2149 0.0321 0.9761
vn 0.9272 0.0105 0.3744
vn 0.3481 -0.0790 0.9341
vn 0.9273 0.0103 0.3741
vn 0.9273 0.0103 0.3742
vn 0.9993 -0.0385 -0.0000
vn 0.9272 0.0104 0.3744
vn 0.8988 -0.0103 0.4383
vn 0.8659 0.0104 0.5001
vn 0.3713 -0.0708 0.9258
vn 0.8662 0.0103 0.4996
vn 0.8662 0.0103 0.4995
vn 0.2879 0.0946 0.9530
vn 0.8660 0.0102 0.5000
vn -0.8291 -0.0103 0.5590
vn -0.9962 0.0870 -0.0000
vn -0.7880 0.0103 0.6155
vn 0.5300 0.0103 -0.8479
vn 0.9937 0.1118 -0.0000
vn 0.5298 0.0103 -0.8481
vn 0.9946 -0.1033 -0.0000
vn 0.5878 -0.0103 -0.8089
vn 0.6432 0.0102 -0.7656
vn 0.2682 0.0561 -0.9617
vn 0.6426 0.0102 -0.7661
vn 0.6429 0.0103 -0.7659
vn 0.9946 0.1040 -0.0000
vn 0.6423 0.0102 -0.7664
vn 0.2078 0.0103 0.9781
vn 0.1001 -0.0032 0.9950
vn 0.2079 0.0103 0.9781
vn -0.0000 0.0367 0.9993
vn 0.2083 0.0103 0.9780
vn 0.1392 -0.0103 0.9902
vn 0.0698 0.0103 0.9975
vn 0.0349 0.0103 0.9993
vn 0.0697 -0.0000 0.9976
vn 0.0698 -0.0000 0.9976
vn -0.0350 -0.0000 0.9994
vn -0.0696 0.0103 0.9975
vn -0.0698 0.0103 0.9975
vn -0.0697 0.0103 0.9975
vn 0.9945 0.0104 0.1041
vn 0.9997 0.0237 -0.0000
vn 0.9944 0.0103 0.1049
vn 0.9944 0.0103 0.1050
vn 1.0000 -0.0033 -0.0000
vn 0.9945 0.0102 0.1046
vn 0.9847 -0.0104 0.1737
vn 0.9702 0.0103 0.2420
vn 0.9992 0.0411 -0.0000
vn 0.9702 0.0103 0.2421
vn 0.9998 -0.0211 -0.0000
vn 1.0000 -0.0000 -0.0001
vn 0.3701 0.2568 -0.8928
vn 0.3697 0.2567 -0.8930
vn 0.5882 0.2567 -0.7669
vn 0.5882 0.2568 0.7669
vn 0.5889 0.2567 0.7664
vn 0.3701 0.2567 0.8928
vn 0.9498 0.2578 -0.1775
vn 0.5822 0.2578 -0.7711
vn 0.4306 0.2578 -0.8649
vn -0.5822 0.2578 -0.7711
vn -0.7140 0.2578 -0.6510
vn -0.9497 0.2578 -0.1775
vn -0.9011 0.2578 0.3486
vn -0.7142 0.2578 0.6508
vn 0.4307 0.2578 0.8649
vn 0.5823 0.2578 0.7711
vn 0.9497 0.2578 0.1776
vn 0.9498 0.2578 0.1774
vn 0.9497 0.2578 -0.1775
vn -0.3367 -0.6544 0.6770
vn -0.3370 -0.6545 0.6768
vn 0.2069 -0.6545 -0.7272
vn 0.7050 -0.6545 0.2732
vn -0.6435 -0.6544 -0.3971
vn 0.7434 -0.6546 -0.1374
vn 0.2067 -0.6544 0.7273
vn 0.2069 -0.6545 0.7272
vn -0.3367 -0.6544 -0.6770
vn 0.2067 -0.6544 -0.7273
vn -0.2071 -0.6545 -0.7272
vn 0.3367 -0.6545 0.6770
vn 0.7432 -0.6545 -0.1392
vn 0.7050 -0.6545 -0.2732
vn 0.3367 -0.6545 -0.6770
vn -0.2071 -0.6545 0.7272
vn -0.6435 -0.6544 0.3971
vn 0.7432 -0.6545 0.1392
vn 0.7434 -0.6546 0.1374
vn 0.4453 0.0064 -0.8953
vn -0.8855 -0.0113 -0.4646
vn -0.4457 0.0064 0.8951
vn -0.9326 0.0066 -0.3609
vn -0.9325 0.0066 -0.3612
vn 0.4453 0.0064 0.8953
vn 0.9833 0.0034 0.1821
vn -0.2738 0.0058 0.9618
vn -0.2736 0.0058 0.9618
vn -0.8510 0.0049 -0.5251
vn -0.4457 0.0064 -0.8951
vn -0.2736 0.0058 -0.9618
vn -0.2738 0.0058 -0.9618
vn 0.9829 0.0034 0.1839
vn 0.9829 0.0034 -0.1839
vn 0.9833 0.0034 -0.1821
vn -0.8510 0.0049 0.5251
vn -0.8855 -0.0113 0.4646
vn -0.9325 0.0066 0.3612
vn -0.9326 0.0066 0.3609
vn 0.7892 -0.0056 0.6142
vn -0.9460 -0.0034 0.3241
vn -0.2454 -0.0024 0.9694
vn -0.2457 -0.0024 0.9693
vn 0.7892 -0.0056 -0.6142
vn -0.9460 -0.0034 -0.3241
vn -0.2457 -0.0024 -0.9693
vn -0.2454 -0.0024 -0.9694
vn 0.2305 0.7386 0.6335
vn 0.2713 0.7374 0.6186
vn 0.3121 0.7470 0.5871
vn 0.3628 0.7484 0.5553
vn 0.4664 0.7411 0.4830
vn -0.3567 0.7414 -0.5684
vn -0.6051 0.7397 -0.2944
vn -0.6365 0.7417 -0.2115
vn -0.5276 0.7436 0.4107
vn -0.4667 0.7412 0.4826
vn -0.4551 0.7405 0.4945
vn -0.3958 0.7391 0.5450
vn -0.3690 0.7382 0.5648
vn -0.3903 0.7479 0.5369
vn -0.3085 0.7538 0.5803
vn -0.1658 0.7378 -0.6544
vn -0.1631 0.7473 -0.6442
vn 0.5767 0.7461 0.3329
vn 0.6382 0.7379 0.2193
vn 0.6122 0.7509 0.2477
vn 0.6274 0.7484 0.2149
vn 0.6546 0.7383 0.1629
vn 0.6638 0.7393 -0.1132
vn -0.6500 0.7424 0.1622
vn -0.5935 0.7380 0.3212
vn -0.5817 0.7409 0.3357
vn -0.5265 0.7440 0.4114
vn -0.2306 0.7385 0.6335
vn -0.2305 0.7386 0.6335
vn -0.1630 0.7478 0.6437
vn -0.1396 0.7412 0.6567
vn -0.1655 0.7391 0.6530
vn 0.6697 0.7423 -0.0231
vn 0.6364 0.7416 -0.2121
vn 0.4325 0.7394 -0.5160
vn 0.3641 0.7463 -0.5572
vn 0.3565 0.7413 -0.5686
vn 0.1853 0.7405 -0.6460
vn 0.1652 0.7398 -0.6523
vn 0.1632 0.7473 -0.6441
vn 0.0937 0.7388 -0.6674
vn 0.8598 0.3738 0.3479
vn 0.9001 0.3738 0.2239
vn -0.5451 0.3738 0.7505
vn -0.5454 0.3738 0.7502
vn -0.9846 0.0102 -0.1744
vn -0.9849 0.0102 -0.1726
vn -0.9863 -0.0000 -0.1650
vn 0.9863 -0.0000 0.1650
vn 0.9863 -0.0000 0.1647
vn 0.9863 -0.0000 0.1651
vn 0.1650 -0.0000 -0.9863
vn 0.1649 0.0002 -0.9863
vn 0.1651 -0.0001 -0.9863
vn 0.1649 -0.0001 -0.9863
vn 0.1651 0.0002 -0.9863
vn 0.1650 0.0001 -0.9863
vn 0.1650 -0.0001 -0.9863
vn 0.1651 0.0001 -0.9863
vn 0.1649 0.0001 -0.9863
vn 0.1651 -0.0000 -0.9863
vn 0.1648 -0.0000 -0.9863
vn 0.1652 -0.0000 -0.9863
vn -0.1650 -0.0000 0.9863
vn -0.1654 -0.0002 0.9862
vn -0.1648 0.0002 0.9863
vn -0.1652 -0.0000 0.9863
vn -0.1646 -0.0000 0.9864
vn -0.1648 -0.0000 0.9863
vn -0.1635 -0.0001 0.9865
vn -0.1651 -0.0000 0.9863
vn -0.1692 0.0002 0.9856
vn -0.1731 -0.0000 0.9849
vn -0.1644 -0.0000 0.9864
vn -0.1776 -0.0000 0.9841
vn -0.1654 0.0002 0.9862
vn -0.1648 -0.0001 0.9863
vn -0.1652 0.0001 0.9863
vn -0.1649 -0.0000 0.9863
vn -0.1700 0.0001 0.9855
vn -0.1628 -0.0000 0.9867
vn -0.1651 -0.0001 0.9863
vn -0.1528 -0.0000 0.9883
vn -0.1654 -0.0000 0.9862
vn -0.1635 0.0001 0.9865
vn -0.8929 0.2568 -0.3699
vn -0.7667 0.2567 -0.5884
vn -0.7662 0.2568 -0.5890
vn -0.5879 0.2568 -0.7671
vn -0.5891 0.2567 -0.7663
vn -0.3704 0.2567 -0.8927
vn -0.3699 0.2567 -0.8929
vn -0.1258 0.2567 -0.9583
vn 0.1259 0.2567 -0.9583
vn 0.3702 0.2568 -0.8928
vn 0.3699 0.2567 -0.8929
vn 0.5883 0.2567 -0.7668
vn 0.5890 0.2568 -0.7662
vn 0.7668 0.2568 -0.5882
vn 0.7662 0.2567 -0.5890
vn 0.8929 0.2568 -0.3698
vn 0.8929 0.2567 -0.3699
vn 0.9582 0.2567 -0.1260
vn 0.9582 0.2568 0.1261
vn 0.9582 0.2568 0.1262
vn 0.8929 0.2568 0.3698
vn 0.8929 0.2568 0.3699
vn 0.7666 0.2568 0.5886
vn 0.7662 0.2568 0.5890
vn 0.5887 0.2568 0.7665
vn 0.5890 0.2568 0.7662
vn 0.3695 0.2568 0.8930
vn 0.3699 0.2568 0.8929
vn 0.1266 0.2567 0.9581
vn -0.1265 0.2568 0.9582
vn -0.1259 0.2567 0.9582
vn -0.3698 0.2568 0.8929
vn -0.3699 0.2568 0.8929
vn -0.5884 0.2567 0.7667
vn -0.5890 0.2568 0.7662
vn -0.7664 0.2568 0.5887
vn -0.7662 0.2568 0.5890
vn -0.8930 0.2568 0.3695
vn -0.8929 0.2567 0.3699
vn -0.9582 0.2567 0.1262
vn 0.9011 0.2578 -0.3488
vn 0.8214 0.2578 -0.5087
vn 0.8215 0.2578 -0.5087
vn 0.7139 0.2578 -0.6511
vn 0.5821 0.2578 -0.7712
vn 0.4307 0.2578 -0.8649
vn 0.4312 0.2578 -0.8647
vn 0.2645 0.2578 -0.9293
vn 0.0887 0.2578 -0.9621
vn -0.0891 0.2578 -0.9621
vn -0.0888 0.2578 -0.9621
vn -0.2645 0.2578 -0.9293
vn -0.4308 0.2578 -0.8648
vn -0.4311 0.2578 -0.8647
vn -0.5821 0.2578 -0.7712
vn -0.5821 0.2578 -0.7711
vn -0.7140 0.2578 -0.6509
vn -0.8215 0.2578 -0.5086
vn -0.8216 0.2578 -0.5085
vn -0.9009 0.2578 -0.3490
vn -0.9497 0.2578 0.1776
vn -0.9010 0.2578 0.3489
vn -0.8214 0.2578 0.5087
vn -0.8216 0.2578 0.5085
vn -0.7140 0.2578 0.6509
vn -0.7140 0.2578 0.6510
vn -0.5821 0.2578 0.7712
vn -0.4308 0.2578 0.8648
vn -0.4311 0.2578 0.8647
vn -0.2641 0.2578 0.9294
vn -0.2639 0.2578 0.9295
vn -0.0894 0.2578 0.9621
vn -0.0893 0.2578 0.9621
vn 0.0894 0.2578 0.9621
vn 0.0893 0.2578 0.9621
vn 0.2642 0.2578 0.9294
vn 0.2639 0.2578 0.9295
vn 0.4312 0.2578 0.8646
vn 0.5821 0.2578 0.7712
vn 0.7139 0.2578 0.6511
vn 0.8214 0.2578 0.5089
vn 0.8215 0.2578 0.5087
vn 0.9010 0.2578 0.3490
vn 0.9011 0.2578 0.3488
vn 0.6025 -0.0000 -0.7981
vn 0.8502 -0.0000 -0.5265
vn 0.9324 -0.0000 -0.3613
vn 0.9830 -0.0000 -0.1837
vn 0.9325 -0.0000 0.3612
vn 0.8501 -0.0000 0.5267
vn 0.6027 -0.0000 0.7980
vn 0.4458 -0.0000 0.8951
vn 0.2734 -0.0000 0.9619
vn 0.0925 -0.0000 0.9957
vn -0.0926 -0.0000 0.9957
vn -0.2734 -0.0000 0.9619
vn -0.4459 -0.0000 0.8951
vn -0.6027 -0.0000 0.7980
vn -0.7390 -0.0000 0.6737
vn -0.8502 -0.0000 0.5265
vn -0.9325 -0.0000 0.3611
vn -0.9830 -0.0000 -0.1837
vn -0.8502 -0.0000 -0.5264
vn -0.8503 -0.0000 -0.5264
vn -0.7390 -0.0000 -0.6737
vn -0.6025 -0.0000 -0.7982
vn -0.6024 -0.0000 -0.7982
vn -0.4459 -0.0000 -0.8951
vn -0.0922 -0.0000 -0.9957
vn 0.4458 -0.0000 -0.8951
vn 0.4457 -0.0000 -0.8952
vn -0.4555 -0.6545 0.6035
vn -0.3375 -0.6545 0.6765
vn -0.3369 -0.6545 0.6768
vn -0.3371 -0.6545 -0.6768
vn -0.6430 -0.6545 -0.3976
vn -0.6429 -0.6545 -0.3980
vn -0.5588 -0.6545 0.5094
vn -0.4554 -0.6545 0.6036
vn -0.4557 -0.6545 0.6034
vn 0.7430 -0.6544 -0.1402
vn -0.0700 -0.6545 0.7528
vn 0.0694 -0.6545 0.7529
vn 0.0700 -0.6544 0.7529
vn 0.2077 -0.6544 0.7271
vn -0.6428 -0.6545 -0.3980
vn -0.7050 -0.6545 -0.2731
vn -0.4558 -0.6544 -0.6033
vn -0.4555 -0.6545 -0.6035
vn -0.4552 -0.6547 -0.6035
vn -0.5586 -0.6545 -0.5095
vn -0.7432 -0.6545 -0.1390
vn -0.7432 -0.6545 -0.1388
vn -0.7561 -0.6544 -0.0000
vn -0.7432 -0.6545 0.1388
vn -0.7432 -0.6545 0.1390
vn 0.2077 -0.6544 -0.7270
vn 0.0699 -0.6545 -0.7529
vn 0.0697 -0.6544 -0.7529
vn -0.0699 -0.6544 -0.7529
vn -0.0697 -0.6545 -0.7529
vn -0.2074 -0.6545 -0.7271
vn 0.3372 -0.6545 0.6767
vn -0.7051 -0.6544 0.2730
vn 0.4557 -0.6545 0.6033
vn 0.4557 -0.6545 0.6034
vn 0.4538 -0.6543 0.6049
vn 0.6432 -0.6544 0.3976
vn 0.6427 -0.6545 0.3982
vn 0.6427 -0.6544 0.3984
vn 0.7050 -0.6544 0.2732
vn 0.6437 -0.6544 -0.3968
vn 0.5587 -0.6544 -0.5095
vn 0.5588 -0.6545 -0.5093
vn 0.4537 -0.6544 -0.6050
vn 0.4555 -0.6545 -0.6034
vn 0.7433 -0.6545 -0.1387
vn 0.7052 -0.6545 -0.2727
vn 0.7050 -0.6544 -0.2732
vn 0.4560 -0.6544 -0.6032
vn 0.3364 -0.6544 -0.6772
vn -0.2067 -0.6544 0.7273
vn -0.2073 -0.6544 0.7272
vn -0.0695 -0.6544 0.7529
vn -0.7050 -0.6544 0.2732
vn -0.6428 -0.6545 0.3980
vn -0.6426 -0.6544 0.3985
vn 0.7052 -0.6545 0.2728
vn 0.7433 -0.6545 0.1387
vn 0.7432 -0.6545 0.1390
vn 0.7432 -0.6542 0.1403
vn 0.4457 0.0063 -0.8951
vn 0.4448 0.0063 -0.8956
vn 0.5680 -0.0098 -0.8230
vn 0.6031 0.0019 -0.7977
vn 0.5999 0.0019 -0.8001
vn -0.7485 -0.0026 -0.6632
vn -0.8854 -0.0112 -0.4647
vn -0.5680 -0.0095 0.8229
vn 0.7391 -0.0076 0.6735
vn -0.7485 -0.0067 0.6632
vn 0.1205 -0.0084 0.9927
vn -0.3549 -0.0115 -0.9348
vn -0.9830 0.0035 0.1838
vn -0.9709 -0.0105 0.2393
vn -0.9830 0.0035 0.1835
vn -0.3545 -0.0115 0.9350
vn -0.4456 0.0064 0.8952
vn -0.4464 0.0064 0.8948
vn -0.9830 0.0035 -0.1835
vn -0.9830 0.0035 -0.1838
vn -0.9709 -0.0105 -0.2394
vn -0.9325 0.0067 -0.3610
vn -0.9324 0.0067 -0.3613
vn 0.2747 0.0059 -0.9615
vn 0.1205 -0.0082 -0.9927
vn 0.3546 -0.0115 0.9350
vn 0.2734 0.0057 0.9619
vn 0.2747 0.0057 0.9615
vn 0.8513 0.0049 -0.5247
vn 0.8499 0.0049 -0.5268
vn 0.9324 0.0066 -0.3613
vn 0.9327 0.0066 -0.3607
vn 0.5680 -0.0096 0.8230
vn 0.4460 0.0063 0.8950
vn 0.4457 0.0063 0.8951
vn 0.6001 0.0019 0.7999
vn 0.6027 0.0019 0.7980
vn 0.7389 -0.0023 -0.6738
vn 0.7484 -0.0068 -0.6632
vn 0.9827 0.0035 0.1854
vn 0.0918 -0.0000 0.9958
vn -0.0919 -0.0000 0.9958
vn -0.1205 -0.0084 0.9927
vn -0.2742 0.0057 0.9617
vn -0.2736 0.0057 0.9618
vn -0.8502 0.0048 -0.5264
vn -0.8505 0.0048 -0.5259
vn -0.7389 -0.0077 -0.6738
vn -0.6021 0.0019 -0.7984
vn -0.6029 0.0019 -0.7978
vn -0.5680 -0.0097 -0.8229
vn -0.4452 0.0064 -0.8954
vn -0.4456 0.0063 -0.8952
vn -0.2736 0.0059 -0.9618
vn -0.2742 0.0059 -0.9616
vn -0.1205 -0.0082 -0.9927
vn -0.0924 -0.0000 -0.9957
vn 0.0924 -0.0000 -0.9957
vn 0.9709 -0.0106 0.2392
vn 0.9830 0.0035 0.1834
vn 0.3550 -0.0115 -0.9348
vn 0.2734 0.0059 -0.9619
vn -0.6025 0.0019 0.7981
vn -0.6023 0.0019 0.7983
vn -0.7391 -0.0023 0.6736
vn 0.9327 0.0066 0.3607
vn 0.9324 0.0066 0.3613
vn 0.8499 0.0049 0.5268
vn 0.8506 0.0048 0.5258
vn 0.9830 0.0036 -0.1834
vn 0.9827 0.0036 -0.1854
vn -0.8499 0.0048 0.5270
vn -0.8502 0.0048 0.5264
vn -0.8854 -0.0112 0.4647
vn -0.9324 0.0067 0.3613
vn -0.9325 0.0067 0.3610
vn 0.9457 -0.0034 0.3249
vn 0.9459 -0.0034 0.3243
vn 0.9857 -0.0014 0.1685
vn -0.7389 0.0072 -0.6737
vn 0.9829 0.0038 -0.1839
vn -0.0924 0.0027 0.9957
vn 0.2735 0.0048 -0.9618
vn -0.8501 0.0068 0.5265
vn -0.4456 0.0063 0.8952
vn 0.6773 -0.0058 0.7357
vn 0.5470 -0.0053 0.8371
vn 0.5472 -0.0053 0.8370
vn 0.7391 0.0073 0.6736
vn 0.6771 -0.0058 0.7359
vn -0.5470 -0.0053 -0.8371
vn -0.6026 0.0071 -0.7980
vn -0.6771 -0.0058 -0.7359
vn -0.6775 -0.0058 -0.7355
vn 0.2735 0.0049 0.9618
vn 0.4018 -0.0042 0.9157
vn 0.4015 -0.0042 0.9159
vn -0.8502 0.0068 -0.5264
vn -0.7890 -0.0057 -0.6143
vn -0.7891 -0.0057 -0.6142
vn -0.9325 0.0057 -0.3612
vn -0.8795 -0.0048 -0.4759
vn -0.4018 -0.0043 -0.9157
vn -0.4016 -0.0043 -0.9158
vn 0.7893 -0.0056 0.6140
vn 0.8502 0.0068 0.5264
vn 0.8795 -0.0048 0.4758
vn -0.9830 0.0039 0.1837
vn -0.9864 -0.0013 0.1646
vn 0.9857 -0.0014 -0.1686
vn -0.9863 -0.0013 0.1648
vn -0.0827 -0.0000 0.9966
vn 0.0827 -0.0000 0.9966
vn 0.0924 0.0027 0.9957
vn 0.2432 -0.0024 0.9700
vn 0.2456 -0.0025 -0.9694
vn 0.2462 -0.0025 -0.9692
vn 0.0921 0.0027 -0.9957
vn -0.7890 -0.0056 0.6143
vn -0.7391 0.0073 0.6736
vn -0.9458 -0.0034 0.3247
vn -0.9325 0.0056 0.3612
vn -0.8795 -0.0049 0.4759
vn -0.8796 -0.0049 0.4758
vn 0.9324 0.0057 -0.3614
vn 0.9457 -0.0034 -0.3249
vn 0.9462 -0.0034 -0.3237
vn -0.4018 -0.0042 0.9157
vn -0.2736 0.0049 0.9618
vn -0.2456 -0.0023 0.9694
vn -0.2432 -0.0023 0.9700
vn 0.5470 -0.0053 -0.8371
vn 0.5472 -0.0053 -0.8370
vn 0.4460 0.0063 -0.8950
vn 0.4015 -0.0043 -0.9159
vn 0.4018 -0.0043 -0.9157
vn 0.8503 0.0067 -0.5262
vn 0.7893 -0.0057 -0.6140
vn 0.7389 0.0072 -0.6737
vn 0.6775 -0.0058 -0.7355
vn 0.6769 -0.0058 -0.7360
vn -0.6771 -0.0058 0.7359
vn -0.6775 -0.0058 0.7355
vn -0.6026 0.0071 0.7980
vn -0.5470 -0.0053 0.8371
vn -0.9458 -0.0034 -0.3247
vn -0.9460 -0.0034 -0.3242
vn -0.9830 0.0039 -0.1838
vn -0.9864 -0.0013 -0.1646
vn -0.9863 -0.0013 -0.1649
vn 0.0824 -0.0000 -0.9966
vn -0.0824 -0.0000 -0.9966
vn -0.0921 0.0028 -0.9957
vn -0.2462 -0.0024 -0.9692
vn -0.2456 -0.0024 -0.9694
vn -0.0469 0.7423 0.6684
vn 0.0469 0.7424 0.6684
vn 0.0551 0.7456 0.6642
vn 0.1398 0.7399 0.6580
vn 0.1638 0.7391 0.6533
vn 0.1395 0.7411 0.6567
vn 0.1631 0.7477 0.6437
vn 0.2303 0.7386 0.6336
vn 0.2714 0.7375 0.6185
vn 0.2661 0.7487 0.6072
vn 0.3165 0.7383 0.5956
vn 0.3120 0.7470 0.5870
vn 0.3961 0.7392 0.5448
vn 0.4569 0.7382 0.4963
vn 0.3865 0.7537 0.5315
vn 0.4504 0.7466 0.4895
vn 0.4655 0.7409 0.4841
vn 0.0546 0.7486 -0.6608
vn -0.2687 0.7431 -0.6128
vn -0.3549 0.7416 -0.5693
vn -0.3672 0.7410 -0.5621
vn -0.3544 0.7435 -0.5671
vn -0.3641 0.7463 -0.5572
vn -0.4323 0.7394 -0.5161
vn -0.4565 0.7385 -0.4962
vn -0.4285 0.7453 -0.5107
vn -0.4495 0.7482 -0.4880
vn -0.5014 0.7384 -0.4511
vn -0.4916 0.7498 -0.4429
vn -0.5230 0.7488 -0.4072
vn -0.5592 0.7384 -0.3769
vn -0.5591 0.7384 -0.3771
vn -0.6015 0.7430 -0.2934
vn -0.5928 0.7387 -0.3208
vn -0.6048 0.7397 -0.2950
vn -0.6299 0.7459 -0.2163
vn -0.6368 0.7427 -0.2069
vn -0.6346 0.7416 -0.2175
vn -0.6383 0.7417 -0.2061
vn -0.6576 0.7453 -0.1098
vn -0.6568 0.7451 -0.1158
vn -0.5275 0.7437 0.4106
vn -0.4650 0.7410 0.4845
vn -0.4550 0.7405 0.4945
vn -0.4637 0.7446 0.4801
vn -0.4507 0.7466 0.4893
vn -0.3961 0.7392 0.5446
vn -0.3690 0.7382 0.5647
vn -0.3902 0.7479 0.5370
vn -0.3628 0.7483 0.5553
vn -0.2714 0.7371 0.6189
vn -0.3084 0.7538 0.5803
vn -0.2664 0.7487 0.6070
vn -0.0546 0.7486 -0.6608
vn -0.1662 0.7378 -0.6543
vn -0.0934 0.7423 -0.6635
vn -0.2703 0.7398 -0.6161
vn -0.1818 0.7491 -0.6371
vn -0.2717 0.7444 -0.6100
vn 0.6539 0.7486 0.1091
vn 0.6693 0.7397 0.0705
vn 0.6658 0.7374 0.1137
vn 0.5276 0.7437 0.4107
vn 0.5266 0.7439 0.4114
vn 0.5272 0.7442 0.4101
vn 0.5812 0.7408 0.3368
vn 0.5914 0.7402 0.3199
vn 0.5766 0.7462 0.3329
vn 0.6382 0.7380 0.2192
vn 0.6125 0.7508 0.2474
vn 0.6275 0.7483 0.2151
vn 0.6545 0.7383 0.1633
vn 0.6642 0.7475 -0.0000
vn 0.6639 0.7391 -0.1134
vn -0.6720 0.7401 -0.0235
vn -0.6720 0.7402 -0.0234
vn -0.6642 0.7475 -0.0000
vn -0.6704 0.7387 0.0704
vn -0.6658 0.7378 0.1112
vn -0.6693 0.7396 0.0704
vn -0.6539 0.7486 0.1091
vn -0.6545 0.7383 0.1633
vn -0.6392 0.7371 0.2196
vn -0.6500 0.7425 0.1620
vn -0.6273 0.7484 0.2154
vn -0.6247 0.7390 0.2523
vn -0.5934 0.7380 0.3212
vn -0.6154 0.7480 0.2486
vn -0.5848 0.7470 0.3163
vn -0.5817 0.7408 0.3359
vn -0.5305 0.7402 0.4131
vn -0.5667 0.7558 0.3279
vn -0.5266 0.7440 0.4113
vn -0.2305 0.7385 0.6336
vn -0.1631 0.7477 0.6437
vn -0.1395 0.7411 0.6568
vn -0.1638 0.7391 0.6533
vn -0.1398 0.7399 0.6580
vn -0.0551 0.7455 0.6642
vn 0.6568 0.7452 -0.1158
vn 0.6371 0.7418 -0.2092
vn 0.6347 0.7416 -0.2171
vn 0.6048 0.7395 -0.2955
vn 0.6016 0.7430 -0.2933
vn 0.5837 0.7480 -0.3160
vn 0.5332 0.7373 -0.4148
vn 0.5522 0.7461 -0.3721
vn 0.5010 0.7383 -0.4515
vn 0.4577 0.7373 -0.4969
vn 0.4903 0.7517 -0.4411
vn 0.4492 0.7481 -0.4884
vn 0.4327 0.7394 -0.5158
vn 0.4321 0.7395 -0.5163
vn 0.3545 0.7435 -0.5671
vn 0.3560 0.7414 -0.5688
vn 0.2686 0.7431 -0.6129
vn 0.2716 0.7444 -0.6100
vn 0.1846 0.7405 -0.6462
vn 0.1831 0.7480 -0.6380
vn 0.1636 0.7473 -0.6440
vn 0.0939 0.7388 -0.6673
vn 0.0938 0.7388 -0.6673
vn 0.0647 0.3738 0.9253
vn 0.0649 0.3738 0.9252
vn 0.1928 0.3738 0.9072
vn 0.1926 0.3738 0.9073
vn 0.3169 0.3739 0.8717
vn 0.4352 0.3738 0.8190
vn 0.4354 0.3738 0.8189
vn 0.4353 0.3738 0.8190
vn 0.4356 0.3738 0.8189
vn 0.5453 0.3738 0.7503
vn 0.5455 0.3738 0.7502
vn 0.6441 0.3739 0.6674
vn 0.6428 0.3740 0.6685
vn -0.0649 0.3738 0.9252
vn -0.3774 0.3738 -0.8472
vn -0.3772 0.3738 -0.8473
vn -0.4906 0.3738 -0.7871
vn -0.4915 0.3738 -0.7865
vn -0.5956 0.3738 -0.7110
vn -0.5964 0.3738 -0.7103
vn -0.6895 0.3738 -0.6203
vn -0.6891 0.3738 -0.6208
vn -0.7691 0.3738 -0.5185
vn -0.7689 0.3738 -0.5187
vn -0.7689 0.3739 -0.5187
vn -0.8336 0.3738 -0.4066
vn -0.8337 0.3738 -0.4065
vn -0.8821 0.3738 -0.2867
vn -0.8825 0.3742 -0.2849
vn -0.8821 0.3738 -0.2865
vn -0.9134 0.3738 -0.1611
vn -0.9269 0.3739 -0.0324
vn -0.9269 0.3738 -0.0323
vn -0.9224 0.3738 0.0968
vn -0.9000 0.3738 0.2244
vn -0.8999 0.3739 0.2244
vn -0.8600 0.3738 0.3474
vn 0.2548 0.3738 -0.8918
vn 0.2555 0.3738 -0.8916
vn 0.2558 0.3738 -0.8915
vn 0.2559 0.3738 -0.8915
vn 0.1292 0.3738 -0.9184
vn 0.1289 0.3738 -0.9185
vn 0.1294 0.3738 -0.9184
vn -0.1294 0.3738 -0.9184
vn -0.1293 0.3738 -0.9185
vn -0.1289 0.3738 -0.9185
vn -0.2558 0.3738 -0.8915
vn -0.2559 0.3738 -0.8915
vn -0.2546 0.3739 -0.8919
vn -0.2555 0.3738 -0.8916
vn 0.7309 0.3738 0.5710
vn 0.8025 0.3740 0.4649
vn 0.8032 0.3738 0.4639
vn 0.8602 0.3738 0.3469
vn 0.8600 0.3738 0.3472
vn 0.8600 0.3738 0.3474
vn 0.9224 0.3738 0.0968
vn 0.9225 0.3738 0.0966
vn 0.9269 0.3738 -0.0323
vn 0.9269 0.3739 -0.0318
vn -0.8032 0.3738 0.4639
vn -0.8033 0.3738 0.4636
vn -0.8028 0.3739 0.4645
vn -0.6423 0.3736 0.6692
vn -0.6442 0.3739 0.6673
vn -0.6443 0.3738 0.6671
vn -0.5456 0.3738 0.7501
vn -0.5452 0.3738 0.7504
vn -0.4357 0.3738 0.8188
vn -0.4353 0.3738 0.8190
vn -0.3173 0.3738 0.8716
vn -0.1927 0.3738 0.9072
vn 0.9134 0.3738 -0.1610
vn 0.8813 0.3736 -0.2894
vn 0.8822 0.3738 -0.2863
vn 0.8820 0.3738 -0.2869
vn 0.8334 0.3738 -0.4071
vn 0.8337 0.3739 -0.4065
vn 0.8336 0.3738 -0.4066
vn 0.7689 0.3739 -0.5186
vn 0.7692 0.3738 -0.5183
vn 0.7687 0.3738 -0.5190
vn 0.6891 0.3738 -0.6209
vn 0.6894 0.3738 -0.6204
vn 0.6895 0.3738 -0.6204
vn 0.5962 0.3738 -0.7106
vn 0.5963 0.3738 -0.7105
vn 0.5953 0.3738 -0.7113
vn 0.5963 0.3739 -0.7104
vn 0.4915 0.3739 -0.7865
vn 0.4921 0.3738 -0.7862
vn 0.4913 0.3738 -0.7867
vn -0.0000 0.1305 0.9915
vn -0.8661 0.0103 0.4998
vn -0.0000 -0.1333 0.9911
vn -0.8659 0.0103 0.5001
vn -0.8661 0.0103 0.4997
vn -0.8987 -0.0104 0.4384
vn -0.9273 0.0103 0.3743
vn -0.9272 0.0103 0.3745
vn -0.0000 -0.1130 0.9936
vn -0.9271 0.0104 0.3746
vn -0.9271 0.0103 0.3746
vn 0.0699 -0.0104 -0.9975
vn -0.2079 -0.0103 -0.9781
vn -0.7879 -0.0102 -0.6157
vn -0.1391 -0.0103 0.9902
vn -0.6426 -0.0103 0.7661
vn -0.9993 -0.0103 0.0349
vn -0.9510 -0.0103 0.3090
vn 0.6948 -0.0103 -0.7191
vn 0.9511 -0.0101 0.3088
vn -0.9508 0.0103 -0.3095
vn -0.9928 0.0363 -0.1141
vn -0.9510 0.0103 -0.3089
vn -0.9702 -0.0103 -0.2419
vn -0.0000 0.0571 -0.9984
vn -0.5299 0.0103 -0.8480
vn -0.0000 -0.0499 -0.9988
vn -0.5298 0.0103 -0.8480
vn -0.5877 -0.0104 -0.8090
vn 0.4082 0.0102 -0.9128
vn -0.0000 0.0743 -0.9972
vn 0.3419 -0.0103 -0.9397
vn 0.5875 0.0104 0.8092
vn 0.6425 -0.0102 0.7662
vn -0.2082 0.0102 0.9780
vn -0.0000 0.0526 0.9986
vn -0.2077 0.0103 0.9781
vn -0.2077 0.0104 0.9781
vn -0.0000 -0.0288 0.9996
vn -0.2066 0.0102 0.9784
vn -0.2756 -0.0103 0.9612
vn -0.9228 -0.1021 0.3714
vn -0.3421 0.0104 0.9396
vn -0.7431 0.0103 -0.6691
vn -0.7431 0.0104 -0.6691
vn -0.0000 0.1200 -0.9928
vn -0.6947 -0.0103 -0.7192
vn -0.6430 0.0104 -0.7658
vn -0.0000 -0.0712 -0.9975
vn -0.6427 0.0104 -0.7661
vn -0.9254 -0.0393 -0.3769
vn -0.6421 0.0104 -0.7665
vn -0.4695 -0.0103 -0.8829
vn -0.4067 -0.0103 0.9135
vn -0.3421 0.0102 0.9396
vn -0.0000 -0.0399 0.9992
vn -0.3420 0.0102 0.9397
vn -0.9272 -0.0103 -0.3745
vn -0.9511 0.0102 -0.3088
vn -0.0000 0.1374 -0.9905
vn -0.9510 0.0103 -0.3090
vn -0.0000 -0.0250 -0.9997
vn -0.4067 0.0104 -0.9135
vn -0.0000 0.0588 -0.9983
vn -0.4077 0.0103 -0.9130
vn -0.3419 -0.0103 -0.9397
vn -0.2760 0.0104 -0.9611
vn -0.0000 -0.0263 -0.9997
vn -0.2754 0.0103 -0.9613
vn -0.2759 0.0104 -0.9611
vn -0.0000 0.0524 -0.9986
vn -0.2758 0.0104 -0.9611
vn -0.8987 0.0103 -0.4384
vn -0.0000 -0.1047 -0.9945
vn -0.8988 0.0103 -0.4382
vn -0.0000 0.1234 -0.9924
vn -0.8660 -0.0104 -0.5000
vn -0.8289 0.0103 -0.5594
vn -0.9809 0.0615 -0.1846
vn -0.8289 0.0102 -0.5593
vn -0.9819 -0.0424 -0.1846
vn -0.8289 0.0104 -0.5592
vn 0.9847 0.0104 -0.1739
vn 0.9999 -0.0113 -0.0000
vn 0.9848 0.0103 -0.1736
vn 0.9994 0.0339 -0.0000
vn 0.9848 0.0103 -0.1733
vn 0.9993 0.0104 -0.0355
vn 0.9994 0.0104 -0.0339
vn 0.9993 0.0103 -0.0349
vn -0.0000 0.0933 -0.9956
vn -0.0000 -0.0906 -0.9959
vn 0.7433 0.0105 -0.6689
vn 0.7881 -0.0102 -0.6155
vn 0.8288 0.0103 -0.5595
vn 0.7058 0.0332 -0.7076
vn 0.8291 0.0102 -0.5590
vn -0.9993 0.0103 -0.0349
vn -0.0000 -0.1376 -0.9905
vn -0.9848 0.0103 -0.1736
vn -0.9953 0.0234 -0.0936
vn -0.9848 0.0103 -0.1737
vn -0.9847 0.0103 -0.1737
vn -0.9950 0.0009 -0.1002
vn 0.8661 -0.0104 -0.4998
vn 0.7056 -0.0159 -0.7084
vn 0.8290 0.0103 -0.5592
vn -0.4692 0.0103 0.8830
vn -0.0000 0.0787 0.9969
vn -0.4697 0.0103 0.8828
vn -0.0000 -0.0689 0.9976
vn -0.4703 0.0103 0.8825
vn -0.5299 -0.0103 0.8480
vn -0.5878 0.0103 0.8090
vn -0.9232 0.0774 0.3765
vn -0.5876 0.0104 0.8091
vn -0.0000 0.0712 0.9975
vn -0.5877 0.0103 0.8090
vn 0.8987 0.0102 -0.4383
vn 0.8988 0.0103 -0.4381
vn 0.9272 -0.0103 -0.3745
vn 0.9509 0.0102 -0.3093
vn 0.9508 0.0102 -0.3096
vn 0.9511 0.0102 -0.3086
vn 0.7053 -0.0502 -0.7071
vn 0.9511 0.0104 -0.3087
vn -0.1395 0.0102 -0.9902
vn -0.0000 0.0290 -0.9996
vn -0.1389 0.0103 -0.9903
vn -0.1390 0.0104 -0.9902
vn -0.0699 -0.0104 -0.9975
vn -0.0000 0.0102 -0.9999
vn 0.4696 -0.0103 -0.8828
vn 0.4061 0.0102 -0.9138
vn -0.0000 0.0208 -0.9998
vn 0.1395 0.0102 -0.9902
vn 0.1390 0.0104 -0.9902
vn -0.0000 -0.0109 -0.9999
vn 0.1388 0.0103 -0.9903
vn 0.2079 -0.0103 -0.9781
vn 0.2758 0.0104 -0.9612
vn 0.2759 0.0104 -0.9611
vn 0.7880 0.0103 0.6156
vn 0.7874 0.0102 0.6163
vn 0.7880 0.0102 0.6156
vn 0.7879 0.0102 0.6157
vn 0.7431 -0.0104 0.6691
vn 0.6943 0.0103 0.7196
vn 0.9950 0.1002 -0.0000
vn 0.6946 0.0102 0.7193
vn 0.6944 0.0104 0.7195
vn 0.9968 -0.0803 -0.0000
vn 0.6942 0.0103 0.7197
vn 0.5298 -0.0103 0.8481
vn 0.5874 0.0104 0.8092
vn 0.4707 0.0104 0.8822
vn 0.4696 0.0102 0.8828
vn 0.4694 0.0103 0.8829
vn 0.4688 0.0104 0.8833
vn 0.4066 -0.0104 0.9136
vn 0.3420 0.0102 0.9397
vn 0.3421 0.0102 0.9396
vn -0.9703 0.0103 0.2418
vn -0.9956 -0.0104 0.0936
vn -0.0000 -0.1297 0.9916
vn -0.9702 0.0103 0.2419
vn -0.9702 0.0103 0.2421
vn -0.9848 -0.0103 0.1736
vn -0.9945 0.0103 0.1045
vn -0.9956 0.0094 0.0936
vn -0.0000 -0.1361 0.9907
vn -0.9945 0.0103 0.1044
vn -0.6943 0.0103 0.7196
vn -0.9613 -0.0484 0.2712
vn -0.6945 0.0102 0.7194
vn -0.9597 0.0757 0.2707
vn -0.6944 0.0103 0.7196
vn -0.7430 -0.0104 0.6692
vn -0.7884 0.0103 0.6151
vn -0.0000 0.1240 0.9923
vn -0.7881 0.0103 0.6155
vn 0.2756 -0.0103 0.9612
vn 0.7254 -0.0535 0.6862
vn -0.0000 -0.1165 0.9932
vn 0.9274 0.0103 0.3740
vn 0.9274 0.0103 0.3739
vn -0.0000 -0.1115 0.9938
vn 0.8664 0.0103 0.4992
vn -0.0000 0.1159 0.9933
vn 0.8660 0.0102 0.4999
vn -0.8290 -0.0103 0.5591
vn -0.0000 -0.1120 0.9937
vn -0.7879 0.0104 0.6157
vn -0.7876 0.0103 0.6161
vn 0.5299 0.0103 -0.8480
vn 0.5299 0.0102 -0.8480
vn -0.0000 0.0830 -0.9965
vn 0.5297 0.0102 -0.8481
vn 0.5878 -0.0104 -0.8090
vn 0.6425 0.0104 -0.7662
vn 0.7062 -0.0000 -0.7080
vn 0.6428 0.0104 -0.7659
vn 0.6426 0.0104 -0.7661
vn 0.2065 0.0102 0.9784
vn 0.2076 0.0104 0.9782
vn 0.2077 0.0103 0.9781
vn -0.0000 0.0383 0.9993
vn 0.2085 0.0102 0.9780
vn 0.1391 -0.0103 0.9902
vn 0.0711 0.0105 0.9974
vn 0.0697 0.0103 0.9975
vn 0.0346 0.0105 0.9993
vn 0.0693 -0.0000 0.9976
vn 0.0698 0.0001 0.9976
vn -0.0346 -0.0000 0.9994
vn -0.0694 0.0105 0.9975
vn -0.0000 0.0102 0.9999
vn -0.0698 0.0104 0.9975
vn -0.0711 0.0105 0.9974
vn 1.0000 -0.0036 -0.0000
vn 0.9702 0.0103 0.2422
vn 0.9997 -0.0235 -0.0000
vn -0.9863 -0.0000 -0.1651
vn -0.9863 -0.0000 -0.1647
vn -0.1650 -0.0001 0.9863
vn -0.1651 0.0001 0.9863
vn -0.1649 -0.0001 0.9863
vn -0.1649 -0.0002 0.9863
vn -0.1651 0.0002 0.9863
vn 0.1634 0.0008 -0.9866
vn 0.1667 -0.0008 -0.9860
vn 0.1649 -0.0000 -0.9863
vn 0.1646 0.0001 -0.9864
vn 0.1637 -0.0000 -0.9865
vn 0.1697 -0.0000 -0.9855
vn 0.1623 -0.0000 -0.9867
vn 0.1767 -0.0000 -0.9843
vn 0.1654 0.0003 -0.9862
vn 0.1648 -0.0001 -0.9863
vn 0.1645 -0.0000 -0.9864
vn 0.1670 -0.0002 -0.9860
vn 0.1648 0.0001 -0.9863
vn 0.1771 -0.0000 -0.9842
vn 0.1739 -0.0000 -0.9848
vn 0.1630 -0.0000 -0.9866
vn -0.8929 0.2568 -0.3698
vn -0.8930 0.2568 -0.3696
vn -0.7664 0.2568 -0.5888
vn -0.5886 0.2568 -0.7666
vn -0.3695 0.2568 -0.8930
vn -0.3702 0.2567 -0.8928
vn -0.1266 0.2568 -0.9582
vn -0.1260 0.2568 -0.9582
vn 0.1266 0.2568 -0.9581
vn 0.1260 0.2567 -0.9582
vn 0.3695 0.2567 -0.8930
vn 0.5886 0.2568 -0.7665
vn 0.7664 0.2567 -0.5888
vn 0.9582 0.2568 -0.1262
vn 0.9582 0.2568 -0.1263
vn 0.9582 0.2567 0.1261
vn 0.8929 0.2567 0.3698
vn 0.7669 0.2567 0.5882
vn 0.7664 0.2568 0.5888
vn 0.5881 0.2568 0.7670
vn 0.5887 0.2567 0.7665
vn 0.3702 0.2567 0.8928
vn 0.3700 0.2567 0.8928
vn 0.1259 0.2567 0.9582
vn 0.1260 0.2567 0.9582
vn -0.1259 0.2567 0.9583
vn -0.3702 0.2567 0.8928
vn -0.3701 0.2567 0.8928
vn -0.5881 0.2567 0.7670
vn -0.5886 0.2568 0.7665
vn -0.7669 0.2568 0.5882
vn -0.7664 0.2567 0.5888
vn -0.8929 0.2567 0.3698
vn -0.9582 0.2568 0.1261
vn -0.9582 0.2568 -0.1262
vn -0.9582 0.2567 -0.1263
vn 0.9010 0.2578 -0.3490
vn 0.8215 0.2578 -0.5085
vn 0.7140 0.2578 -0.6509
vn 0.4308 0.2578 -0.8648
vn 0.4305 0.2578 -0.8650
vn 0.2641 0.2578 -0.9294
vn 0.0894 0.2578 -0.9621
vn 0.0893 0.2578 -0.9621
vn -0.0894 0.2578 -0.9621
vn -0.0893 0.2578 -0.9621
vn -0.2641 0.2578 -0.9294
vn -0.4305 0.2578 -0.8650
vn -0.8214 0.2578 -0.5087
vn -0.8215 0.2578 -0.5085
vn -0.9010 0.2578 -0.3489
vn -0.8215 0.2578 0.5086
vn -0.8215 0.2578 0.5085
vn -0.4310 0.2578 0.8648
vn -0.2645 0.2578 0.9293
vn -0.0891 0.2578 0.9621
vn -0.0887 0.2578 0.9621
vn 0.0888 0.2578 0.9621
vn 0.2645 0.2578 0.9293
vn 0.4310 0.2578 0.8648
vn 0.7140 0.2578 0.6509
vn 0.8215 0.2578 0.5086
vn 0.8215 0.2578 0.5085
vn 0.7390 -0.0000 -0.6737
vn 0.8501 -0.0000 -0.5265
vn 0.9830 -0.0000 0.1837
vn 0.9324 -0.0000 0.3613
vn 0.8503 -0.0000 0.5264
vn 0.8502 -0.0000 0.5264
vn 0.7390 -0.0000 0.6737
vn 0.6025 -0.0000 0.7982
vn 0.6024 -0.0000 0.7982
vn 0.4459 -0.0000 0.8951
vn -0.0922 -0.0000 0.9957
vn -0.6025 -0.0000 0.7981
vn -0.6024 -0.0000 0.7982
vn -0.8502 -0.0000 0.5264
vn -0.8503 -0.0000 0.5264
vn -0.9830 -0.0000 0.1837
vn -0.9325 -0.0000 -0.3611
vn -0.8501 -0.0000 -0.5265
vn -0.8502 -0.0000 -0.5265
vn -0.2734 -0.0000 -0.9619
vn -0.0926 -0.0000 -0.9957
vn -0.0925 -0.0000 -0.9957
vn 0.0926 -0.0000 -0.9957
vn 0.2734 -0.0000 -0.9619
vn 0.4459 -0.0000 -0.8951
vn -0.4558 -0.6544 0.6033
vn -0.2068 -0.6545 0.7273
vn -0.6426 -0.6545 -0.3985
vn -0.5588 -0.6545 0.5093
vn -0.4552 -0.6545 0.6037
vn 0.7432 -0.6545 -0.1390
vn 0.7434 -0.6543 -0.1389
vn -0.0697 -0.6544 0.7529
vn 0.0699 -0.6544 0.7529
vn 0.2076 -0.6544 0.7271
vn -0.6428 -0.6544 -0.3981
vn -0.7051 -0.6544 -0.2731
vn -0.3376 -0.6545 -0.6765
vn -0.4555 -0.6545 -0.6034
vn -0.4557 -0.6545 -0.6034
vn -0.4552 -0.6545 -0.6037
vn -0.7434 -0.6543 -0.1389
vn 0.2076 -0.6544 -0.7271
vn 0.0694 -0.6544 -0.7530
vn 0.0700 -0.6545 -0.7528
vn -0.0694 -0.6545 -0.7529
vn -0.0700 -0.6544 -0.7529
vn -0.2076 -0.6544 -0.7271
vn -0.2068 -0.6545 -0.7273
vn 0.2068 -0.6545 0.7273
vn 0.3371 -0.6545 0.6768
vn -0.7050 -0.6545 0.2731
vn 0.4555 -0.6545 0.6035
vn 0.4559 -0.6544 0.6033
vn 0.4552 -0.6545 0.6036
vn 0.5586 -0.6545 0.5095
vn 0.6431 -0.6544 0.3976
vn 0.6429 -0.6545 0.3980
vn 0.7050 -0.6545 0.2733
vn 0.6426 -0.6545 -0.3984
vn 0.4553 -0.6545 -0.6037
vn 0.4557 -0.6545 -0.6034
vn 0.7050 -0.6545 -0.2733
vn 0.6429 -0.6545 -0.3980
vn 0.3376 -0.6545 -0.6765
vn 0.3371 -0.6545 -0.6768
vn 0.2068 -0.6545 -0.7273
vn -0.2076 -0.6544 0.7271
vn -0.6429 -0.6545 0.3980
vn -0.6431 -0.6544 0.3977
vn -0.5587 -0.6544 0.5095
vn 0.7432 -0.6546 0.1388
vn 0.4457 0.0063 -0.8952
vn 0.4465 0.0063 -0.8948
vn 0.5680 -0.0095 -0.8229
vn 0.6025 0.0019 -0.7981
vn 0.6021 0.0019 -0.7984
vn -0.5677 -0.0096 0.8231
vn 0.7388 -0.0078 0.6738
vn -0.7487 -0.0068 0.6629
vn 0.9709 -0.0105 -0.2392
vn -0.3545 -0.0116 -0.9350
vn -0.9830 0.0035 0.1836
vn -0.3549 -0.0115 0.9348
vn -0.4457 0.0063 0.8951
vn -0.4452 0.0064 0.8954
vn -0.9830 0.0035 -0.1836
vn -0.9709 -0.0105 -0.2392
vn -0.9326 0.0067 -0.3609
vn 0.2745 0.0057 -0.9616
vn 0.1205 -0.0084 -0.9927
vn 0.3549 -0.0115 0.9348
vn 0.2735 0.0059 0.9619
vn 0.2745 0.0059 0.9616
vn 0.8499 0.0048 -0.5270
vn 0.8502 0.0048 -0.5264
vn 0.8854 -0.0112 -0.4647
vn 0.9324 0.0067 -0.3614
vn 0.9326 0.0067 -0.3609
vn 0.5678 -0.0096 0.8231
vn 0.4452 0.0064 0.8954
vn 0.7487 -0.0025 0.6629
vn 0.6021 0.0020 0.7984
vn 0.6029 0.0020 0.7978
vn 0.7391 -0.0023 -0.6736
vn 0.7485 -0.0067 -0.6631
vn 0.9830 0.0035 0.1836
vn 0.0924 -0.0000 0.9957
vn -0.0924 -0.0000 0.9957
vn -0.1205 -0.0083 0.9927
vn -0.2745 0.0059 0.9616
vn -0.2734 0.0059 0.9619
vn -0.8499 0.0048 -0.5270
vn -0.7391 -0.0076 -0.6736
vn -0.6025 0.0019 -0.7981
vn -0.5680 -0.0095 -0.8229
vn -0.4465 0.0063 -0.8948
vn -0.4457 0.0063 -0.8952
vn -0.2735 0.0057 -0.9619
vn -0.2745 0.0057 -0.9616
vn -0.1205 -0.0084 -0.9927
vn -0.0918 -0.0000 -0.9958
vn 0.0918 -0.0000 -0.9958
vn 0.9709 -0.0105 0.2393
vn 0.9829 0.0035 0.1838
vn 0.3545 -0.0116 -0.9350
vn 0.2735 0.0057 -0.9619
vn -0.6029 0.0020 0.7978
vn -0.6021 0.0020 0.7984
vn -0.7389 -0.0021 0.6739
vn 0.9326 0.0067 0.3609
vn 0.9324 0.0067 0.3614
vn 0.8854 -0.0112 0.4647
vn 0.8502 0.0048 0.5264
vn 0.8505 0.0048 0.5259
vn 0.9829 0.0035 -0.1838
vn 0.9830 0.0035 -0.1836
vn -0.8505 0.0048 0.5259
vn -0.9326 0.0067 0.3609
vn 0.9458 -0.0034 0.3247
vn 0.9460 -0.0034 0.3243
vn 0.9830 0.0039 0.1838
vn 0.9864 -0.0013 0.1646
vn 0.9863 -0.0013 0.1648
vn 0.4459 0.0063 0.8950
vn 0.9325 0.0057 0.3612
vn 0.9830 0.0039 -0.1837
vn -0.0921 0.0027 0.9957
vn 0.2736 0.0049 -0.9618
vn -0.8502 0.0068 0.5264
vn 0.6026 0.0071 -0.7980
vn -0.4459 0.0063 0.8950
vn 0.6026 0.0071 0.7980
vn 0.7389 0.0072 0.6737
vn 0.6775 -0.0058 0.7355
vn -0.6771 -0.0058 -0.7358
vn 0.4018 -0.0043 0.9157
vn 0.4016 -0.0043 0.9158
vn -0.8796 -0.0049 -0.4758
vn -0.9325 0.0056 -0.3612
vn -0.8794 -0.0049 -0.4760
vn -0.2736 0.0049 -0.9618
vn -0.4018 -0.0042 -0.9157
vn 0.7891 -0.0057 0.6142
vn 0.7890 -0.0057 0.6144
vn -0.9830 0.0039 0.1838
vn 1.0000 0.0015 -0.0000
vn 0.9863 -0.0013 -0.1648
vn 0.9864 -0.0013 -0.1646
vn -0.0824 -0.0000 0.9966
vn 0.0824 -0.0000 0.9966
vn 0.0921 0.0027 0.9957
vn 0.2462 -0.0024 0.9692
vn 0.2456 -0.0025 0.9694
vn 0.2456 -0.0023 -0.9694
vn 0.2433 -0.0023 -0.9699
vn 0.0924 0.0027 -0.9957
vn -0.7890 -0.0057 0.6143
vn -0.7891 -0.0057 0.6142
vn -0.7389 0.0072 0.6737
vn -0.9460 -0.0034 0.3243
vn -0.9325 0.0057 0.3612
vn 0.8795 -0.0049 -0.4759
vn 0.9325 0.0056 -0.3612
vn 0.9458 -0.0034 -0.3247
vn 0.9458 -0.0034 -0.3249
vn -0.4016 -0.0043 0.9158
vn -0.4018 -0.0043 0.9157
vn -0.2456 -0.0025 0.9694
vn -0.2462 -0.0024 0.9692
vn 0.4018 -0.0042 -0.9157
vn 0.8502 0.0068 -0.5264
vn 0.8796 -0.0049 -0.4758
vn 0.7890 -0.0057 -0.6144
vn 0.7891 -0.0057 -0.6142
vn -0.9458 -0.0034 -0.3249
vn -0.9863 -0.0013 -0.1648
vn 0.0827 -0.0000 -0.9966
vn -0.0827 -0.0000 -0.9966
vn -0.0924 0.0027 -0.9957
vn -0.2433 -0.0023 -0.9699
vn -0.2456 -0.0023 -0.9694
vn -0.0466 0.7424 0.6684
vn 0.0466 0.7424 0.6684
vn 0.0549 0.7455 0.6642
vn 0.1659 0.7390 0.6529
vn 0.1398 0.7412 0.6566
vn 0.1631 0.7477 0.6436
vn 0.2305 0.7385 0.6336
vn 0.2714 0.7374 0.6185
vn 0.2290 0.7427 0.6292
vn 0.2663 0.7487 0.6071
vn 0.3696 0.7372 0.5657
vn 0.3629 0.7483 0.5553
vn 0.3959 0.7392 0.5449
vn 0.4567 0.7382 0.4964
vn 0.3859 0.7538 0.5319
vn 0.4507 0.7467 0.4893
vn 0.4663 0.7412 0.4829
vn 0.4666 0.7412 0.4826
vn 0.0549 0.7485 -0.6608
vn -0.3551 0.7415 -0.5693
vn -0.4329 0.7394 -0.5157
vn -0.4569 0.7384 -0.4960
vn -0.4493 0.7482 -0.4882
vn -0.5011 0.7384 -0.4513
vn -0.4918 0.7498 -0.4427
vn -0.5231 0.7487 -0.4072
vn -0.5590 0.7384 -0.3771
vn -0.5838 0.7480 -0.3158
vn -0.6015 0.7431 -0.2934
vn -0.5927 0.7388 -0.3208
vn -0.6049 0.7397 -0.2950
vn -0.6299 0.7460 -0.2163
vn -0.6369 0.7427 -0.2068
vn -0.6346 0.7415 -0.2180
vn -0.6373 0.7418 -0.2087
vn -0.6577 0.7452 -0.1100
vn -0.4664 0.7412 0.4828
vn -0.4552 0.7406 0.4942
vn -0.4504 0.7467 0.4895
vn -0.3956 0.7392 0.5451
vn -0.2663 0.7487 0.6071
vn -0.0000 0.7382 -0.6746
vn -0.0549 0.7485 -0.6608
vn -0.0938 0.7388 -0.6674
vn -0.1642 0.7378 -0.6547
vn -0.0927 0.7423 -0.6637
vn -0.1818 0.7490 -0.6371
vn -0.2717 0.7444 -0.6099
vn 0.6693 0.7397 0.0704
vn 0.6660 0.7376 0.1113
vn 0.5275 0.7437 0.4106
vn 0.5265 0.7440 0.4114
vn 0.5270 0.7442 0.4104
vn 0.5821 0.7408 0.3354
vn 0.5914 0.7402 0.3201
vn 0.5766 0.7461 0.3330
vn 0.5848 0.7470 0.3164
vn 0.6247 0.7390 0.2522
vn 0.6383 0.7380 0.2191
vn 0.6123 0.7509 0.2475
vn 0.6274 0.7484 0.2151
vn 0.6638 0.7396 -0.1109
vn 0.6720 0.7402 -0.0235
vn -0.6720 0.7402 -0.0235
vn -0.6661 0.7376 0.1112
vn -0.6693 0.7397 0.0704
vn -0.6545 0.7383 0.1631
vn -0.6392 0.7371 0.2191
vn -0.6247 0.7390 0.2525
vn -0.6155 0.7479 0.2486
vn -0.5306 0.7402 0.4131
vn -0.5673 0.7558 0.3269
vn -0.1398 0.7412 0.6566
vn -0.1659 0.7390 0.6529
vn -0.0549 0.7455 0.6642
vn 0.6697 0.7423 -0.0234
vn 0.6568 0.7451 -0.1158
vn 0.6376 0.7418 -0.2078
vn 0.6346 0.7415 -0.2180
vn 0.6368 0.7427 -0.2069
vn 0.6299 0.7460 -0.2163
vn 0.6048 0.7397 -0.2951
vn 0.5927 0.7388 -0.3207
vn 0.6015 0.7431 -0.2934
vn 0.5838 0.7480 -0.3158
vn 0.5591 0.7384 -0.3771
vn 0.5330 0.7373 -0.4151
vn 0.5520 0.7461 -0.3724
vn 0.5012 0.7384 -0.4512
vn 0.4575 0.7372 -0.4972
vn 0.4900 0.7517 -0.4413
vn 0.4495 0.7482 -0.4880
vn 0.4330 0.7394 -0.5157
vn 0.3672 0.7410 -0.5621
vn 0.3550 0.7416 -0.5692
vn 0.2687 0.7431 -0.6128
vn 0.2717 0.7444 -0.6099
vn 0.1845 0.7404 -0.6463
vn 0.1617 0.7472 -0.6446
vn 0.0932 0.7388 -0.6674
vn 0.0646 0.3738 0.9252
vn 0.1927 0.3738 0.9072
vn 0.1931 0.3738 0.9072
vn 0.3170 0.3738 0.8716
vn 0.5451 0.3738 0.7504
vn 0.5447 0.3739 0.7507
vn 0.5452 0.3738 0.7504
vn 0.6443 0.3738 0.6671
vn 0.6445 0.3738 0.6670
vn -0.0646 0.3738 0.9252
vn -0.4908 0.3739 -0.7870
vn -0.4915 0.3738 -0.7866
vn -0.4918 0.3738 -0.7864
vn -0.5961 0.3738 -0.7105
vn -0.6893 0.3738 -0.6205
vn -0.8813 0.3739 -0.2889
vn -0.9000 0.3738 0.2243
vn -0.8599 0.3738 0.3475
vn 0.3774 0.3738 -0.8473
vn 0.2546 0.3738 -0.8919
vn 0.1283 0.3738 -0.9186
vn -0.1283 0.3739 -0.9186
vn -0.8599 0.3738 0.3476
vn 0.8037 0.3738 0.4631
vn 0.8033 0.3738 0.4636
vn 0.8599 0.3738 0.3476
vn 0.8599 0.3738 0.3475
vn 0.9000 0.3738 0.2244
vn 0.9269 0.3739 -0.0324
vn -0.8036 0.3738 0.4631
vn -0.6445 0.3738 0.6670
vn -0.5448 0.3738 0.7507
vn -0.1931 0.3738 0.9072
vn 0.9134 0.3738 -0.1611
vn 0.8818 0.3737 -0.2876
vn 0.8821 0.3738 -0.2865
vn 0.8336 0.3738 -0.4068
vn 0.7689 0.3738 -0.5187
vn 0.5961 0.3738 -0.7105
vn 0.5964 0.3739 -0.7103
vn 0.4918 0.3738 -0.7864
vn 0.4908 0.3739 -0.7870
vn -0.8662 0.0102 0.4996
vn -0.0000 0.1118 0.9937
vn -0.9563 0.0361 0.2900
vn -0.8660 0.0103 0.4999
vn -0.8658 0.0102 0.5003
vn -0.8987 -0.0103 0.4384
vn -0.0000 0.1065 0.9943
vn -0.9271 0.0103 0.3747
vn 0.0699 -0.0102 -0.9975
vn -0.7880 -0.0104 -0.6156
vn 0.9993 -0.0103 0.0349
vn 0.9703 -0.0103 -0.2418
vn -0.6428 -0.0103 0.7659
vn 0.8291 -0.0103 0.5591
vn 0.9510 -0.0103 0.3090
vn -0.0000 -0.1544 -0.9880
vn -0.9510 0.0103 -0.3091
vn -0.9703 -0.0103 -0.2418
vn -0.5298 0.0102 -0.8480
vn -0.0000 0.0659 -0.9978
vn -0.0000 -0.0640 -0.9980
vn -0.5302 0.0104 -0.8478
vn -0.5880 -0.0103 -0.8088
vn 0.4064 0.0102 -0.9137
vn -0.0000 0.0640 -0.9980
vn 0.4067 0.0102 -0.9135
vn 0.3422 -0.0104 -0.9396
vn 0.5875 0.0102 0.8091
vn -0.0000 -0.0688 0.9976
vn 0.5878 0.0103 0.8090
vn 0.6428 -0.0103 0.7659
vn -0.2082 0.0104 0.9780
vn -0.0000 0.0416 0.9991
vn -0.0000 -0.0230 0.9997
vn -0.3420 0.0104 0.9396
vn -0.9551 0.0648 -0.2893
vn -0.7432 0.0103 -0.6690
vn -0.0000 0.0959 -0.9954
vn -0.6421 0.0103 -0.7666
vn -0.0000 -0.0688 -0.9976
vn -0.6427 0.0103 -0.7661
vn -0.0000 0.1050 -0.9945
vn -0.6430 0.0103 -0.7658
vn -0.4696 -0.0103 -0.8828
vn -0.9211 0.1032 0.3754
vn -0.3419 0.0104 0.9397
vn -0.9271 -0.0104 -0.3746
vn -0.0000 0.1373 -0.9905
vn -0.4063 0.0103 -0.9137
vn -0.0000 -0.0405 -0.9992
vn -0.4067 0.0101 -0.9135
vn -0.0000 0.0650 -0.9979
vn -0.4063 0.0102 -0.9137
vn -0.3422 -0.0104 -0.9396
vn -0.0000 -0.0256 -0.9997
vn -0.2754 0.0104 -0.9613
vn -0.0000 0.0452 -0.9990
vn -0.9800 0.0410 -0.1950
vn -0.0000 0.1216 -0.9926
vn -0.8660 -0.0103 -0.5000
vn -0.8286 0.0103 -0.5597
vn -0.9534 0.0399 -0.2991
vn -0.8292 0.0103 -0.5589
vn -0.0000 0.1117 -0.9937
vn -0.8290 0.0103 -0.5592
vn -0.0000 0.1376 -0.9905
vn 0.9847 0.0103 -0.1738
vn 0.9995 0.0313 -0.0000
vn 0.9848 0.0103 -0.1737
vn 1.0000 0.0062 -0.0000
vn 0.9993 0.0103 -0.0351
vn 0.9999 0.0151 -0.0000
vn 0.7431 0.0103 -0.6691
vn -0.0000 0.0844 -0.9964
vn 0.7431 0.0104 -0.6691
vn 0.7432 0.0104 -0.6690
vn 0.9536 0.0651 -0.2938
vn 0.7880 -0.0104 -0.6156
vn 0.8289 0.0102 -0.5593
vn -0.0000 0.1047 -0.9945
vn 0.8291 0.0103 -0.5590
vn -0.9999 0.0144 -0.0000
vn -1.0000 0.0062 -0.0000
vn -0.9964 0.0156 -0.0833
vn -0.9848 0.0103 -0.1735
vn 0.8660 -0.0103 -0.5000
vn 0.8286 0.0103 -0.5597
vn 0.9793 0.0561 -0.1946
vn -0.4690 0.0103 0.8831
vn -0.0000 0.0640 0.9980
vn -0.4693 0.0102 0.8830
vn -0.0000 -0.0571 0.9984
vn -0.4703 0.0103 0.8824
vn -0.5299 -0.0104 0.8480
vn -0.0000 -0.0663 0.9978
vn -0.5876 0.0102 0.8091
vn -0.0000 0.0830 0.9965
vn -0.5877 0.0102 0.8090
vn 0.8987 0.0103 -0.4384
vn -0.0000 0.1146 -0.9934
vn 0.8987 0.0104 -0.4384
vn 0.8988 0.0104 -0.4382
vn 0.9792 0.0336 -0.1999
vn 0.9271 -0.0104 -0.3746
vn 0.9510 0.0103 -0.3089
vn -0.0000 0.1118 -0.9937
vn 0.9510 0.0103 -0.3090
vn 0.9511 0.0103 -0.3088
vn -0.0000 -0.1184 -0.9930
vn -0.1390 0.0103 -0.9902
vn -0.0000 0.0312 -0.9995
vn -0.1388 0.0103 -0.9903
vn -0.0699 -0.0102 -0.9975
vn -0.0000 0.0104 -0.9999
vn -0.0000 -0.0407 -0.9992
vn 0.4063 0.0103 -0.9137
vn 0.1389 0.0103 -0.9903
vn -0.0000 0.0319 -0.9995
vn 0.1390 0.0103 -0.9902
vn -0.0000 0.0017 -1.0000
vn -0.0000 0.0394 -0.9992
vn 0.2754 0.0104 -0.9613
vn -0.0000 -0.0237 -0.9997
vn 0.7879 0.0104 0.6157
vn -0.0000 -0.1047 0.9945
vn 0.7884 0.0104 0.6151
vn 0.7876 0.0104 0.6160
vn -0.0000 0.1003 0.9950
vn 0.7881 0.0103 0.6155
vn 0.7432 -0.0104 0.6689
vn -0.0000 -0.0844 0.9964
vn 0.6948 0.0103 0.7191
vn -0.0000 0.0950 0.9955
vn 0.6952 0.0103 0.7187
vn 0.5299 -0.0105 0.8480
vn 0.5877 0.0102 0.8090
vn -0.0000 0.0822 0.9966
vn 0.5875 0.0103 0.8092
vn 0.4704 0.0104 0.8824
vn -0.0000 -0.0333 0.9994
vn 0.4693 0.0102 0.8830
vn -0.0000 0.0696 0.9976
vn 0.4067 -0.0103 0.9135
vn 0.3419 0.0104 0.9397
vn 0.9241 0.1062 0.3670
vn -0.0000 0.1544 0.9880
vn -0.0000 -0.0975 0.9952
vn -0.9945 0.0103 0.1047
vn -1.0000 -0.0029 -0.0000
vn -0.9997 0.0261 -0.0000
vn -0.6952 0.0103 0.7187
vn -0.0000 0.1029 0.9947
vn -0.6948 0.0103 0.7191
vn -0.0000 -0.0766 0.9971
vn -0.7432 -0.0104 0.6690
vn -0.7877 0.0104 0.6159
vn -0.0000 0.0995 0.9950
vn -0.0000 0.0645 0.9979
vn 0.3420 0.0104 0.9397
vn 0.9271 0.0103 0.3747
vn -0.0000 -0.1146 0.9934
vn 0.9273 0.0103 0.3743
vn 0.9271 0.0103 0.3746
vn -0.0000 0.1093 0.9940
vn 0.8987 -0.0103 0.4384
vn 0.8661 0.0102 0.4998
vn 0.9786 0.0512 0.1995
vn 0.8657 0.0102 0.5005
vn 0.8661 0.0102 0.4997
vn -0.0000 0.1248 0.9922
vn 0.8659 0.0102 0.5001
vn -0.0000 -0.1011 0.9949
vn -0.7883 0.0104 0.6152
vn 0.5302 0.0104 -0.8478
vn -0.0000 -0.0656 -0.9978
vn -0.0000 0.0767 -0.9971
vn 0.5298 0.0102 -0.8481
vn 0.5880 -0.0103 -0.8088
vn 0.6430 0.0103 -0.7658
vn -0.0000 0.0905 -0.9959
vn 0.6427 0.0103 -0.7661
vn 0.6427 0.0104 -0.7660
vn 0.6421 0.0103 -0.7666
vn 0.2082 0.0104 0.9780
vn -0.0000 -0.0256 0.9997
vn 0.2077 0.0104 0.9781
vn -0.0000 0.0373 0.9993
vn 0.0694 0.0102 0.9975
vn -0.0000 0.0256 0.9997
vn 0.0346 0.0102 0.9993
vn 0.0711 -0.0000 0.9975
vn 0.0698 -0.0002 0.9976
vn -0.0353 -0.0000 0.9994
vn -0.0694 0.0103 0.9975
vn -0.0697 0.0102 0.9975
vn -0.0000 0.0150 0.9999
vn -0.0694 0.0102 0.9975
vn 0.9945 0.0103 0.1045
vn 0.9997 0.0261 -0.0000
vn 0.9945 0.0103 0.1047
vn 0.9956 0.0101 0.0936
vn 0.9848 -0.0103 0.1736
vn 0.9702 0.0103 0.2419
vn -0.0000 -0.1240 0.9923
vn 0.9703 0.0103 0.2418
vn 0.9703 0.0103 0.2417
vn -0.0000 0.1205 0.9927
vn -0.4257 -0.0000 0.9048
vn -0.4258 -0.0000 0.9048
vn -0.4253 -0.0000 0.9051
vn -0.1874 -0.0000 -0.9823
vn 0.0628 -0.0000 -0.9980
vn 0.0627 -0.0000 -0.9980
vn -0.6374 -0.0000 0.7705
vn -0.6375 -0.0000 0.7705
vn 0.5358 -0.0000 0.8443
vn 0.5359 -0.0000 0.8443
vn 0.7290 -0.0000 0.6845
vn 0.7289 -0.0000 0.6846
vn 0.7290 0.0001 0.6845
vn 0.7290 -0.0001 0.6846
vn 0.7290 -0.0000 0.6846
vn 0.7291 -0.0001 0.6844
vn -0.9921 -0.0000 -0.1253
vn 0.9686 -0.0000 -0.2487
vn -0.9299 -0.0000 0.3679
vn -0.9298 -0.0000 0.3681
vn -0.9298 -0.0000 0.3682
vn -0.8090 -0.0000 0.5878
vn -0.8090 -0.0002 0.5878
vn 0.0627 -0.0000 0.9980
vn 0.0628 -0.0000 0.9980
vn -0.1874 -0.0000 0.9823
vn -0.1875 -0.0000 0.9823
vn -0.1873 -0.0000 0.9823
vn 0.8763 -0.0000 0.4818
vn 0.3090 -0.0000 0.9511
vn 0.3090 -0.0000 0.9510
vn 0.3089 -0.0000 0.9511
vn -0.9921 -0.0000 0.1253
vn -0.9298 -0.0000 -0.3681
vn -0.9298 -0.0000 -0.3682
vn -0.9299 -0.0000 -0.3679
vn -0.4258 -0.0000 -0.9048
vn -0.4257 -0.0000 -0.9048
vn -0.4256 -0.0000 -0.9049
vn 0.5358 -0.0000 -0.8443
vn 0.5359 -0.0000 -0.8443
vn 0.8763 -0.0000 -0.4818
vn 0.7289 0.0001 -0.6846
vn 0.7289 -0.0000 -0.6846
vn 0.7290 -0.0000 -0.6845
vn 0.7290 -0.0001 -0.6845
vn 0.9686 -0.0000 0.2487
vn -0.8090 -0.0000 -0.5878
vn -0.8091 -0.0000 -0.5876
vn 0.3090 -0.0000 -0.9510
vn 0.3090 -0.0000 -0.9511
vn -0.6374 -0.0000 -0.7705
vn -0.6374 -0.0001 -0.7705
vn -0.6374 0.0003 -0.7705
vn -0.0000 -0.9921 0.1253
vn -0.0000 -0.9921 0.1252
vn -0.0000 -0.9298 0.3681
vn -0.0000 -0.9297 0.3683
vn -0.0000 -0.9298 0.3682
vn 0.0579 -0.9983 -0.0000
vn -0.0000 0.0628 0.9980
vn -0.0000 0.7290 0.6845
vn -0.0000 0.5358 0.8443
vn 0.0001 0.5358 0.8444
vn -0.0000 -0.8090 -0.5878
vn -0.0000 -0.6374 0.7705
vn -0.0000 -0.4258 0.9048
vn -0.0000 0.8763 0.4818
vn -0.0000 0.3090 0.9511
vn -0.0000 -0.9921 -0.1253
vn -0.0000 0.7290 -0.6845
vn -0.0000 -0.1874 -0.9823
vn -0.0000 -0.6374 -0.7705
vn 0.0001 -0.6374 -0.7705
vn -0.0000 -0.8090 0.5878
vn -0.0000 -0.1874 0.9823
vn -0.0001 -0.1874 0.9823
vn -0.0000 0.9686 0.2487
vn -0.0000 0.8763 -0.4818
vn -0.0000 0.9686 -0.2487
vn -0.0000 -0.4258 -0.9048
vn -0.0000 -0.4259 -0.9048
vn -0.0001 -0.4257 -0.9049
vn -0.0000 -0.9298 -0.3681
vn -0.0000 -0.9297 -0.3683
vn -0.0000 -0.9298 -0.3682
vn -0.0000 -0.9921 -0.1252
vn -0.0000 -0.9921 -0.1254
vn -0.0000 0.0628 -0.9980
vn -0.0000 0.5358 -0.8443
vn -0.0001 0.5358 -0.8443
vn -0.0000 0.3090 -0.9511
vn -0.0000 0.3090 -0.9510
vn 0.1236 -0.9921 0.0207
vn 0.1235 -0.9921 0.0207
vn 0.1234 -0.9921 0.0207
vn 0.3631 -0.9298 0.0607
vn 0.3631 -0.9298 0.0608
vn 0.3630 -0.9298 0.0607
vn 0.3632 -0.9297 0.0608
vn 0.1237 -0.9921 0.0207
vn 0.9843 0.0628 0.1647
vn 0.9843 0.0629 0.1647
vn 0.2453 0.9686 0.0410
vn 0.2451 0.9686 0.0410
vn -0.9688 -0.1874 -0.1621
vn -0.9686 -0.1884 -0.1621
vn -0.3631 -0.9298 -0.0607
vn -0.3633 -0.9297 -0.0608
vn -0.3631 -0.9298 -0.0608
vn -0.3630 -0.9298 -0.0607
vn -0.9843 0.0628 -0.1647
vn -0.9843 0.0627 -0.1647
vn -0.9843 0.0629 -0.1647
vn -0.9844 0.0627 -0.1647
vn -0.5797 -0.8090 -0.0970
vn -0.5796 -0.8091 -0.0970
vn -0.5798 -0.8090 -0.0970
vn -0.6752 0.7290 -0.1130
vn -0.6751 0.7290 -0.1130
vn -0.6752 0.7289 -0.1130
vn -0.2453 0.9686 -0.0410
vn 0.5797 -0.8090 0.0970
vn 0.5796 -0.8091 0.0970
vn 0.9688 -0.1874 0.1621
vn 0.9380 0.3090 0.1569
vn 0.9379 0.3092 0.1569
vn 0.6752 0.7290 0.1130
vn 0.6751 0.7290 0.1130
vn -0.9689 -0.1872 -0.1621
vn -0.9688 -0.1875 -0.1621
vn -0.8924 -0.4258 -0.1493
vn -0.8925 -0.4257 -0.1493
vn -0.8924 -0.4259 -0.1493
vn -0.7600 -0.6374 -0.1272
vn -0.7599 -0.6374 -0.1271
vn -0.7599 -0.6374 -0.1272
vn -0.7601 -0.6373 -0.1272
vn -0.7600 -0.6374 -0.1271
vn -0.8924 -0.4257 -0.1496
vn -0.8931 -0.4244 -0.1494
vn -0.1236 -0.9921 -0.0207
vn -0.1235 -0.9921 -0.0207
vn 0.8924 -0.4258 0.1493
vn 0.8924 -0.4257 0.1493
vn 0.8925 -0.4257 0.1493
vn -0.9380 0.3090 -0.1569
vn -0.9379 0.3092 -0.1569
vn -0.9380 0.3091 -0.1569
vn 0.4751 0.8763 0.0795
vn 0.4752 0.8763 0.0795
vn 0.9381 0.3090 0.1568
vn 0.9380 0.3089 0.1569
vn -0.4754 0.8762 -0.0795
vn -0.4752 0.8763 -0.0795
vn -0.4751 0.8763 -0.0795
vn -0.8328 0.5358 -0.1393
vn -0.8328 0.5358 -0.1394
vn -0.8327 0.5358 -0.1393
vn -0.8327 0.5359 -0.1393
vn -0.9380 0.3090 -0.1570
vn -0.9382 0.3083 -0.1570
vn 0.5797 -0.8091 0.0970
vn 0.8327 0.5358 0.1393
vn 0.8328 0.5358 0.1393
vn 0.8327 0.5359 0.1393
vn 0.8327 0.5359 0.1394
vn -0.5793 -0.8093 -0.0969
vn 0.7600 -0.6374 0.1271
vn 0.7600 -0.6374 0.1272
vn 0.7599 -0.6374 0.1271
vn 0.7959 -0.0000 -0.6055
vn 0.5780 -0.0000 -0.8161
vn 0.5779 -0.0000 -0.8161
vn 0.3804 -0.0000 -0.9248
vn 0.2265 -0.0000 -0.9740
vn 0.1070 -0.0000 -0.9943
vn -0.0462 -0.0000 -0.9989
vn -0.2638 -0.0000 -0.9646
vn -0.5488 -0.0000 -0.8359
vn -0.6909 -0.0000 0.7229
vn -0.5394 -0.0000 0.8421
vn -0.4020 -0.0000 0.9157
vn -0.2899 -0.0000 0.9571
vn -0.2017 -0.0000 0.9795
vn -0.0319 -0.0000 0.9995
vn 0.4139 -0.0000 0.9103
vn -0.8667 -0.0000 -0.4989
vn -0.6749 -0.0000 -0.7379
vn -0.4199 -0.0000 -0.9075
vn -0.4199 -0.0000 -0.9076
vn -0.2175 -0.0000 -0.9761
vn -0.0726 -0.0000 -0.9974
vn 0.0325 -0.0000 -0.9995
vn 0.1003 -0.0000 -0.9950
vn 0.1469 -0.0000 -0.9891
vn 0.1822 -0.0000 -0.9833
vn 0.2259 -0.0000 -0.9741
vn 0.2896 -0.0000 -0.9571
vn 0.3876 -0.0000 -0.9218
vn 0.5246 -0.0000 -0.8514
vn 0.6986 -0.0000 -0.7155
vn 0.8805 -0.0000 -0.4741
vn 0.9831 -0.0000 -0.1830
vn 0.9978 -0.0000 0.0661
vn 0.9637 -0.0000 0.2670
vn 0.8633 -0.0000 0.5047
vn 0.6673 -0.0000 0.7448
vn 0.4207 -0.0000 0.9072
vn 0.2139 -0.0000 0.9769
vn 0.0663 -0.0000 0.9978
vn -0.0343 -0.0000 0.9994
vn -0.1015 -0.0000 0.9948
vn -0.1473 -0.0000 0.9891
vn -0.1840 -0.0000 0.9829
vn -0.2311 -0.0000 0.9729
vn -0.2971 -0.0000 0.9548
vn -0.3911 -0.0000 0.9203
vn -0.5218 -0.0000 0.8530
vn -0.6886 -0.0000 0.7251
vn -0.8680 -0.0000 0.4966
vn -0.9782 -0.0000 0.2075
vn -0.9984 -0.0000 -0.0567
vn -0.9642 -0.0000 -0.2651
vn 0.1421 -0.0000 0.9899
vn -0.1616 -0.0000 -0.9869
vn -0.4750 -0.0000 0.8800
vn 0.4558 -0.0000 -0.8901
vn 0.4524 -0.0000 -0.8918
vn 0.4428 -0.0000 -0.8966
vn 0.4128 -0.0000 -0.9108
vn 0.1077 -0.0000 0.9942
vn 0.1156 -0.0000 0.9933
vn 0.1394 -0.0000 0.9902
vn 0.9949 -0.0000 0.1011
vn 0.9990 -0.0000 -0.0451
vn 0.9772 -0.0000 -0.2122
vn 0.9236 -0.0000 -0.3834
vn 0.8333 -0.0000 -0.5528
vn 0.7079 -0.0000 -0.7063
vn 0.5632 -0.0000 -0.8263
vn 0.4038 -0.0000 -0.9148
vn 0.2420 -0.0000 -0.9703
vn 0.0511 -0.0000 -0.9987
vn -0.2234 -0.0000 -0.9747
vn -0.5156 -0.0000 -0.8568
vn 0.9444 -0.0000 0.3288
vn 0.6426 -0.0000 0.7662
vn 0.0640 -0.0000 0.9979
vn -0.2659 -0.0000 0.9640
vn -0.5010 -0.0000 0.8655
vn -0.9099 -0.0000 0.4149
vn -0.9891 -0.0000 0.1470
vn -0.9971 -0.0000 -0.0759
vn 0.9949 -0.0000 0.1012
vn 0.9235 -0.0000 -0.3835
vn 0.8335 -0.0000 -0.5526
vn 0.7078 -0.0000 -0.7064
vn 0.5634 -0.0000 -0.8262
vn 0.4035 -0.0000 -0.9150
vn 0.0513 -0.0000 -0.9987
vn -0.2237 -0.0000 -0.9747
vn -0.5153 -0.0000 -0.8570
vn 0.9444 -0.0000 0.3287
vn 0.6427 -0.0000 0.7662
vn -0.2663 -0.0000 0.9639
vn -0.7388 -0.0000 0.6739
vn -0.9100 -0.0000 0.4147
vn -0.9162 -0.0000 0.4006
vn 0.9232 -0.0000 -0.3843
s 0
f 1//1 2//1 3//1
f 4//1 2//1 1//1
f 5//1 6//1 4//1
f 2//1 4//1 6//1
f 7//1 3//1 2//1
f 7//1 8//1 3//1
f 8//1 7//1 9//1
f 8//1 10//1 11//1
f 12//1 8//1 9//1
f 13//1 9//1 14//1
f 15//1 6//1 16//1
f 8//1 12//1 10//1
f 13//1 14//1 17//1
f 14//1 15//1 17//1
f 6//1 15//1 14//1
f 6//1 5//1 16//1
f 4//1 18//1 5//1
f 4//1 19//1 18//1
f 20//1 4//1 21//1
f 4//1 20//1 19//1
f 21//1 22//1 20//1
f 22//1 21//1 23//1
f 24//1 11//1 10//1
f 24//1 25//1 11//1
f 26//1 24//1 27//1
f 26//1 27//1 28//1
f 26//1 28//1 29//1
f 26//1 29//1 30//1
f 26//1 30//1 31//1
f 24//1 26//1 25//1
f 32//1 26//1 31//1
f 33//1 32//1 34//1
f 32//1 35//1 34//1
f 36//1 37//1 35//1
f 22//1 37//1 36//1
f 37//1 22//1 23//1
f 32//1 33//1 26//1
f 38//1 26//1 33//1
f 38//1 39//1 26//1
f 39//1 38//1 40//1
f 37//1 41//1 35//1
f 41//1 40//1 38//1
f 40//1 41//1 37//1
f 9//1 13//1 42//1
f 43//1 9//1 42//1
f 9//1 43//1 12//1
f 44//1 12//1 43//1
f 45//1 12//1 44//1
f 45//1 46//1 12//1
f 47//1 46//1 45//1
f 48//1 46//1 47//1
f 27//1 48//1 49//1
f 48//1 27//1 46//1
f 27//1 49//1 28//1
f 19//1 50//1 18//1
f 19//1 51//1 50//1
f 52//1 51//1 19//1
f 52//1 53//1 51//1
f 52//1 54//1 53//1
f 36//1 54//1 52//1
f 54//1 36//1 55//1
f 55//1 36//1 56//1
f 57//1 35//1 32//1
f 56//1 35//1 57//1
f 35//1 56//1 36//1
f 58//2 59//2 60//2
f 61//2 59//2 62//2
f 59//2 61//2 60//2
f 63//2 64//2 65//2
f 66//2 65//2 64//2
f 67//2 66//2 68//2
f 69//2 66//2 67//2
f 69//2 67//2 70//2
f 66//2 69//2 65//2
f 71//2 72//2 73//2
f 72//2 71//2 74//2
f 73//2 75//2 71//2
f 75//2 73//2 76//2
f 76//2 73//2 77//2
f 78//2 79//2 80//2
f 79//2 81//2 80//2
f 79//2 82//2 81//2
f 83//2 84//2 85//2
f 79//2 86//2 82//2
f 84//2 83//2 86//2
f 85//2 87//2 83//2
f 88//2 87//2 85//2
f 88//2 89//2 87//2
f 88//2 90//2 89//2
f 91//2 90//2 88//2
f 91//2 92//2 90//2
f 91//2 93//2 92//2
f 94//2 93//2 91//2
f 94//2 95//2 93//2
f 94//2 96//2 95//2
f 97//2 96//2 94//2
f 97//2 98//2 96//2
f 99//2 98//2 97//2
f 98//2 99//2 100//2
f 101//2 100//2 99//2
f 100//2 101//2 102//2
f 102//2 101//2 103//2
f 103//2 101//2 104//2
f 104//2 101//2 105//2
f 106//2 107//2 108//2
f 106//2 109//2 107//2
f 110//2 107//2 109//2
f 111//2 107//2 110//2
f 112//2 107//2 111//2
f 113//2 107//2 112//2
f 114//2 107//2 113//2
f 115//2 107//2 114//2
f 116//2 107//2 115//2
f 117//2 107//2 116//2
f 118//2 107//2 117//2
f 119//2 107//2 118//2
f 120//2 107//2 119//2
f 121//2 107//2 120//2
f 122//2 107//2 121//2
f 123//2 107//2 122//2
f 124//2 107//2 123//2
f 125//2 124//2 126//2
f 125//2 126//2 127//2
f 125//2 127//2 128//2
f 125//2 128//2 129//2
f 125//2 129//2 130//2
f 125//2 130//2 131//2
f 132//2 131//2 133//2
f 131//2 132//2 125//2
f 125//2 132//2 134//2
f 135//1 134//1 136//1
f 134//2 135//2 125//2
f 125//2 135//2 137//2
f 125//2 137//2 138//2
f 125//2 138//2 139//2
f 125//2 139//2 140//2
f 125//2 140//2 141//2
f 125//2 141//2 142//2
f 125//2 142//2 143//2
f 125//2 143//2 144//2
f 125//2 144//2 145//2
f 125//2 145//2 146//2
f 125//2 146//2 147//2
f 148//1 149//1 150//1
f 125//2 148//2 151//2
f 152//1 153//1 154//1
f 125//2 155//2 156//2
f 157//2 158//2 159//2
f 160//2 157//2 161//2
f 157//2 160//2 158//2
f 124//2 125//2 107//2
f 149//2 125//2 147//2
f 148//2 125//2 149//2
f 162//2 125//2 151//2
f 153//2 125//2 162//2
f 152//2 125//2 153//2
f 163//2 125//2 152//2
f 164//2 125//2 163//2
f 165//2 125//2 164//2
f 166//2 125//2 165//2
f 155//2 125//2 166//2
f 167//2 125//2 156//2
f 158//2 125//2 167//2
f 160//2 125//2 158//2
f 168//2 125//2 160//2
f 169//2 125//2 168//2
f 170//2 125//2 169//2
f 171//2 125//2 170//2
f 172//2 125//2 171//2
f 173//2 172//2 174//2
f 175//2 176//2 177//2
f 175//2 178//2 176//2
f 175//2 179//2 178//2
f 175//2 180//2 179//2
f 175//2 181//2 180//2
f 175//2 182//2 181//2
f 175//2 183//2 182//2
f 175//2 184//2 183//2
f 175//2 185//2 184//2
f 175//2 186//2 185//2
f 175//2 187//2 186//2
f 175//2 188//2 187//2
f 175//2 189//2 188//2
f 175//2 190//2 189//2
f 175//2 191//2 190//2
f 175//2 192//2 191//2
f 175//2 193//2 192//2
f 175//2 194//2 193//2
f 175//2 195//2 194//2
f 175//2 196//2 195//2
f 175//2 197//2 196//2
f 175//2 198//2 197//2
f 175//2 199//2 198//2
f 175//2 200//2 199//2
f 175//2 201//2 200//2
f 175//2 202//2 201//2
f 175//2 203//2 202//2
f 175//2 204//2 203//2
f 175//2 205//2 204//2
f 206//2 205//2 175//2
f 207//2 206//2 175//2
f 206//1 207//1 208//1
f 175//2 209//2 207//2
f 175//2 210//2 209//2
f 211//2 210//2 175//2
f 175//2 212//2 211//2
f 175//2 213//2 212//2
f 173//2 213//2 175//2
f 213//2 173//2 214//2
f 214//1 215//1 216//1
f 214//2 173//2 215//2
f 215//2 173//2 217//2
f 217//2 173//2 218//2
f 218//2 173//2 219//2
f 220//2 219//2 173//2
f 219//1 220//1 221//1
f 220//2 173//2 222//2
f 223//1 224//1 225//1
f 173//2 224//2 223//2
f 173//2 226//2 227//2
f 228//1 229//1 230//1
f 173//2 229//2 228//2
f 229//2 231//2 232//2
f 173//2 233//2 234//2
f 173//2 235//2 236//2
f 235//2 173//2 237//2
f 173//2 238//2 239//2
f 238//2 240//2 241//2
f 242//1 243//1 244//1
f 245//1 246//1 247//1
f 173//2 246//2 245//2
f 248//1 249//1 250//1
f 248//1 251//1 249//1
f 222//2 173//2 223//2
f 224//2 173//2 227//2
f 226//2 173//2 228//2
f 229//2 173//2 231//2
f 173//2 234//2 231//2
f 233//2 173//2 252//2
f 173//2 253//2 252//2
f 173//2 254//2 253//2
f 173//2 236//2 254//2
f 237//2 173//2 255//2
f 173//2 256//2 255//2
f 173//2 239//2 256//2
f 238//2 173//2 240//2
f 173//2 257//2 240//2
f 173//2 258//2 257//2
f 173//2 259//2 258//2
f 173//2 260//2 259//2
f 173//2 242//2 260//2
f 173//2 243//2 242//2
f 173//2 261//2 243//2
f 173//2 262//2 261//2
f 173//2 245//2 262//2
f 246//2 173//2 263//2
f 173//2 264//2 263//2
f 173//2 265//2 264//2
f 173//2 248//2 265//2
f 173//2 251//2 248//2
f 173//2 266//2 251//2
f 173//2 267//2 266//2
f 173//2 174//2 267//2
f 172//2 173//2 125//2
f 173//2 101//2 125//2
f 268//2 105//2 101//2
f 105//2 268//2 269//2
f 268//2 101//2 173//2
f 269//2 268//2 270//2
f 173//2 74//2 268//2
f 271//2 272//2 273//2
f 173//2 272//2 74//2
f 173//2 274//2 272//2
f 274//2 69//2 70//2
f 275//2 274//2 173//2
f 274//2 275//2 69//2
f 69//2 275//2 62//2
f 62//2 275//2 61//2
f 276//2 277//2 278//2
f 61//2 275//2 279//2
f 279//2 275//2 277//2
f 280//2 281//2 282//2
f 277//2 275//2 283//2
f 283//2 275//2 281//2
f 281//2 275//2 284//2
f 284//2 275//2 285//2
f 285//2 275//2 286//2
f 286//2 275//2 287//2
f 288//2 287//2 275//2
f 287//2 288//2 289//2
f 290//2 291//2 292//2
f 289//2 288//2 293//2
f 290//2 293//2 288//2
f 293//2 290//2 292//2
f 291//2 290//2 294//2
f 291//2 294//2 295//2
f 296//2 295//2 294//2
f 296//2 297//2 295//2
f 298//2 299//2 300//2
f 297//2 301//2 299//2
f 302//2 297//2 296//2
f 297//2 303//2 301//2
f 297//2 304//2 303//2
f 297//2 305//2 304//2
f 297//2 306//2 305//2
f 297//2 307//2 306//2
f 297//2 308//2 307//2
f 297//2 309//2 308//2
f 297//2 310//2 309//2
f 297//2 311//2 310//2
f 297//2 312//2 311//2
f 311//1 312//1 313//1
f 297//2 314//2 312//2
f 312//1 314//1 315//1
f 297//2 316//2 314//2
f 297//2 317//2 316//2
f 297//2 318//2 317//2
f 297//2 319//2 318//2
f 297//1 320//1 319//1
f 297//2 321//2 320//2
f 297//2 322//2 321//2
f 323//2 297//2 302//2
f 297//2 324//2 322//2
f 297//2 325//2 324//2
f 297//1 323//1 325//1
f 323//2 302//2 326//2
f 326//1 302//1 327//1
f 327//2 302//2 328//2
f 329//2 328//2 302//2
f 328//2 329//2 330//2
f 329//2 302//2 331//2
f 332//2 331//2 302//2
f 332//2 302//2 333//2
f 333//2 302//2 334//2
f 335//2 336//2 337//2
f 335//1 338//1 336//1
f 335//2 302//2 338//2
f 334//2 302//2 335//2
f 339//2 175//2 177//2
f 340//2 175//2 339//2
f 341//2 175//2 340//2
f 342//2 175//2 341//2
f 343//2 175//2 342//2
f 344//2 175//2 343//2
f 345//2 175//2 344//2
f 346//2 175//2 345//2
f 347//2 175//2 346//2
f 348//1 175//1 347//1
f 349//2 175//2 348//2
f 350//2 175//2 349//2
f 107//2 350//2 351//2
f 107//2 351//2 352//2
f 107//2 352//2 353//2
f 354//1 353//1 355//1
f 353//2 354//2 107//2
f 107//2 356//2 357//2
f 358//2 359//2 360//2
f 107//2 359//2 358//2
f 107//2 361//2 362//2
f 107//2 363//2 108//2
f 107//2 364//2 363//2
f 107//2 362//2 364//2
f 361//2 107//2 365//2
f 107//1 366//1 365//1
f 107//2 358//2 366//2
f 359//2 107//2 367//2
f 107//1 368//1 367//1
f 107//2 357//2 368//2
f 356//2 107//2 369//2
f 107//2 354//2 369//2
f 350//2 107//2 175//2
f 79//2 175//2 107//2
f 86//2 79//2 84//2
f 370//2 175//2 79//2
f 75//2 175//2 370//2
f 71//2 75//2 371//2
f 76//2 175//2 75//2
f 372//2 76//2 63//2
f 64//2 63//2 373//2
f 372//2 63//2 65//2
f 372//2 65//2 58//2
f 59//2 58//2 374//2
f 372//2 58//2 60//2
f 76//2 372//2 175//2
f 372//2 60//2 375//2
f 79//2 78//2 370//2
f 376//2 370//2 78//2
f 377//2 370//2 376//2
f 378//2 370//2 377//2
f 379//2 370//2 378//2
f 380//2 379//2 381//2
f 379//2 380//2 370//2
f 382//2 380//2 381//2
f 383//2 380//2 382//2
f 384//2 383//2 385//2
f 384//2 385//2 386//2
f 383//2 384//2 380//2
f 387//2 384//2 386//2
f 387//2 388//2 384//2
f 389//2 388//2 387//2
f 390//2 389//2 391//2
f 389//2 390//2 388//2
f 392//2 391//2 393//2
f 270//2 393//2 394//2
f 270//2 394//2 395//2
f 391//2 392//2 390//2
f 270//2 395//2 396//2
f 270//2 396//2 269//2
f 393//2 270//2 392//2
f 397//2 398//2 399//2
f 397//2 400//2 398//2
f 397//2 401//2 400//2
f 397//2 402//2 401//2
f 397//3 403//3 402//3
f 397//2 404//2 403//2
f 397//4 405//4 404//4
f 397//2 406//2 405//2
f 397//5 407//5 406//5
f 397//2 408//2 407//2
f 397//2 409//2 408//2
f 397//6 410//6 409//6
f 397//2 411//2 410//2
f 397//7 412//7 411//7
f 397//2 413//2 412//2
f 397//2 414//2 413//2
f 397//8 415//8 414//8
f 397//2 416//2 415//2
f 397//2 417//2 416//2
f 397//2 418//2 417//2
f 397//2 419//2 418//2
f 397//9 420//9 419//9
f 397//2 421//2 420//2
f 397//10 422//10 421//10
f 397//2 423//2 422//2
f 397//2 424//2 423//2
f 397//11 425//11 424//11
f 397//2 426//2 425//2
f 427//2 426//2 397//2
f 426//1 427//1 428//1
f 429//2 427//2 397//2
f 427//1 429//1 430//1
f 397//2 431//2 429//2
f 397//12 432//12 431//12
f 397//2 433//2 432//2
f 397//2 434//2 433//2
f 397//2 435//2 434//2
f 397//13 436//13 435//13
f 397//2 437//2 436//2
f 397//14 438//14 437//14
f 397//2 439//2 438//2
f 397//15 440//15 439//15
f 397//2 441//2 440//2
f 397//2 442//2 441//2
f 397//2 443//2 442//2
f 397//2 444//2 443//2
f 397//16 445//16 444//16
f 397//2 446//2 445//2
f 397//2 447//2 446//2
f 397//2 448//2 447//2
f 397//2 449//2 448//2
f 397//2 450//2 449//2
f 397//2 451//2 450//2
f 397//2 452//2 451//2
f 397//2 453//2 452//2
f 397//17 454//17 453//17
f 397//2 455//2 454//2
f 456//2 455//2 397//2
f 455//2 456//2 457//2
f 457//2 456//2 458//2
f 458//2 456//2 459//2
f 459//2 456//2 460//2
f 461//1 462//1 463//1
f 464//1 465//1 466//1
f 467//1 468//1 469//1
f 456//2 468//2 467//2
f 468//1 470//1 471//1
f 472//2 473//2 474//2
f 456//2 473//2 472//2
f 456//2 475//2 476//2
f 475//2 477//2 478//2
f 456//2 479//2 480//2
f 456//2 480//2 481//2
f 482//2 483//2 484//2
f 456//2 483//2 482//2
f 456//2 485//2 486//2
f 487//18 456//18 488//18
f 489//2 456//2 487//2
f 490//2 456//2 489//2
f 491//2 456//2 490//2
f 485//19 456//19 491//19
f 492//2 456//2 486//2
f 493//2 456//2 492//2
f 494//2 456//2 493//2
f 495//20 456//20 494//20
f 483//2 456//2 495//2
f 496//2 456//2 482//2
f 479//2 456//2 496//2
f 497//2 456//2 481//2
f 477//2 456//2 497//2
f 475//2 456//2 477//2
f 498//2 456//2 476//2
f 499//2 456//2 498//2
f 500//2 456//2 499//2
f 473//2 456//2 500//2
f 470//2 456//2 472//2
f 468//2 456//2 470//2
f 465//2 456//2 467//2
f 464//2 456//2 465//2
f 501//2 456//2 464//2
f 502//2 456//2 501//2
f 503//2 456//2 502//2
f 462//2 456//2 503//2
f 461//2 456//2 462//2
f 460//2 456//2 461//2
f 372//2 456//2 397//2
f 372//2 504//2 456//2
f 505//2 372//2 375//2
f 506//2 372//2 505//2
f 507//2 505//2 375//2
f 508//2 509//2 510//2
f 511//2 512//2 513//2
f 514//2 515//2 508//2
f 515//2 514//2 507//2
f 516//2 507//2 514//2
f 516//2 505//2 507//2
f 277//2 516//2 278//2
f 516//2 277//2 505//2
f 517//21 399//21 398//21
f 518//2 399//2 517//2
f 519//2 399//2 518//2
f 520//2 399//2 519//2
f 521//2 399//2 520//2
f 522//2 399//2 521//2
f 523//2 399//2 522//2
f 524//1 523//1 525//1
f 523//2 524//2 399//2
f 526//2 399//2 524//2
f 527//22 399//22 526//22
f 528//2 399//2 527//2
f 529//2 399//2 528//2
f 530//2 399//2 529//2
f 531//2 399//2 530//2
f 532//2 399//2 531//2
f 533//2 399//2 532//2
f 534//2 533//2 535//2
f 533//2 534//2 399//2
f 536//2 399//2 534//2
f 537//2 399//2 536//2
f 538//2 399//2 537//2
f 539//2 399//2 538//2
f 540//2 399//2 539//2
f 541//2 399//2 540//2
f 542//2 399//2 541//2
f 543//2 399//2 542//2
f 544//2 399//2 543//2
f 545//2 399//2 544//2
f 546//2 399//2 545//2
f 547//2 399//2 546//2
f 548//2 399//2 547//2
f 549//2 399//2 548//2
f 550//2 399//2 549//2
f 551//2 399//2 550//2
f 552//23 399//23 551//23
f 553//2 399//2 552//2
f 554//24 399//24 553//24
f 555//2 399//2 554//2
f 556//2 399//2 555//2
f 557//25 399//25 556//25
f 558//2 399//2 557//2
f 559//26 399//26 558//26
f 560//2 399//2 559//2
f 561//2 399//2 560//2
f 562//27 399//27 561//27
f 563//2 399//2 562//2
f 564//2 399//2 563//2
f 565//2 399//2 564//2
f 566//2 399//2 565//2
f 567//2 399//2 566//2
f 568//2 399//2 567//2
f 569//2 399//2 568//2
f 570//2 569//2 571//2
f 569//2 570//2 399//2
f 572//2 399//2 570//2
f 573//2 399//2 572//2
f 574//2 399//2 573//2
f 575//2 399//2 574//2
f 576//2 399//2 575//2
f 577//2 399//2 576//2
f 578//28 399//28 577//28
f 579//29 399//29 578//29
f 580//2 579//2 581//2
f 580//2 581//2 582//2
f 580//2 582//2 583//2
f 584//1 583//1 585//1
f 583//2 584//2 580//2
f 586//1 587//1 588//1
f 580//2 589//2 590//2
f 580//2 591//2 592//2
f 580//2 593//2 594//2
f 580//2 594//2 595//2
f 596//1 597//1 598//1
f 599//2 600//2 601//2
f 580//2 599//2 602//2
f 580//2 603//2 604//2
f 580//2 604//2 605//2
f 580//30 606//30 607//30
f 608//31 609//31 610//31
f 580//2 488//2 456//2
f 488//2 580//2 608//2
f 608//2 580//2 609//2
f 609//2 580//2 607//2
f 606//2 580//2 605//2
f 603//2 580//2 611//2
f 611//2 580//2 612//2
f 612//2 580//2 613//2
f 613//32 580//32 602//32
f 599//2 580//2 600//2
f 600//2 580//2 614//2
f 614//33 580//33 615//33
f 615//2 580//2 596//2
f 596//2 580//2 597//2
f 597//2 580//2 595//2
f 593//2 580//2 616//2
f 580//2 617//2 616//2
f 580//2 618//2 617//2
f 580//2 619//2 618//2
f 580//2 592//2 619//2
f 591//2 580//2 620//2
f 580//2 590//2 620//2
f 589//2 580//2 621//2
f 580//2 622//2 621//2
f 580//2 586//2 622//2
f 580//2 587//2 586//2
f 580//2 623//2 587//2
f 580//2 624//2 623//2
f 580//2 584//2 624//2
f 579//2 580//2 399//2
f 625//2 580//2 626//2
f 627//2 372//2 628//2
f 629//2 372//2 627//2
f 630//2 372//2 629//2
f 580//2 625//2 399//2
f 372//2 630//2 504//2
f 631//2 504//2 630//2
f 632//2 504//2 633//2
f 634//2 635//2 632//2
f 635//2 636//2 626//2
f 637//2 626//2 636//2
f 638//2 626//2 637//2
f 626//2 638//2 625//2
f 639//2 625//2 638//2
f 640//2 625//2 639//2
f 641//2 625//2 640//2
f 625//2 641//2 642//2
f 642//2 643//2 644//2
f 642//2 645//2 643//2
f 646//2 642//2 641//2
f 642//2 647//2 645//2
f 642//2 646//2 647//2
f 641//2 648//2 646//2
f 641//2 649//2 648//2
f 641//2 650//2 649//2
f 641//2 651//2 650//2
f 641//2 652//2 651//2
f 653//2 652//2 641//2
f 652//2 653//2 654//2
f 641//2 655//2 653//2
f 641//2 656//2 655//2
f 641//2 657//2 656//2
f 641//2 658//2 657//2
f 641//2 659//2 658//2
f 641//2 660//2 659//2
f 641//2 661//2 660//2
f 641//2 662//2 661//2
f 641//2 663//2 662//2
f 641//2 664//2 663//2
f 641//2 665//2 664//2
f 641//2 666//2 665//2
f 641//2 667//2 666//2
f 641//2 668//2 667//2
f 641//2 669//2 668//2
f 670//2 669//2 641//2
f 669//1 670//1 671//1
f 641//2 672//2 670//2
f 641//2 673//2 672//2
f 641//2 674//2 673//2
f 641//2 675//2 674//2
f 641//2 676//2 675//2
f 641//2 677//2 676//2
f 641//2 678//2 677//2
f 641//2 679//2 678//2
f 641//2 680//2 679//2
f 641//2 681//2 680//2
f 682//2 681//2 641//2
f 681//2 682//2 683//2
f 684//2 682//2 641//2
f 682//1 684//1 685//1
f 641//2 686//2 684//2
f 641//2 687//2 686//2
f 641//2 688//2 687//2
f 641//2 689//2 688//2
f 641//2 690//2 689//2
f 641//2 691//2 690//2
f 297//2 691//2 641//2
f 692//2 691//2 297//2
f 691//2 692//2 693//2
f 692//2 297//2 694//2
f 694//2 297//2 695//2
f 695//2 297//2 696//2
f 696//2 297//2 697//2
f 697//2 297//2 698//2
f 698//2 297//2 699//2
f 699//2 297//2 700//2
f 700//2 297//2 701//2
f 701//2 297//2 702//2
f 702//2 297//2 703//2
f 703//2 297//2 704//2
f 704//2 297//2 705//2
f 705//2 297//2 706//2
f 706//2 297//2 707//2
f 298//2 707//2 297//2
f 707//1 298//1 708//1
f 299//2 298//2 297//2
f 400//2 401//2 709//2
f 710//2 711//2 712//2
f 713//2 296//2 294//2
f 714//2 715//2 713//2
f 716//2 713//2 715//2
f 717//2 713//2 716//2
f 718//2 713//2 717//2
f 719//2 713//2 718//2
f 720//2 713//2 719//2
f 721//2 713//2 720//2
f 722//2 713//2 721//2
f 723//2 713//2 722//2
f 724//2 723//2 725//2
f 723//2 724//2 713//2
f 726//2 713//2 724//2
f 727//34 713//34 726//34
f 728//2 713//2 727//2
f 729//2 713//2 728//2
f 730//2 713//2 729//2
f 731//2 713//2 730//2
f 732//2 713//2 731//2
f 733//2 713//2 732//2
f 734//2 713//2 733//2
f 735//2 713//2 734//2
f 736//2 713//2 735//2
f 737//2 713//2 736//2
f 738//2 713//2 737//2
f 739//2 738//2 740//2
f 738//2 739//2 713//2
f 741//2 713//2 739//2
f 742//2 713//2 741//2
f 743//2 713//2 742//2
f 744//2 713//2 743//2
f 745//2 713//2 744//2
f 746//2 713//2 745//2
f 747//2 713//2 746//2
f 748//2 713//2 747//2
f 749//2 713//2 748//2
f 750//2 713//2 749//2
f 751//2 713//2 750//2
f 752//2 713//2 751//2
f 753//2 713//2 752//2
f 754//2 713//2 753//2
f 755//2 713//2 754//2
f 756//2 713//2 755//2
f 757//2 713//2 756//2
f 758//2 713//2 757//2
f 759//2 713//2 758//2
f 760//2 713//2 759//2
f 761//2 713//2 760//2
f 713//2 761//2 762//2
f 762//35 761//35 763//35
f 762//2 763//2 764//2
f 762//2 764//2 765//2
f 762//2 765//2 766//2
f 762//2 766//2 767//2
f 762//2 767//2 768//2
f 769//2 768//2 770//2
f 768//2 769//2 762//2
f 762//2 769//2 771//2
f 762//2 772//2 773//2
f 762//36 773//36 774//36
f 775//1 776//1 777//1
f 762//2 776//2 775//2
f 778//2 779//2 780//2
f 781//1 778//1 782//1
f 762//37 783//37 784//37
f 762//2 785//2 786//2
f 762//2 787//2 788//2
f 762//29 788//29 789//29
f 790//1 791//1 792//1
f 793//2 790//2 794//2
f 795//2 796//2 797//2
f 762//2 795//2 798//2
f 762//2 799//2 800//2
f 801//2 802//2 803//2
f 762//2 804//2 805//2
f 804//2 762//2 806//2
f 806//2 762//2 807//2
f 807//2 762//2 801//2
f 801//2 762//2 802//2
f 802//2 762//2 808//2
f 808//2 762//2 800//2
f 799//2 762//2 809//2
f 809//2 762//2 810//2
f 810//2 762//2 811//2
f 713//2 762//2 296//2
f 812//2 762//2 771//2
f 813//2 762//2 812//2
f 814//2 762//2 813//2
f 815//2 762//2 814//2
f 772//2 762//2 815//2
f 816//2 762//2 774//2
f 817//38 762//38 816//38
f 776//2 762//2 817//2
f 779//2 762//2 775//2
f 778//2 762//2 779//2
f 781//2 762//2 778//2
f 818//2 762//2 781//2
f 819//2 762//2 818//2
f 783//2 762//2 819//2
f 820//2 762//2 784//2
f 785//2 762//2 820//2
f 821//2 762//2 786//2
f 822//2 762//2 821//2
f 823//2 762//2 822//2
f 824//2 762//2 823//2
f 787//2 762//2 824//2
f 791//2 762//2 789//2
f 790//2 762//2 791//2
f 793//2 762//2 790//2
f 796//2 762//2 793//2
f 795//2 762//2 796//2
f 811//2 762//2 798//2
f 275//2 714//2 288//2
f 715//39 714//39 825//39
f 714//2 710//2 825//2
f 714//2 711//2 710//2
f 714//2 826//2 711//2
f 714//40 827//40 826//40
f 714//2 828//2 827//2
f 714//2 829//2 828//2
f 714//2 830//2 829//2
f 831//2 830//2 714//2
f 830//2 831//2 832//2
f 714//2 833//2 831//2
f 714//2 834//2 833//2
f 714//2 835//2 834//2
f 714//2 836//2 835//2
f 714//2 837//2 836//2
f 714//2 838//2 837//2
f 714//2 839//2 838//2
f 714//2 840//2 839//2
f 714//2 841//2 840//2
f 714//2 842//2 841//2
f 714//2 843//2 842//2
f 714//2 844//2 843//2
f 714//2 845//2 844//2
f 805//2 714//2 275//2
f 714//2 846//2 845//2
f 714//2 847//2 846//2
f 714//2 848//2 847//2
f 714//2 849//2 848//2
f 714//2 850//2 849//2
f 714//2 851//2 850//2
f 850//1 851//1 852//1
f 714//2 853//2 851//2
f 851//1 853//1 854//1
f 714//2 855//2 853//2
f 714//2 856//2 855//2
f 855//1 856//1 857//1
f 714//2 858//2 856//2
f 714//2 859//2 858//2
f 714//2 860//2 859//2
f 714//2 861//2 860//2
f 714//2 862//2 861//2
f 714//2 863//2 862//2
f 864//2 714//2 805//2
f 714//2 865//2 863//2
f 714//2 866//2 865//2
f 714//2 867//2 866//2
f 714//2 864//2 867//2
f 864//2 805//2 868//2
f 868//41 805//41 869//41
f 869//2 805//2 870//2
f 870//2 805//2 871//2
f 871//2 805//2 872//2
f 872//2 805//2 873//2
f 805//2 874//2 875//2
f 876//2 877//2 878//2
f 876//2 879//2 877//2
f 876//1 880//1 879//1
f 881//1 882//1 883//1
f 884//1 885//1 886//1
f 887//1 888//1 889//1
f 805//2 888//2 887//2
f 888//1 890//1 891//1
f 892//2 893//2 894//2
f 805//2 893//2 892//2
f 893//2 895//2 896//2
f 897//1 898//1 899//1
f 900//2 901//2 902//2
f 901//1 903//1 904//1
f 905//2 906//2 907//2
f 906//2 908//2 909//2
f 805//2 906//2 905//2
f 910//2 911//2 912//2
f 910//42 913//42 911//42
f 914//43 805//43 804//43
f 915//2 805//2 914//2
f 916//2 805//2 915//2
f 913//2 805//2 916//2
f 910//2 805//2 913//2
f 917//2 805//2 910//2
f 908//2 805//2 917//2
f 906//2 805//2 908//2
f 903//2 805//2 905//2
f 901//2 805//2 903//2
f 900//2 805//2 901//2
f 918//2 805//2 900//2
f 919//2 805//2 918//2
f 898//2 805//2 919//2
f 897//2 805//2 898//2
f 895//2 805//2 897//2
f 893//2 805//2 895//2
f 890//2 805//2 892//2
f 888//2 805//2 890//2
f 920//2 805//2 887//2
f 885//2 805//2 920//2
f 884//2 805//2 885//2
f 921//2 805//2 884//2
f 922//44 805//44 921//44
f 882//2 805//2 922//2
f 881//2 805//2 882//2
f 880//2 805//2 881//2
f 876//2 805//2 880//2
f 923//2 805//2 876//2
f 924//45 805//45 923//45
f 874//2 805//2 924//2
f 925//2 805//2 875//2
f 873//2 805//2 925//2
f 926//2 642//2 644//2
f 927//2 642//2 926//2
f 928//2 642//2 927//2
f 929//2 642//2 928//2
f 930//2 642//2 929//2
f 931//2 642//2 930//2
f 932//2 642//2 931//2
f 933//2 642//2 932//2
f 934//2 642//2 933//2
f 935//2 642//2 934//2
f 936//2 642//2 935//2
f 937//2 642//2 936//2
f 938//2 642//2 937//2
f 939//1 938//1 940//1
f 938//2 939//2 642//2
f 941//2 642//2 939//2
f 942//2 642//2 941//2
f 943//2 642//2 942//2
f 944//2 642//2 943//2
f 945//2 642//2 944//2
f 946//2 642//2 945//2
f 947//2 642//2 946//2
f 948//2 642//2 947//2
f 949//2 642//2 948//2
f 950//2 642//2 949//2
f 951//2 642//2 950//2
f 952//2 951//2 953//2
f 951//2 952//2 642//2
f 954//2 642//2 952//2
f 955//2 642//2 954//2
f 956//2 642//2 955//2
f 957//2 956//2 958//2
f 956//2 957//2 642//2
f 959//1 957//1 960//1
f 957//2 959//2 642//2
f 961//2 642//2 959//2
f 962//2 642//2 961//2
f 963//2 642//2 962//2
f 964//2 642//2 963//2
f 965//2 642//2 964//2
f 966//2 642//2 965//2
f 967//2 642//2 966//2
f 968//2 642//2 967//2
f 969//2 642//2 968//2
f 970//2 642//2 969//2
f 971//2 642//2 970//2
f 972//2 971//2 973//2
f 971//2 972//2 642//2
f 974//2 642//2 972//2
f 975//2 642//2 974//2
f 976//2 642//2 975//2
f 977//2 642//2 976//2
f 978//2 642//2 977//2
f 979//2 978//2 980//2
f 981//2 978//2 979//2
f 978//2 981//2 642//2
f 982//2 642//2 981//2
f 983//1 982//1 984//1
f 982//2 983//2 642//2
f 985//2 642//2 983//2
f 986//2 642//2 985//2
f 987//2 642//2 986//2
f 302//2 987//2 988//2
f 302//2 988//2 989//2
f 990//2 989//2 991//2
f 989//2 990//2 302//2
f 302//2 990//2 992//2
f 302//2 992//2 993//2
f 302//2 993//2 994//2
f 302//2 994//2 995//2
f 302//2 995//2 996//2
f 302//2 996//2 997//2
f 302//2 997//2 998//2
f 302//2 998//2 999//2
f 1000//2 999//2 1001//2
f 999//2 1000//2 302//2
f 1002//1 1003//1 1004//1
f 1005//2 1003//2 1002//2
f 1006//1 1007//1 1008//1
f 1009//2 1006//2 1010//2
f 1011//1 1012//1 1013//1
f 302//2 1011//2 1014//2
f 1015//1 1016//1 1017//1
f 1018//1 1019//1 1020//1
f 1021//2 1018//2 1022//2
f 302//2 1018//2 1021//2
f 302//2 1023//2 1024//2
f 1025//2 1026//2 1027//2
f 987//2 302//2 642//2
f 1003//2 302//2 1000//2
f 1005//2 302//2 1003//2
f 1007//2 302//2 1005//2
f 1006//2 302//2 1007//2
f 1009//2 302//2 1006//2
f 1012//2 302//2 1009//2
f 1011//2 302//2 1012//2
f 1028//2 302//2 1014//2
f 1016//2 302//2 1028//2
f 1015//2 302//2 1016//2
f 1029//2 302//2 1015//2
f 1030//2 302//2 1029//2
f 1019//2 302//2 1030//2
f 1018//2 302//2 1019//2
f 1031//2 302//2 1021//2
f 1032//2 302//2 1031//2
f 1023//2 302//2 1032//2
f 1033//2 302//2 1024//2
f 1026//2 302//2 1033//2
f 1025//2 302//2 1026//2
f 1034//2 302//2 1025//2
f 1035//2 302//2 1034//2
f 302//2 1035//2 338//2
f 1036//2 640//2 639//2
f 1037//2 640//2 1036//2
f 1037//2 1038//2 640//2
f 1039//2 1038//2 1037//2
f 1040//2 1038//2 1039//2
f 295//2 1040//2 1041//2
f 295//2 1041//2 1042//2
f 295//2 1042//2 1043//2
f 1040//2 295//2 1038//2
f 295//2 1043//2 291//2
f 636//2 635//2 634//2
f 504//2 632//2 635//2
f 504//2 631//2 633//2
f 630//2 1044//2 631//2
f 630//2 1045//2 1044//2
f 1046//2 1045//2 630//2
f 1046//2 1047//2 1045//2
f 1046//2 1048//2 1047//2
f 286//2 1048//2 1046//2
f 1048//2 286//2 1049//2
f 1049//2 286//2 287//2
f 1050//2 1051//2 1052//2
f 1053//2 1054//2 1051//2
f 1055//2 1056//2 1057//2
f 1053//2 1058//2 1054//2
f 1053//2 1055//2 1058//2
f 1059//2 1057//2 1060//2
f 1057//2 1059//2 1055//2
f 1061//2 1059//2 1060//2
f 1061//2 1062//2 1059//2
f 1063//2 1062//2 1061//2
f 283//2 1062//2 1063//2
f 1062//2 283//2 1064//2
f 1064//2 283//2 280//2
f 281//2 280//2 283//2
f 1051//2 1050//2 1065//2
f 1051//2 1065//2 1066//2
f 1051//2 1066//2 1067//2
f 1050//2 1052//2 1068//2
f 1051//2 1067//2 1069//2
f 509//2 508//2 515//2
f 512//2 1070//2 510//2
f 511//2 513//2 1071//2
f 512//2 1072//2 1070//2
f 512//2 511//2 1072//2
f 1073//2 1071//2 1074//2
f 1071//2 1073//2 511//2
f 1075//2 1073//2 1074//2
f 1075//2 1076//2 1073//2
f 1077//2 1076//2 1075//2
f 279//2 1076//2 1077//2
f 1076//2 279//2 1078//2
f 1078//2 279//2 276//2
f 277//2 276//2 279//2
f 1079//2 629//2 627//2
f 1080//2 1079//2 1081//2
f 1080//2 629//2 1079//2
f 285//2 1080//2 1082//2
f 285//2 1082//2 1083//2
f 285//2 1083//2 1084//2
f 1080//2 285//2 629//2
f 285//2 1084//2 284//2
f 1085//2 274//2 70//2
f 1086//2 510//2 1087//2
f 510//2 1088//2 512//2
f 510//2 1086//2 1088//2
f 1087//2 510//2 1089//2
f 1089//2 510//2 509//2
f 1090//2 1091//2 628//2
f 1091//2 1081//2 1079//2
f 1090//2 1081//2 1091//2
f 284//2 1081//2 1090//2
f 1081//2 284//2 1092//2
f 1092//2 284//2 1093//2
f 1093//2 284//2 1084//2
f 1094//2 1095//2 506//2
f 1051//2 1069//2 1053//2
f 1055//2 1053//2 1056//2
f 1068//2 1052//2 1096//2
f 1068//2 1096//2 1094//2
f 1097//2 1094//2 1096//2
f 1097//2 1095//2 1094//2
f 281//2 1097//2 282//2
f 1097//2 281//2 1095//2
f 1098//2 68//2 66//2
f 1095//2 372//2 506//2
f 628//2 372//2 1090//2
f 1090//2 372//2 1095//2
f 272//2 271//2 72//2
f 272//2 72//2 74//2
f 26//46 805//46 275//46
f 805//46 26//46 39//46
f 3//46 372//46 397//46
f 372//46 3//46 8//46
f 1099//46 1046//46 630//46
f 1046//46 1100//46 1101//46
f 1046//46 1099//46 1100//46
f 630//46 1102//46 1099//46
f 630//46 1103//46 1102//46
f 630//46 1104//46 1103//46
f 630//46 1105//46 1104//46
f 630//46 1106//46 1105//46
f 630//46 1107//46 1106//46
f 630//46 1108//46 1107//46
f 630//46 1109//46 1108//46
f 630//46 1110//46 1109//46
f 46//46 1111//46 12//46
f 1112//46 12//46 1111//46
f 1113//46 12//46 1112//46
f 1114//46 12//46 1113//46
f 1115//46 12//46 1114//46
f 1116//46 12//46 1115//46
f 1117//46 12//46 1116//46
f 1118//46 12//46 1117//46
f 1110//46 12//46 1118//46
f 12//46 1110//46 630//46
f 1119//46 1046//46 1101//46
f 1046//46 1119//46 1120//46
f 1111//46 46//46 1121//46
f 1121//46 46//46 1122//46
f 40//47 296//47 762//47
f 296//47 40//47 37//47
f 4//47 399//47 625//47
f 399//47 4//47 1//47
f 1123//47 1038//47 295//47
f 1038//47 1124//47 1125//47
f 1038//47 1123//47 1124//47
f 295//47 1126//47 1123//47
f 295//47 1127//47 1126//47
f 295//47 1128//47 1127//47
f 295//47 1129//47 1128//47
f 295//47 1130//47 1129//47
f 295//47 1131//47 1130//47
f 295//47 1132//47 1131//47
f 295//47 1133//47 1132//47
f 52//47 1134//47 36//47
f 1135//47 36//47 1134//47
f 1136//47 36//47 1135//47
f 1137//47 36//47 1136//47
f 1138//47 36//47 1137//47
f 1139//47 36//47 1138//47
f 1140//47 36//47 1139//47
f 1141//47 36//47 1140//47
f 1142//47 36//47 1141//47
f 1143//47 36//47 1142//47
f 1133//47 36//47 1143//47
f 36//47 1133//47 295//47
f 1144//47 1038//47 1125//47
f 1038//47 1144//47 1145//47
f 1134//47 52//47 1146//47
f 1146//47 52//47 1147//47
f 397//48 1148//48 3//48
f 397//48 1149//48 1148//48
f 397//48 1150//48 1149//48
f 397//48 1151//48 1150//48
f 397//48 1152//48 1151//48
f 397//48 1153//48 1152//48
f 397//48 1154//48 1153//48
f 399//48 1154//48 397//48
f 1154//48 399//48 1155//48
f 1156//48 399//48 1157//48
f 1158//48 399//48 1156//48
f 1159//48 399//48 1158//48
f 1160//48 399//48 1159//48
f 1155//48 399//48 1160//48
f 1161//48 3//48 1148//48
f 1162//48 3//48 1161//48
f 1163//48 3//48 1162//48
f 1164//48 3//48 1163//48
f 1165//48 3//48 1164//48
f 1166//48 3//48 1165//48
f 1167//48 3//48 1166//48
f 1//48 1167//48 1168//48
f 1//48 1157//48 399//48
f 1157//48 1//48 1169//48
f 1167//48 1//48 3//48
f 1170//48 1//48 1168//48
f 1171//48 1//48 1170//48
f 1172//48 1//48 1171//48
f 1169//48 1//48 1172//48
f 635//48 1173//48 1174//48
f 626//48 1173//48 635//48
f 1173//48 626//48 1175//48
f 1175//48 626//48 1176//48
f 1176//48 626//48 1177//48
f 1178//48 626//48 1179//48
f 1177//48 626//48 1178//48
f 1180//48 14//48 1181//48
f 6//48 1180//48 1182//48
f 6//48 1182//48 1183//48
f 6//48 1183//48 1184//48
f 1180//48 6//48 14//48
f 1185//48 6//48 1184//48
f 1179//48 6//48 1185//48
f 6//48 1179//48 626//48
f 9//47 456//47 504//47
f 456//47 9//47 7//47
f 7//49 1186//49 456//49
f 7//49 1187//49 1186//49
f 7//49 1188//49 1187//49
f 7//49 1189//49 1188//49
f 7//49 1190//49 1189//49
f 7//49 1191//49 1190//49
f 7//49 1192//49 1191//49
f 7//49 1193//49 1192//49
f 2//49 1193//49 7//49
f 1193//49 2//49 1194//49
f 1194//49 2//49 1195//49
f 1196//49 2//49 1197//49
f 1198//49 2//49 1196//49
f 1199//49 2//49 1198//49
f 1195//49 2//49 1199//49
f 1200//49 456//49 1186//49
f 1201//49 456//49 1200//49
f 1202//49 456//49 1201//49
f 1203//49 456//49 1202//49
f 1204//49 456//49 1203//49
f 1205//50 456//50 1204//50
f 1206//49 456//49 1205//49
f 580//49 1206//49 1207//49
f 580//51 1207//51 1208//51
f 580//49 1208//49 1209//49
f 580//49 1209//49 1210//49
f 1206//49 580//49 456//49
f 1211//49 580//49 1210//49
f 1212//49 580//49 1211//49
f 1197//49 580//49 1212//49
f 580//49 1197//49 2//49
f 2//46 626//46 580//46
f 626//46 2//46 6//46
f 1213//2 1214//2 1215//2
f 1216//52 1214//52 1213//52
f 1216//2 1217//2 1214//2
f 1218//53 1217//53 1216//53
f 1218//2 1219//2 1217//2
f 1220//2 1219//2 1218//2
f 1220//2 1221//2 1219//2
f 1222//2 1221//2 1220//2
f 1222//2 1223//2 1221//2
f 1224//2 1223//2 1222//2
f 1224//2 1225//2 1223//2
f 1226//2 1225//2 1224//2
f 1226//2 1227//2 1225//2
f 1228//2 1227//2 1226//2
f 1228//2 1229//2 1227//2
f 1230//2 1229//2 1228//2
f 1230//2 1231//2 1229//2
f 1232//28 1231//28 1230//28
f 1232//2 1233//2 1231//2
f 1234//2 1233//2 1232//2
f 1234//53 1235//53 1233//53
f 1235//2 1234//2 1236//2
f 1237//54 1238//54 1214//54
f 1237//55 1214//55 1217//55
f 1239//56 1237//56 1217//56
f 1239//57 1217//57 1219//57
f 1240//58 1239//58 1219//58
f 1240//59 1219//59 1221//59
f 1241//60 1240//60 1221//60
f 1241//61 1221//61 1223//61
f 1241//62 1223//62 1242//62
f 1223//63 1225//63 1242//63
f 1242//64 1225//64 1243//64
f 1225//65 1227//65 1243//65
f 1243//66 1227//66 1244//66
f 1227//67 1229//67 1244//67
f 1244//68 1229//68 1245//68
f 1229//69 1231//69 1245//69
f 1245//70 1231//70 1246//70
f 1231//70 1233//70 1246//70
f 1246//71 1233//71 1247//71
f 1233//72 1235//72 1247//72
f 1247//73 1235//73 1248//73
f 1235//74 1236//74 1248//74
f 1236//75 1249//75 1248//75
f 1236//76 1234//76 1249//76
f 1234//77 1250//77 1249//77
f 1234//78 1232//78 1250//78
f 1232//79 1251//79 1250//79
f 1232//79 1230//79 1251//79
f 1230//80 1252//80 1251//80
f 1230//81 1228//81 1252//81
f 1228//82 1253//82 1252//82
f 1228//83 1226//83 1253//83
f 1226//84 1254//84 1253//84
f 1224//85 1254//85 1226//85
f 1255//86 1254//86 1224//86
f 1222//87 1255//87 1224//87
f 1256//88 1255//88 1222//88
f 1220//89 1256//89 1222//89
f 1257//90 1256//90 1220//90
f 1218//91 1257//91 1220//91
f 1258//92 1257//92 1218//92
f 1216//93 1258//93 1218//93
f 1259//94 1258//94 1216//94
f 1213//95 1259//95 1216//95
f 1260//96 1259//96 1213//96
f 1215//97 1260//97 1213//97
f 1238//98 1260//98 1215//98
f 1238//99 1215//99 1214//99
f 1259//2 1261//2 1262//2
f 1261//2 1260//2 1263//2
f 1259//2 1262//2 1264//2
f 1238//2 1263//2 1260//2
f 1258//2 1264//2 1265//2
f 1263//2 1238//2 1266//2
f 1257//2 1265//2 1267//2
f 1266//2 1238//2 1268//2
f 1237//2 1268//2 1238//2
f 1261//2 1259//2 1260//2
f 1256//2 1267//2 1269//2
f 1264//2 1258//2 1259//2
f 1265//2 1257//2 1258//2
f 1256//2 1269//2 1270//2
f 1267//2 1256//2 1257//2
f 1255//2 1270//2 1271//2
f 1270//2 1255//2 1256//2
f 1254//2 1271//2 1272//2
f 1271//2 1254//2 1255//2
f 1273//2 1254//2 1272//2
f 1254//2 1273//2 1253//2
f 1274//2 1253//2 1273//2
f 1253//2 1274//2 1252//2
f 1275//2 1252//2 1274//2
f 1276//2 1252//2 1275//2
f 1252//2 1276//2 1251//2
f 1277//2 1251//2 1276//2
f 1251//2 1277//2 1250//2
f 1278//2 1250//2 1277//2
f 1268//2 1237//2 1279//2
f 1239//2 1279//2 1237//2
f 1279//2 1239//2 1280//2
f 1240//2 1280//2 1239//2
f 1280//2 1240//2 1281//2
f 1281//2 1240//2 1282//2
f 1241//2 1282//2 1240//2
f 1282//2 1241//2 1283//2
f 1242//2 1283//2 1241//2
f 1242//2 1284//2 1283//2
f 1285//2 1242//2 1243//2
f 1242//2 1285//2 1284//2
f 1286//2 1243//2 1244//2
f 1243//2 1286//2 1285//2
f 1287//2 1244//2 1245//2
f 1288//2 1245//2 1246//2
f 1244//2 1289//2 1286//2
f 1290//2 1246//2 1247//2
f 1291//2 1247//2 1248//2
f 1250//2 1278//2 1249//2
f 1244//2 1287//2 1289//2
f 1292//2 1249//2 1278//2
f 1245//2 1288//2 1287//2
f 1293//2 1249//2 1292//2
f 1246//2 1290//2 1288//2
f 1249//2 1293//2 1248//2
f 1247//2 1294//2 1290//2
f 1291//2 1248//2 1293//2
f 1247//2 1291//2 1294//2
f 1261//100 1295//100 1262//100
f 1295//101 1296//101 1262//101
f 1262//102 1296//102 1264//102
f 1296//103 1297//103 1264//103
f 1264//103 1297//103 1265//103
f 1297//104 1298//104 1265//104
f 1265//105 1298//105 1267//105
f 1298//106 1299//106 1267//106
f 1267//107 1299//107 1269//107
f 1299//108 1300//108 1269//108
f 1269//109 1300//109 1270//109
f 1270//110 1300//110 1301//110
f 1270//110 1301//110 1271//110
f 1271//111 1301//111 1302//111
f 1271//111 1302//111 1272//111
f 1272//112 1302//112 1303//112
f 1273//112 1272//112 1303//112
f 1273//113 1303//113 1304//113
f 1274//113 1273//113 1304//113
f 1274//114 1304//114 1305//114
f 1275//115 1274//115 1305//115
f 1275//116 1305//116 1306//116
f 1276//116 1275//116 1306//116
f 1276//117 1306//117 1307//117
f 1277//118 1276//118 1307//118
f 1277//119 1307//119 1308//119
f 1278//119 1277//119 1308//119
f 1278//120 1308//120 1309//120
f 1292//121 1278//121 1309//121
f 1292//122 1309//122 1310//122
f 1293//123 1292//123 1310//123
f 1310//124 1291//124 1293//124
f 1291//124 1310//124 1311//124
f 1312//125 1291//125 1311//125
f 1294//126 1291//126 1312//126
f 1313//127 1294//127 1312//127
f 1290//128 1294//128 1313//128
f 1314//129 1290//129 1313//129
f 1288//129 1290//129 1314//129
f 1315//130 1288//130 1314//130
f 1287//131 1288//131 1315//131
f 1316//132 1287//132 1315//132
f 1289//132 1287//132 1316//132
f 1317//133 1289//133 1316//133
f 1286//134 1289//134 1317//134
f 1318//135 1286//135 1317//135
f 1318//135 1285//135 1286//135
f 1319//136 1285//136 1318//136
f 1319//136 1284//136 1285//136
f 1320//137 1284//137 1319//137
f 1320//137 1283//137 1284//137
f 1320//138 1321//138 1283//138
f 1321//138 1282//138 1283//138
f 1321//139 1322//139 1282//139
f 1322//140 1281//140 1282//140
f 1322//141 1323//141 1281//141
f 1323//142 1280//142 1281//142
f 1323//143 1324//143 1280//143
f 1324//144 1279//144 1280//144
f 1324//145 1325//145 1279//145
f 1325//145 1268//145 1279//145
f 1325//146 1326//146 1268//146
f 1326//147 1266//147 1268//147
f 1326//148 1327//148 1266//148
f 1327//149 1263//149 1266//149
f 1263//150 1328//150 1261//150
f 1328//150 1263//150 1327//150
f 1328//151 1295//151 1261//151
f 1329//152 1299//152 1298//152
f 1299//153 1329//153 1330//153
f 1297//154 1329//154 1298//154
f 1329//154 1297//154 1331//154
f 1296//155 1331//155 1297//155
f 1331//155 1296//155 1332//155
f 1295//156 1332//156 1296//156
f 1332//157 1295//157 1333//157
f 1328//158 1333//158 1295//158
f 1333//158 1328//158 1334//158
f 1327//48 1334//48 1328//48
f 1334//48 1327//48 1335//48
f 1326//159 1335//159 1327//159
f 1335//159 1326//159 1336//159
f 1325//160 1336//160 1326//160
f 1336//160 1325//160 1337//160
f 1324//161 1337//161 1325//161
f 1337//161 1324//161 1338//161
f 1323//162 1338//162 1324//162
f 1338//162 1323//162 1339//162
f 1340//163 1323//163 1322//163
f 1323//163 1340//163 1339//163
f 1341//164 1322//164 1321//164
f 1322//165 1341//165 1340//165
f 1342//166 1321//166 1320//166
f 1321//166 1342//166 1341//166
f 1343//167 1320//167 1319//167
f 1320//167 1343//167 1342//167
f 1344//168 1319//168 1318//168
f 1319//168 1344//168 1343//168
f 1345//169 1318//169 1317//169
f 1318//169 1345//169 1344//169
f 1346//170 1317//170 1316//170
f 1317//170 1346//170 1345//170
f 1347//171 1316//171 1315//171
f 1316//171 1347//171 1346//171
f 1347//172 1314//172 1348//172
f 1314//172 1347//172 1315//172
f 1348//173 1313//173 1349//173
f 1313//173 1348//173 1314//173
f 1349//174 1312//174 1350//174
f 1312//175 1349//175 1313//175
f 1350//176 1311//176 1351//176
f 1311//176 1350//176 1312//176
f 1351//49 1310//49 1352//49
f 1310//49 1351//49 1311//49
f 1352//177 1309//177 1353//177
f 1309//177 1352//177 1310//177
f 1353//178 1308//178 1354//178
f 1308//178 1353//178 1309//178
f 1354//179 1307//179 1355//179
f 1307//179 1354//179 1308//179
f 1355//180 1306//180 1356//180
f 1306//180 1355//180 1307//180
f 1357//181 1306//181 1305//181
f 1306//182 1357//182 1356//182
f 1358//183 1305//183 1304//183
f 1305//183 1358//183 1357//183
f 1359//184 1304//184 1303//184
f 1304//184 1359//184 1358//184
f 1360//185 1303//185 1302//185
f 1303//185 1360//185 1359//185
f 1361//186 1302//186 1301//186
f 1302//186 1361//186 1360//186
f 1362//187 1301//187 1300//187
f 1301//187 1362//187 1361//187
f 1330//188 1300//188 1299//188
f 1300//188 1330//188 1362//188
f 1363//189 1364//189 1346//189
f 1364//190 1365//190 1346//190
f 1365//191 1345//191 1346//191
f 1365//192 1366//192 1345//192
f 1366//193 1367//193 1345//193
f 1358//194 1368//194 1357//194
f 1361//195 1362//195 1369//195
f 1336//196 1337//196 1370//196
f 1331//197 1332//197 1371//197
f 1356//198 1372//198 1355//198
f 1372//199 1373//199 1355//199
f 1355//200 1373//200 1354//200
f 1374//201 1347//201 1348//201
f 1374//202 1363//202 1347//202
f 1363//203 1346//203 1347//203
f 1333//204 1334//204 1375//204
f 1334//205 1376//205 1375//205
f 1377//206 1343//206 1344//206
f 1377//207 1378//207 1343//207
f 1378//208 1342//208 1343//208
f 1379//209 1342//209 1378//209
f 1341//210 1342//210 1379//210
f 1373//211 1380//211 1354//211
f 1380//212 1381//212 1354//212
f 1354//213 1381//213 1353//213
f 1381//214 1382//214 1353//214
f 1368//215 1383//215 1357//215
f 1383//216 1384//216 1357//216
f 1357//217 1384//217 1356//217
f 1384//218 1385//218 1356//218
f 1385//219 1372//219 1356//219
f 1353//220 1386//220 1352//220
f 1382//221 1386//221 1353//221
f 1386//222 1387//222 1352//222
f 1388//223 1352//223 1387//223
f 1352//223 1388//223 1351//223
f 1388//224 1389//224 1351//224
f 1389//225 1350//225 1351//225
f 1389//226 1390//226 1350//226
f 1361//227 1369//227 1391//227
f 1361//228 1391//228 1392//228
f 1360//229 1361//229 1392//229
f 1360//230 1392//230 1393//230
f 1360//230 1393//230 1359//230
f 1393//231 1394//231 1359//231
f 1359//232 1394//232 1358//232
f 1394//233 1395//233 1358//233
f 1395//234 1368//234 1358//234
f 1396//235 1341//235 1379//235
f 1397//236 1341//236 1396//236
f 1340//237 1341//237 1397//237
f 1398//238 1340//238 1397//238
f 1399//239 1349//239 1350//239
f 1390//240 1399//240 1350//240
f 1339//241 1340//241 1400//241
f 1400//242 1340//242 1398//242
f 1401//243 1339//243 1400//243
f 1402//244 1339//244 1401//244
f 1338//245 1339//245 1402//245
f 1403//246 1338//246 1402//246
f 1337//247 1338//247 1403//247
f 1404//248 1337//248 1403//248
f 1370//249 1337//249 1404//249
f 1331//250 1371//250 1405//250
f 1331//251 1405//251 1406//251
f 1329//252 1331//252 1406//252
f 1329//253 1406//253 1407//253
f 1330//254 1329//254 1407//254
f 1333//255 1375//255 1408//255
f 1333//256 1408//256 1409//256
f 1332//257 1333//257 1409//257
f 1332//258 1409//258 1410//258
f 1332//259 1410//259 1371//259
f 1330//260 1407//260 1411//260
f 1330//261 1411//261 1412//261
f 1362//262 1330//262 1412//262
f 1362//263 1412//263 1413//263
f 1362//264 1413//264 1369//264
f 1367//265 1344//265 1345//265
f 1367//266 1414//266 1344//266
f 1414//206 1377//206 1344//206
f 1399//267 1415//267 1349//267
f 1415//268 1416//268 1349//268
f 1416//269 1348//269 1349//269
f 1416//270 1417//270 1348//270
f 1417//271 1374//271 1348//271
f 1418//272 1336//272 1370//272
f 1419//273 1336//273 1418//273
f 1335//274 1336//274 1419//274
f 1420//275 1335//275 1419//275
f 1334//276 1420//276 1376//276
f 1420//276 1334//276 1335//276
f 1412//277 1421//277 1413//277
f 1411//278 1421//278 1412//278
f 1411//279 1422//279 1421//279
f 1407//280 1422//280 1411//280
f 1406//281 1422//281 1407//281
f 1385//282 1423//282 1424//282
f 1380//283 1424//283 1425//283
f 1426//284 1364//284 1427//284
f 1428//285 1402//285 1401//285
f 1427//286 1417//286 1429//286
f 1430//287 1378//287 1431//287
f 1408//288 1432//288 1433//288
f 1395//289 1434//289 1435//289
f 1390//290 1389//290 1436//290
f 1437//291 1390//291 1436//291
f 1436//292 1389//292 1388//292
f 1438//293 1388//293 1387//293
f 1388//293 1438//293 1436//293
f 1439//294 1366//294 1426//294
f 1366//295 1365//295 1426//295
f 1426//296 1365//296 1364//296
f 1386//297 1438//297 1387//297
f 1386//298 1382//298 1438//298
f 1382//299 1425//299 1438//299
f 1381//300 1425//300 1382//300
f 1381//301 1380//301 1425//301
f 1369//302 1440//302 1391//302
f 1391//303 1440//303 1441//303
f 1442//304 1396//304 1430//304
f 1430//305 1396//305 1379//305
f 1430//306 1379//306 1378//306
f 1371//307 1443//307 1405//307
f 1410//308 1443//308 1371//308
f 1410//309 1433//309 1443//309
f 1409//310 1433//310 1410//310
f 1408//311 1433//311 1409//311
f 1444//312 1398//312 1442//312
f 1442//313 1398//313 1397//313
f 1442//314 1397//314 1396//314
f 1428//315 1401//315 1444//315
f 1444//316 1401//316 1400//316
f 1444//317 1400//317 1398//317
f 1406//318 1405//318 1422//318
f 1405//319 1443//319 1422//319
f 1445//320 1420//320 1419//320
f 1420//321 1432//321 1376//321
f 1432//321 1420//321 1445//321
f 1378//322 1377//322 1431//322
f 1431//168 1377//168 1414//168
f 1431//323 1414//323 1439//323
f 1414//324 1367//324 1439//324
f 1439//325 1367//325 1366//325
f 1373//326 1424//326 1380//326
f 1373//327 1372//327 1424//327
f 1372//328 1385//328 1424//328
f 1384//329 1423//329 1385//329
f 1384//330 1383//330 1423//330
f 1383//331 1435//331 1423//331
f 1368//332 1435//332 1383//332
f 1368//333 1395//333 1435//333
f 1394//334 1434//334 1395//334
f 1394//335 1393//335 1434//335
f 1393//336 1441//336 1434//336
f 1392//185 1441//185 1393//185
f 1392//337 1391//337 1441//337
f 1445//338 1418//338 1446//338
f 1445//339 1419//339 1418//339
f 1413//340 1421//340 1440//340
f 1413//341 1440//341 1369//341
f 1364//342 1363//342 1427//342
f 1427//343 1363//343 1374//343
f 1427//344 1374//344 1417//344
f 1446//345 1418//345 1370//345
f 1446//346 1370//346 1404//346
f 1446//347 1404//347 1428//347
f 1428//348 1404//348 1403//348
f 1428//349 1403//349 1402//349
f 1375//350 1432//350 1408//350
f 1376//351 1432//351 1375//351
f 1417//352 1416//352 1429//352
f 1429//353 1416//353 1415//353
f 1429//354 1415//354 1437//354
f 1415//355 1399//355 1437//355
f 1437//356 1399//356 1390//356
f 1432//2 1447//2 1448//2
f 1447//2 1432//2 1449//2
f 1433//2 1448//2 1450//2
f 1445//2 1449//2 1432//2
f 1443//2 1450//2 1451//2
f 1449//2 1445//2 1452//2
f 1422//2 1451//2 1453//2
f 1446//2 1452//2 1445//2
f 1452//2 1446//2 1454//2
f 1448//2 1433//2 1432//2
f 1422//2 1453//2 1455//2
f 1450//2 1443//2 1433//2
f 1451//2 1422//2 1443//2
f 1421//2 1455//2 1456//2
f 1455//2 1421//2 1422//2
f 1440//2 1456//2 1457//2
f 1456//2 1440//2 1421//2
f 1441//2 1457//2 1458//2
f 1457//2 1441//2 1440//2
f 1459//2 1441//2 1458//2
f 1441//2 1459//2 1434//2
f 1460//2 1434//2 1459//2
f 1434//2 1460//2 1435//2
f 1461//2 1435//2 1460//2
f 1435//2 1461//2 1423//2
f 1462//2 1423//2 1461//2
f 1463//2 1423//2 1462//2
f 1423//2 1463//2 1424//2
f 1424//2 1464//2 1425//2
f 1464//2 1424//2 1463//2
f 1428//2 1454//2 1446//2
f 1454//2 1428//2 1465//2
f 1444//2 1465//2 1428//2
f 1465//2 1444//2 1466//2
f 1466//2 1444//2 1467//2
f 1442//2 1467//2 1444//2
f 1467//2 1442//2 1468//2
f 1430//2 1468//2 1442//2
f 1468//2 1430//2 1469//2
f 1431//2 1469//2 1430//2
f 1431//2 1470//2 1469//2
f 1471//2 1431//2 1439//2
f 1431//2 1471//2 1470//2
f 1472//2 1439//2 1426//2
f 1439//2 1472//2 1471//2
f 1473//2 1426//2 1427//2
f 1474//2 1427//2 1429//2
f 1426//2 1473//2 1472//2
f 1475//2 1429//2 1437//2
f 1476//2 1437//2 1436//2
f 1477//2 1425//2 1464//2
f 1427//2 1478//2 1473//2
f 1425//2 1477//2 1438//2
f 1427//2 1474//2 1478//2
f 1479//2 1438//2 1477//2
f 1429//2 1475//2 1474//2
f 1438//2 1479//2 1436//2
f 1437//2 1476//2 1475//2
f 1480//2 1436//2 1479//2
f 1436//2 1480//2 1476//2
f 1481//357 1452//357 1482//357
f 1483//358 1452//358 1481//358
f 1483//359 1449//359 1452//359
f 1484//360 1449//360 1483//360
f 1485//361 1449//361 1484//361
f 1486//362 1467//362 1468//362
f 1462//363 1487//363 1463//363
f 1482//364 1452//364 1454//364
f 1460//365 1488//365 1461//365
f 1447//366 1489//366 1448//366
f 1490//367 1470//367 1471//367
f 1456//368 1491//368 1457//368
f 1492//369 1474//369 1475//369
f 1453//370 1493//370 1455//370
f 1494//371 1472//371 1473//371
f 1495//372 1466//372 1496//372
f 1496//373 1466//373 1467//373
f 1496//374 1467//374 1497//374
f 1497//375 1467//375 1486//375
f 1498//376 1465//376 1466//376
f 1498//377 1466//377 1495//377
f 1488//378 1499//378 1461//378
f 1461//379 1499//379 1500//379
f 1461//380 1500//380 1462//380
f 1500//381 1501//381 1462//381
f 1462//382 1501//382 1487//382
f 1502//383 1468//383 1469//383
f 1503//384 1468//384 1502//384
f 1486//385 1468//385 1503//385
f 1504//386 1505//386 1464//386
f 1463//387 1504//387 1464//387
f 1463//388 1506//388 1504//388
f 1487//389 1506//389 1463//389
f 1464//390 1507//390 1477//390
f 1464//391 1505//391 1507//391
f 1459//392 1508//392 1460//392
f 1508//393 1509//393 1460//393
f 1460//394 1509//394 1488//394
f 1510//395 1465//395 1498//395
f 1511//396 1465//396 1510//396
f 1511//397 1454//397 1465//397
f 1512//398 1454//398 1511//398
f 1482//399 1454//399 1512//399
f 1513//400 1476//400 1480//400
f 1514//401 1513//401 1480//401
f 1447//402 1485//402 1515//402
f 1485//402 1447//402 1449//402
f 1447//403 1515//403 1516//403
f 1447//404 1516//404 1489//404
f 1514//405 1480//405 1517//405
f 1517//406 1479//406 1518//406
f 1479//406 1517//406 1480//406
f 1519//407 1470//407 1490//407
f 1520//408 1470//408 1519//408
f 1520//409 1469//409 1470//409
f 1521//410 1469//410 1520//410
f 1502//411 1469//411 1521//411
f 1457//412 1491//412 1522//412
f 1457//413 1522//413 1523//413
f 1457//414 1523//414 1458//414
f 1524//415 1474//415 1492//415
f 1524//416 1525//416 1474//416
f 1525//417 1478//417 1474//417
f 1526//418 1476//418 1513//418
f 1526//419 1527//419 1476//419
f 1527//420 1475//420 1476//420
f 1528//421 1475//421 1527//421
f 1528//422 1492//422 1475//422
f 1450//423 1529//423 1530//423
f 1448//424 1529//424 1450//424
f 1448//425 1531//425 1529//425
f 1448//426 1489//426 1531//426
f 1532//427 1472//427 1494//427
f 1532//428 1533//428 1472//428
f 1533//429 1471//429 1472//429
f 1534//430 1471//430 1533//430
f 1534//431 1490//431 1471//431
f 1455//432 1493//432 1535//432
f 1455//433 1535//433 1536//433
f 1455//434 1536//434 1456//434
f 1456//435 1536//435 1537//435
f 1456//436 1537//436 1491//436
f 1450//437 1538//437 1451//437
f 1450//438 1530//438 1538//438
f 1451//439 1538//439 1539//439
f 1451//440 1539//440 1540//440
f 1451//441 1540//441 1453//441
f 1453//442 1540//442 1541//442
f 1453//443 1541//443 1493//443
f 1542//444 1478//444 1525//444
f 1542//445 1543//445 1478//445
f 1543//446 1473//446 1478//446
f 1544//447 1473//447 1543//447
f 1544//448 1494//448 1473//448
f 1507//449 1545//449 1477//449
f 1477//450 1545//450 1546//450
f 1477//451 1546//451 1479//451
f 1546//452 1547//452 1479//452
f 1479//453 1547//453 1518//453
f 1458//454 1523//454 1548//454
f 1458//455 1548//455 1549//455
f 1458//456 1549//456 1459//456
f 1549//457 1550//457 1459//457
f 1459//458 1550//458 1508//458
f 1551//459 1519//459 1552//459
f 1553//460 1519//460 1551//460
f 1553//461 1520//461 1519//461
f 1553//462 1554//462 1520//462
f 1554//463 1521//463 1520//463
f 1554//464 1555//464 1521//464
f 1555//465 1502//465 1521//465
f 1555//466 1556//466 1502//466
f 1556//467 1503//467 1502//467
f 1556//468 1557//468 1503//468
f 1557//469 1486//469 1503//469
f 1557//470 1558//470 1486//470
f 1558//471 1497//471 1486//471
f 1558//472 1559//472 1497//472
f 1559//473 1496//473 1497//473
f 1559//474 1560//474 1496//474
f 1560//475 1495//475 1496//475
f 1560//476 1561//476 1495//476
f 1561//477 1498//477 1495//477
f 1561//478 1562//478 1498//478
f 1562//479 1563//479 1498//479
f 1523//480 1564//480 1548//480
f 1488//481 1509//481 1565//481
f 1488//482 1565//482 1566//482
f 1499//483 1488//483 1566//483
f 1499//484 1566//484 1567//484
f 1500//485 1499//485 1567//485
f 1500//486 1567//486 1568//486
f 1501//487 1500//487 1568//487
f 1501//488 1568//488 1569//488
f 1487//489 1501//489 1569//489
f 1487//490 1569//490 1570//490
f 1506//491 1487//491 1570//491
f 1506//492 1570//492 1571//492
f 1504//493 1506//493 1571//493
f 1504//494 1571//494 1572//494
f 1504//495 1572//495 1573//495
f 1505//496 1504//496 1573//496
f 1505//497 1573//497 1574//497
f 1507//498 1505//498 1574//498
f 1507//499 1574//499 1575//499
f 1545//500 1507//500 1575//500
f 1545//501 1575//501 1576//501
f 1546//502 1545//502 1576//502
f 1546//503 1576//503 1577//503
f 1547//504 1546//504 1577//504
f 1518//505 1547//505 1578//505
f 1547//506 1577//506 1578//506
f 1525//507 1524//507 1579//507
f 1580//508 1525//508 1579//508
f 1542//509 1525//509 1580//509
f 1581//510 1542//510 1580//510
f 1543//511 1542//511 1581//511
f 1582//512 1543//512 1581//512
f 1544//513 1543//513 1582//513
f 1583//514 1544//514 1582//514
f 1494//515 1544//515 1583//515
f 1584//516 1494//516 1583//516
f 1532//517 1494//517 1584//517
f 1585//518 1532//518 1584//518
f 1533//519 1532//519 1585//519
f 1548//520 1564//520 1586//520
f 1548//521 1586//521 1549//521
f 1549//522 1586//522 1587//522
f 1550//523 1549//523 1587//523
f 1550//524 1587//524 1588//524
f 1550//525 1588//525 1508//525
f 1508//526 1588//526 1589//526
f 1509//527 1508//527 1589//527
f 1509//528 1589//528 1590//528
f 1509//529 1590//529 1565//529
f 1591//530 1484//530 1483//530
f 1591//531 1592//531 1484//531
f 1592//532 1485//532 1484//532
f 1563//533 1510//533 1498//533
f 1563//534 1593//534 1510//534
f 1593//535 1511//535 1510//535
f 1593//536 1594//536 1511//536
f 1594//537 1512//537 1511//537
f 1594//538 1595//538 1512//538
f 1595//539 1482//539 1512//539
f 1595//540 1596//540 1482//540
f 1596//541 1481//541 1482//541
f 1596//542 1597//542 1481//542
f 1597//543 1483//543 1481//543
f 1597//544 1598//544 1483//544
f 1598//545 1591//545 1483//545
f 1599//546 1515//546 1485//546
f 1592//547 1599//547 1485//547
f 1515//548 1600//548 1516//548
f 1599//549 1600//549 1515//549
f 1518//550 1578//550 1601//550
f 1518//551 1601//551 1602//551
f 1517//552 1518//552 1602//552
f 1603//553 1517//553 1602//553
f 1514//554 1517//554 1603//554
f 1604//555 1514//555 1603//555
f 1513//556 1514//556 1604//556
f 1605//557 1513//557 1604//557
f 1526//558 1513//558 1605//558
f 1606//559 1526//559 1605//559
f 1527//560 1526//560 1606//560
f 1607//561 1527//561 1606//561
f 1528//562 1527//562 1607//562
f 1608//563 1528//563 1607//563
f 1492//564 1528//564 1608//564
f 1609//565 1492//565 1608//565
f 1524//566 1492//566 1609//566
f 1610//567 1524//567 1609//567
f 1579//568 1524//568 1610//568
f 1611//569 1533//569 1585//569
f 1612//570 1533//570 1611//570
f 1534//571 1533//571 1612//571
f 1613//572 1534//572 1612//572
f 1490//573 1534//573 1613//573
f 1552//574 1490//574 1613//574
f 1519//575 1490//575 1552//575
f 1600//576 1614//576 1516//576
f 1614//577 1615//577 1516//577
f 1516//578 1615//578 1489//578
f 1615//579 1616//579 1489//579
f 1489//580 1616//580 1531//580
f 1616//581 1617//581 1531//581
f 1531//582 1617//582 1529//582
f 1617//583 1618//583 1529//583
f 1529//584 1618//584 1530//584
f 1618//585 1619//585 1530//585
f 1530//586 1619//586 1538//586
f 1619//587 1620//587 1538//587
f 1538//588 1620//588 1539//588
f 1620//589 1621//589 1539//589
f 1539//590 1621//590 1540//590
f 1621//591 1622//591 1540//591
f 1540//592 1622//592 1541//592
f 1622//593 1623//593 1541//593
f 1541//594 1623//594 1493//594
f 1623//595 1624//595 1493//595
f 1624//596 1625//596 1493//596
f 1493//597 1625//597 1535//597
f 1625//598 1626//598 1535//598
f 1535//599 1626//599 1536//599
f 1626//600 1627//600 1536//600
f 1536//601 1627//601 1537//601
f 1627//602 1628//602 1537//602
f 1537//603 1628//603 1491//603
f 1628//604 1629//604 1491//604
f 1491//605 1629//605 1522//605
f 1629//606 1630//606 1522//606
f 1522//607 1630//607 1523//607
f 1630//608 1631//608 1523//608
f 1523//609 1631//609 1564//609
f 1632//610 1551//610 1633//610
f 1634//611 1551//611 1632//611
f 1634//611 1553//611 1551//611
f 1635//611 1553//611 1634//611
f 1635//612 1554//612 1553//612
f 1635//612 1636//612 1554//612
f 1636//612 1555//612 1554//612
f 1636//613 1637//613 1555//613
f 1637//614 1556//614 1555//614
f 1637//615 1638//615 1556//615
f 1638//615 1557//615 1556//615
f 1638//616 1639//616 1557//616
f 1639//617 1558//617 1557//617
f 1639//618 1640//618 1558//618
f 1640//617 1559//617 1558//617
f 1640//617 1641//617 1559//617
f 1641//619 1560//619 1559//619
f 1641//620 1642//620 1560//620
f 1642//621 1561//621 1560//621
f 1642//620 1643//620 1561//620
f 1643//622 1562//622 1561//622
f 1643//623 1644//623 1562//623
f 1644//624 1563//624 1562//624
f 1644//625 1645//625 1563//625
f 1645//626 1646//626 1563//626
f 1633//610 1551//610 1552//610
f 1565//627 1590//627 1647//627
f 1565//628 1647//628 1648//628
f 1566//629 1565//629 1648//629
f 1566//630 1648//630 1649//630
f 1567//630 1566//630 1649//630
f 1567//631 1649//631 1650//631
f 1568//632 1567//632 1650//632
f 1568//633 1650//633 1651//633
f 1569//634 1568//634 1651//634
f 1569//635 1651//635 1652//635
f 1570//636 1569//636 1652//636
f 1570//637 1652//637 1653//637
f 1571//636 1570//636 1653//636
f 1571//638 1653//638 1654//638
f 1572//639 1571//639 1654//639
f 1572//640 1654//640 1655//640
f 1573//641 1572//641 1655//641
f 1573//642 1655//642 1656//642
f 1574//643 1573//643 1656//643
f 1574//643 1656//643 1657//643
f 1575//644 1574//644 1657//644
f 1575//645 1657//645 1658//645
f 1576//646 1575//646 1658//646
f 1576//647 1658//647 1659//647
f 1577//648 1576//648 1659//648
f 1577//649 1659//649 1660//649
f 1577//650 1660//650 1661//650
f 1578//651 1577//651 1661//651
f 1578//652 1661//652 1662//652
f 1601//653 1578//653 1662//653
f 1601//654 1662//654 1663//654
f 1602//655 1601//655 1663//655
f 1602//654 1663//654 1664//654
f 1603//656 1602//656 1664//656
f 1665//657 1603//657 1664//657
f 1604//658 1603//658 1665//658
f 1666//659 1604//659 1665//659
f 1605//660 1604//660 1666//660
f 1667//661 1605//661 1666//661
f 1606//662 1605//662 1667//662
f 1668//663 1606//663 1667//663
f 1607//664 1606//664 1668//664
f 1627//665 1669//665 1628//665
f 1669//666 1670//666 1628//666
f 1628//667 1670//667 1629//667
f 1670//667 1671//667 1629//667
f 1629//667 1671//667 1630//667
f 1671//667 1672//667 1630//667
f 1630//668 1672//668 1631//668
f 1672//669 1673//669 1631//669
f 1631//669 1673//669 1564//669
f 1673//668 1674//668 1564//668
f 1674//670 1586//670 1564//670
f 1586//670 1674//670 1675//670
f 1586//671 1675//671 1587//671
f 1587//672 1675//672 1676//672
f 1587//672 1676//672 1588//672
f 1588//671 1676//671 1677//671
f 1588//673 1677//673 1589//673
f 1589//673 1677//673 1678//673
f 1590//674 1589//674 1678//674
f 1590//673 1678//673 1679//673
f 1590//628 1679//628 1647//628
f 1608//675 1607//675 1680//675
f 1680//676 1607//676 1668//676
f 1646//677 1593//677 1563//677
f 1646//678 1681//678 1593//678
f 1681//679 1594//679 1593//679
f 1681//680 1682//680 1594//680
f 1682//681 1595//681 1594//681
f 1682//680 1683//680 1595//680
f 1683//682 1596//682 1595//682
f 1683//683 1684//683 1596//683
f 1684//684 1597//684 1596//684
f 1684//683 1685//683 1597//683
f 1685//685 1598//685 1597//685
f 1685//686 1686//686 1598//686
f 1686//687 1591//687 1598//687
f 1686//686 1687//686 1591//686
f 1687//688 1592//688 1591//688
f 1687//689 1688//689 1592//689
f 1688//690 1599//690 1592//690
f 1688//691 1689//691 1599//691
f 1599//692 1689//692 1600//692
f 1689//693 1690//693 1600//693
f 1600//694 1690//694 1614//694
f 1691//695 1608//695 1680//695
f 1692//696 1608//696 1691//696
f 1609//697 1608//697 1692//697
f 1693//696 1609//696 1692//696
f 1610//698 1609//698 1693//698
f 1694//699 1610//699 1693//699
f 1579//700 1610//700 1694//700
f 1695//701 1579//701 1694//701
f 1580//702 1579//702 1695//702
f 1696//703 1580//703 1695//703
f 1581//704 1580//704 1696//704
f 1697//705 1581//705 1696//705
f 1582//706 1581//706 1697//706
f 1698//707 1582//707 1697//707
f 1583//708 1582//708 1698//708
f 1699//709 1583//709 1698//709
f 1584//710 1583//710 1699//710
f 1700//710 1584//710 1699//710
f 1585//710 1584//710 1700//710
f 1701//711 1585//711 1700//711
f 1611//712 1585//712 1701//712
f 1702//713 1611//713 1701//713
f 1612//714 1611//714 1702//714
f 1703//712 1612//712 1702//712
f 1613//715 1612//715 1703//715
f 1704//716 1613//716 1703//716
f 1552//717 1613//717 1704//717
f 1705//717 1552//717 1704//717
f 1633//610 1552//610 1705//610
f 1690//693 1706//693 1614//693
f 1706//718 1707//718 1614//718
f 1614//719 1707//719 1615//719
f 1707//720 1708//720 1615//720
f 1615//721 1708//721 1616//721
f 1708//722 1709//722 1616//722
f 1616//723 1709//723 1617//723
f 1709//724 1710//724 1617//724
f 1617//725 1710//725 1618//725
f 1710//726 1711//726 1618//726
f 1618//727 1711//727 1619//727
f 1711//728 1712//728 1619//728
f 1619//729 1712//729 1620//729
f 1712//730 1713//730 1620//730
f 1620//731 1713//731 1621//731
f 1713//732 1714//732 1621//732
f 1621//733 1714//733 1622//733
f 1714//734 1715//734 1622//734
f 1622//735 1715//735 1623//735
f 1715//735 1716//735 1623//735
f 1623//736 1716//736 1624//736
f 1716//737 1717//737 1624//737
f 1624//738 1717//738 1625//738
f 1717//739 1718//739 1625//739
f 1625//740 1718//740 1626//740
f 1718//740 1719//740 1626//740
f 1626//741 1719//741 1627//741
f 1719//742 1720//742 1627//742
f 1720//666 1669//666 1627//666
f 598//743 1692//743 596//743
f 597//744 1692//744 598//744
f 1692//745 597//745 1693//745
f 1692//746 614//746 615//746
f 614//747 1692//747 1691//747
f 596//748 1692//748 615//748
f 614//749 1691//749 600//749
f 601//750 1680//750 599//750
f 600//751 1680//751 601//751
f 1680//752 600//752 1691//752
f 1680//753 613//753 602//753
f 613//754 1680//754 1668//754
f 599//750 1680//750 602//750
f 1674//755 448//755 449//755
f 1677//756 454//756 455//756
f 1654//757 499//757 498//757
f 517//758 1689//758 518//758
f 1708//759 405//759 406//759
f 574//760 1705//760 575//760
f 590//761 1697//761 620//761
f 488//762 608//762 1664//762
f 613//763 1668//763 612//763
f 537//764 1681//764 538//764
f 1716//765 425//765 426//765
f 527//766 1685//766 528//766
f 1659//767 483//767 495//767
f 494//768 1659//768 495//768
f 1659//769 494//769 1660//769
f 1660//770 494//770 493//770
f 501//771 1649//771 1648//771
f 1649//772 501//772 464//772
f 1649//773 464//773 466//773
f 465//774 1649//774 466//774
f 1649//775 465//775 1650//775
f 1650//776 465//776 467//776
f 1669//777 436//777 437//777
f 438//778 1669//778 437//778
f 1669//779 438//779 1670//779
f 1670//780 438//780 439//780
f 550//781 549//781 1642//781
f 548//782 1642//782 549//782
f 1642//783 548//783 1643//783
f 547//784 1643//784 548//784
f 576//785 1704//785 577//785
f 575//786 1704//786 576//786
f 1704//787 575//787 1705//787
f 579//788 1704//788 1703//788
f 1704//789 579//789 578//789
f 577//788 1704//788 578//788
f 579//790 1703//790 581//790
f 582//791 1702//791 583//791
f 581//792 1702//792 582//792
f 1702//793 581//793 1703//793
f 1653//794 473//794 500//794
f 499//795 1653//795 500//795
f 1653//796 499//796 1654//796
f 1653//794 474//794 473//794
f 1653//797 472//797 474//797
f 472//798 1653//798 1652//798
f 1652//799 470//799 472//799
f 1651//800 468//800 471//800
f 470//801 1651//801 471//801
f 1651//802 470//802 1652//802
f 467//803 1651//803 1650//803
f 1651//804 467//804 469//804
f 1651//805 469//805 468//805
f 1648//806 502//806 501//806
f 584//807 1701//807 624//807
f 584//791 1702//791 1701//791
f 1702//808 584//808 585//808
f 583//809 1702//809 585//809
f 1658//810 496//810 482//810
f 1659//811 484//811 483//811
f 1659//812 482//812 484//812
f 482//813 1659//813 1658//813
f 1647//814 462//814 503//814
f 502//815 1647//815 503//815
f 1647//816 502//816 1648//816
f 461//816 1647//816 1679//816
f 1647//817 461//817 463//817
f 1647//818 463//818 462//818
f 1679//819 460//819 461//819
f 1678//820 458//820 459//820
f 460//821 1678//821 459//821
f 1678//822 460//822 1679//822
f 455//822 1678//822 1677//822
f 1678//823 455//823 457//823
f 1678//820 457//820 458//820
f 1657//824 480//824 479//824
f 496//825 1657//825 479//825
f 1657//826 496//826 1658//826
f 1657//827 481//827 480//827
f 1657//828 497//828 481//828
f 497//827 1657//827 1656//827
f 1656//829 477//829 497//829
f 1655//830 475//830 478//830
f 477//831 1655//831 478//831
f 1655//832 477//832 1656//832
f 1655//833 476//833 475//833
f 1655//834 498//834 476//834
f 498//835 1655//835 1654//835
f 1707//836 405//836 1708//836
f 405//837 1707//837 404//837
f 1707//838 403//838 404//838
f 1707//839 402//839 403//839
f 402//840 1707//840 1706//840
f 1706//841 401//841 402//841
f 1690//842 401//842 1706//842
f 401//843 1690//843 709//843
f 400//844 709//844 1690//844
f 398//845 400//845 1690//845
f 1690//846 517//846 398//846
f 517//847 1690//847 1689//847
f 1715//848 425//848 1716//848
f 425//849 1715//849 424//849
f 1715//850 423//850 424//850
f 422//851 423//851 1715//851
f 1715//852 421//852 422//852
f 421//853 1715//853 1714//853
f 1714//854 420//854 421//854
f 1713//855 420//855 1714//855
f 420//856 1713//856 419//856
f 1713//857 418//857 419//857
f 1663//858 489//858 487//858
f 488//859 1663//859 487//859
f 1663//858 488//858 1664//858
f 1663//860 490//860 489//860
f 490//861 1663//861 1662//861
f 1662//862 491//862 490//862
f 1661//863 486//863 485//863
f 491//864 1661//864 485//864
f 1661//865 491//865 1662//865
f 1661//866 492//866 486//866
f 1661//867 493//867 492//867
f 493//868 1661//868 1660//868
f 1712//869 415//869 416//869
f 417//870 418//870 1713//870
f 1713//871 416//871 417//871
f 416//872 1713//872 1712//872
f 623//873 1700//873 587//873
f 624//874 1700//874 623//874
f 1700//875 624//875 1701//875
f 586//876 1700//876 1699//876
f 1700//877 586//877 588//877
f 587//878 1700//878 588//878
f 586//879 1699//879 622//879
f 590//880 1698//880 1697//880
f 1698//881 590//881 589//881
f 621//882 1698//882 589//882
f 622//883 1698//883 621//883
f 1698//884 622//884 1699//884
f 1711//885 415//885 1712//885
f 415//886 1711//886 414//886
f 1711//885 413//885 414//885
f 412//887 413//887 1711//887
f 1711//888 411//888 412//888
f 411//889 1711//889 1710//889
f 1710//890 410//890 411//890
f 1709//891 410//891 1710//891
f 410//892 1709//892 409//892
f 1709//893 408//893 409//893
f 407//894 408//894 1709//894
f 1709//895 406//895 407//895
f 406//896 1709//896 1708//896
f 451//897 1676//897 1675//897
f 1676//898 451//898 452//898
f 1676//899 452//899 453//899
f 454//900 1676//900 453//900
f 1676//901 454//901 1677//901
f 1675//902 450//902 451//902
f 449//903 1675//903 1674//903
f 1675//903 449//903 450//903
f 1720//904 434//904 435//904
f 435//779 1669//779 1720//779
f 1669//905 435//905 436//905
f 1673//906 446//906 447//906
f 448//907 1673//907 447//907
f 1673//906 448//906 1674//906
f 444//908 1673//908 1672//908
f 1673//909 444//909 445//909
f 445//910 446//910 1673//910
f 1672//911 443//911 444//911
f 1671//912 441//912 442//912
f 443//913 1671//913 442//913
f 1671//914 443//914 1672//914
f 439//915 1671//915 1670//915
f 1671//916 439//916 440//916
f 440//917 441//917 1671//917
f 1646//918 538//918 1681//918
f 538//919 1646//919 539//919
f 540//920 539//920 1646//920
f 540//920 1646//920 541//920
f 1646//921 542//921 541//921
f 542//922 1646//922 1645//922
f 542//923 1645//923 543//923
f 545//924 544//924 1644//924
f 543//925 1644//925 544//925
f 1644//926 543//926 1645//926
f 547//927 1644//927 1643//927
f 1644//928 547//928 546//928
f 545//924 1644//924 546//924
f 552//929 1641//929 553//929
f 552//930 1642//930 1641//930
f 1642//931 552//931 551//931
f 550//781 1642//781 551//781
f 555//932 554//932 1640//932
f 553//933 1640//933 554//933
f 1640//934 553//934 1641//934
f 557//935 1640//935 1639//935
f 1640//936 557//936 556//936
f 555//937 1640//937 556//937
f 557//938 1639//938 558//938
f 560//939 559//939 1638//939
f 558//940 1638//940 559//940
f 1638//941 558//941 1639//941
f 611//942 1667//942 603//942
f 612//943 1667//943 611//943
f 1667//944 612//944 1668//944
f 1667//945 605//945 604//945
f 605//946 1667//946 1666//946
f 603//942 1667//942 604//942
f 605//947 1666//947 606//947
f 607//948 1665//948 609//948
f 606//949 1665//949 607//949
f 1665//950 606//950 1666//950
f 1665//951 608//951 610//951
f 608//952 1665//952 1664//952
f 609//953 1665//953 610//953
f 591//954 1696//954 592//954
f 620//955 1696//955 591//955
f 1696//956 620//956 1697//956
f 618//957 1696//957 1695//957
f 1696//958 618//958 619//958
f 592//959 1696//959 619//959
f 618//960 1695//960 617//960
f 616//961 1694//961 593//961
f 617//962 1694//962 616//962
f 1694//963 617//963 1695//963
f 562//964 1637//964 563//964
f 562//941 1638//941 1637//941
f 1638//965 562//965 561//965
f 560//941 1638//941 561//941
f 1684//966 528//966 1685//966
f 528//967 1684//967 529//967
f 530//968 529//968 1684//968
f 530//969 1684//969 531//969
f 1684//970 532//970 531//970
f 532//971 1684//971 1683//971
f 532//972 1683//972 533//972
f 1682//973 533//973 1683//973
f 533//974 1682//974 535//974
f 534//975 535//975 1682//975
f 534//976 1682//976 536//976
f 1682//977 537//977 536//977
f 537//978 1682//978 1681//978
f 595//979 1693//979 597//979
f 1694//980 595//980 594//980
f 595//981 1694//981 1693//981
f 593//961 1694//961 594//961
f 431//982 1719//982 1718//982
f 1719//983 431//983 432//983
f 1719//984 432//984 433//984
f 434//985 1719//985 433//985
f 1719//984 434//984 1720//984
f 1718//986 429//986 431//986
f 1717//987 427//987 430//987
f 429//988 1717//988 430//988
f 1717//989 429//989 1718//989
f 426//990 1717//990 1716//990
f 1717//991 426//991 428//991
f 428//992 427//992 1717//992
f 565//993 564//993 1636//993
f 563//994 1636//994 564//994
f 1636//993 563//993 1637//993
f 567//995 1636//995 1635//995
f 1636//996 567//996 566//996
f 565//997 1636//997 566//997
f 567//998 1635//998 568//998
f 569//999 568//999 1634//999
f 1634//999 568//999 1635//999
f 569//1000 1634//1000 571//1000
f 571//1001 1632//1001 570//1001
f 1632//1002 571//1002 1634//1002
f 570//1003 1632//1003 572//1003
f 572//1004 1633//1004 573//1004
f 1633//1005 572//1005 1632//1005
f 574//1006 1633//1006 1705//1006
f 573//1005 1633//1005 574//1005
f 1688//1007 518//1007 1689//1007
f 518//1008 1688//1008 519//1008
f 520//1009 519//1009 1688//1009
f 520//1010 1688//1010 521//1010
f 1688//1011 522//1011 521//1011
f 522//1012 1688//1012 1687//1012
f 522//1013 1687//1013 523//1013
f 1686//1014 523//1014 1687//1014
f 523//1015 1686//1015 525//1015
f 524//1016 525//1016 1686//1016
f 524//1016 1686//1016 526//1016
f 1686//1017 527//1017 526//1017
f 527//1016 1686//1016 1685//1016
f 39//49 1721//49 805//49
f 39//49 1722//49 1721//49
f 39//49 1723//49 1722//49
f 39//49 1724//49 1723//49
f 39//49 1725//49 1724//49
f 39//49 1726//49 1725//49
f 39//49 1727//49 1726//49
f 39//49 1728//49 1727//49
f 40//49 1728//49 39//49
f 1729//49 40//49 1730//49
f 1731//49 40//49 1729//49
f 1732//49 40//49 1731//49
f 1733//49 40//49 1732//49
f 1734//49 40//49 1733//49
f 1728//49 40//49 1734//49
f 1735//49 805//49 1721//49
f 1736//49 805//49 1735//49
f 1737//49 805//49 1736//49
f 1738//49 805//49 1737//49
f 1739//49 805//49 1738//49
f 1740//49 805//49 1739//49
f 1741//2 805//2 1740//2
f 1742//2 805//2 1741//2
f 762//49 1742//49 1743//49
f 762//49 1743//49 1744//49
f 762//49 1730//49 40//49
f 1730//49 762//49 1745//49
f 1742//49 762//49 805//49
f 1746//49 762//49 1744//49
f 1747//49 762//49 1746//49
f 1745//49 762//49 1747//49
f 714//48 1748//48 38//48
f 714//48 1749//48 1748//48
f 714//48 1750//48 1749//48
f 714//48 1751//48 1750//48
f 714//48 1752//48 1751//48
f 714//48 1753//48 1752//48
f 714//48 1754//48 1753//48
f 714//48 1755//48 1754//48
f 713//48 1755//48 714//48
f 1755//48 713//48 1756//48
f 1756//48 713//48 1757//48
f 1757//48 713//48 1758//48
f 1759//1018 713//1018 1760//1018
f 1761//48 713//48 1759//48
f 1762//48 713//48 1761//48
f 1758//48 713//48 1762//48
f 1763//48 38//48 1748//48
f 1764//48 38//48 1763//48
f 1765//48 38//48 1764//48
f 1766//48 38//48 1765//48
f 1767//48 38//48 1766//48
f 1768//48 38//48 1767//48
f 1769//48 38//48 1768//48
f 41//48 1769//48 1770//48
f 41//48 1770//48 1771//48
f 41//48 1771//48 1772//48
f 1769//48 41//48 38//48
f 1773//48 41//48 1772//48
f 1774//48 41//48 1773//48
f 1760//48 41//48 1774//48
f 41//48 1760//48 713//48
f 38//47 288//47 714//47
f 288//47 38//47 33//47
f 33//49 1775//49 288//49
f 33//49 1776//49 1775//49
f 33//49 1777//49 1776//49
f 33//49 1778//49 1777//49
f 33//49 1779//49 1778//49
f 33//49 1780//49 1779//49
f 34//49 1780//49 33//49
f 1780//49 34//49 1781//49
f 1782//49 288//49 1775//49
f 1783//49 288//49 1782//49
f 1784//49 288//49 1783//49
f 1785//49 288//49 1784//49
f 1786//49 288//49 1785//49
f 290//49 1786//49 1787//49
f 1786//49 290//49 288//49
f 35//46 713//46 294//46
f 713//46 35//46 41//46
f 1788//2 1789//2 1790//2
f 1791//52 1789//52 1788//52
f 1791//2 1792//2 1789//2
f 1793//53 1792//53 1791//53
f 1793//2 1794//2 1792//2
f 1795//2 1794//2 1793//2
f 1795//2 1796//2 1794//2
f 1797//2 1796//2 1795//2
f 1797//2 1798//2 1796//2
f 1799//2 1798//2 1797//2
f 1799//2 1800//2 1798//2
f 1801//2 1800//2 1799//2
f 1801//2 1802//2 1800//2
f 1803//2 1802//2 1801//2
f 1803//2 1804//2 1802//2
f 1805//2 1804//2 1803//2
f 1805//2 1806//2 1804//2
f 1807//28 1806//28 1805//28
f 1807//2 1808//2 1806//2
f 1809//2 1808//2 1807//2
f 1809//53 1810//53 1808//53
f 1810//2 1809//2 1811//2
f 1812//54 1813//54 1789//54
f 1812//55 1789//55 1792//55
f 1814//56 1812//56 1792//56
f 1814//57 1792//57 1794//57
f 1815//58 1814//58 1794//58
f 1815//59 1794//59 1796//59
f 1816//60 1815//60 1796//60
f 1816//61 1796//61 1798//61
f 1816//62 1798//62 1817//62
f 1798//63 1800//63 1817//63
f 1817//64 1800//64 1818//64
f 1800//65 1802//65 1818//65
f 1818//1019 1802//1019 1819//1019
f 1802//1020 1804//1020 1819//1020
f 1819//1021 1804//1021 1820//1021
f 1804//69 1806//69 1820//69
f 1820//70 1806//70 1821//70
f 1806//70 1808//70 1821//70
f 1821//71 1808//71 1822//71
f 1808//72 1810//72 1822//72
f 1822//73 1810//73 1823//73
f 1810//74 1811//74 1823//74
f 1811//75 1824//75 1823//75
f 1811//76 1809//76 1824//76
f 1809//77 1825//77 1824//77
f 1809//78 1807//78 1825//78
f 1807//79 1826//79 1825//79
f 1807//79 1805//79 1826//79
f 1805//1022 1827//1022 1826//1022
f 1805//1023 1803//1023 1827//1023
f 1803//1024 1828//1024 1827//1024
f 1803//83 1801//83 1828//83
f 1801//84 1829//84 1828//84
f 1799//85 1829//85 1801//85
f 1830//86 1829//86 1799//86
f 1797//87 1830//87 1799//87
f 1831//88 1830//88 1797//88
f 1795//89 1831//89 1797//89
f 1832//90 1831//90 1795//90
f 1793//91 1832//91 1795//91
f 1833//92 1832//92 1793//92
f 1791//93 1833//93 1793//93
f 1834//94 1833//94 1791//94
f 1788//95 1834//95 1791//95
f 1835//96 1834//96 1788//96
f 1790//97 1835//97 1788//97
f 1813//98 1835//98 1790//98
f 1813//99 1790//99 1789//99
f 1834//2 1836//2 1837//2
f 1836//2 1835//2 1838//2
f 1834//2 1837//2 1839//2
f 1813//2 1838//2 1835//2
f 1833//2 1839//2 1840//2
f 1838//2 1813//2 1841//2
f 1832//2 1840//2 1842//2
f 1841//2 1813//2 1843//2
f 1812//2 1843//2 1813//2
f 1836//2 1834//2 1835//2
f 1831//2 1842//2 1844//2
f 1839//2 1833//2 1834//2
f 1840//2 1832//2 1833//2
f 1831//2 1844//2 1845//2
f 1842//2 1831//2 1832//2
f 1830//2 1845//2 1846//2
f 1845//2 1830//2 1831//2
f 1829//2 1846//2 1847//2
f 1846//2 1829//2 1830//2
f 1848//2 1829//2 1847//2
f 1829//2 1848//2 1828//2
f 1849//2 1828//2 1848//2
f 1828//2 1849//2 1827//2
f 1850//2 1827//2 1849//2
f 1851//2 1827//2 1850//2
f 1827//2 1851//2 1826//2
f 1852//2 1826//2 1851//2
f 1826//2 1852//2 1825//2
f 1853//2 1825//2 1852//2
f 1843//2 1812//2 1854//2
f 1814//2 1854//2 1812//2
f 1854//2 1814//2 1855//2
f 1815//2 1855//2 1814//2
f 1855//2 1815//2 1856//2
f 1856//2 1815//2 1857//2
f 1816//2 1857//2 1815//2
f 1857//2 1816//2 1858//2
f 1817//2 1858//2 1816//2
f 1817//2 1859//2 1858//2
f 1860//2 1817//2 1818//2
f 1817//2 1860//2 1859//2
f 1861//2 1818//2 1819//2
f 1818//2 1861//2 1860//2
f 1862//2 1819//2 1820//2
f 1863//2 1820//2 1821//2
f 1819//2 1864//2 1861//2
f 1865//2 1821//2 1822//2
f 1866//2 1822//2 1823//2
f 1825//2 1853//2 1824//2
f 1819//2 1862//2 1864//2
f 1867//2 1824//2 1853//2
f 1820//2 1863//2 1862//2
f 1868//2 1824//2 1867//2
f 1821//2 1865//2 1863//2
f 1824//2 1868//2 1823//2
f 1822//2 1869//2 1865//2
f 1866//2 1823//2 1868//2
f 1822//2 1866//2 1869//2
f 1836//1025 1870//1025 1837//1025
f 1870//101 1871//101 1837//101
f 1837//102 1871//102 1839//102
f 1871//103 1872//103 1839//103
f 1839//103 1872//103 1840//103
f 1872//104 1873//104 1840//104
f 1840//105 1873//105 1842//105
f 1873//106 1874//106 1842//106
f 1842//1026 1874//1026 1844//1026
f 1874//108 1875//108 1844//108
f 1844//1027 1875//1027 1845//1027
f 1845//110 1875//110 1876//110
f 1845//110 1876//110 1846//110
f 1846//111 1876//111 1877//111
f 1846//111 1877//111 1847//111
f 1847//112 1877//112 1878//112
f 1848//112 1847//112 1878//112
f 1848//113 1878//113 1879//113
f 1849//113 1848//113 1879//113
f 1849//114 1879//114 1880//114
f 1850//115 1849//115 1880//115
f 1850//116 1880//116 1881//116
f 1851//1028 1850//1028 1881//1028
f 1851//117 1881//117 1882//117
f 1852//1029 1851//1029 1882//1029
f 1852//119 1882//119 1883//119
f 1853//119 1852//119 1883//119
f 1853//120 1883//120 1884//120
f 1867//121 1853//121 1884//121
f 1867//1030 1884//1030 1885//1030
f 1868//123 1867//123 1885//123
f 1885//124 1866//124 1868//124
f 1866//124 1885//124 1886//124
f 1887//125 1866//125 1886//125
f 1869//126 1866//126 1887//126
f 1888//127 1869//127 1887//127
f 1865//1031 1869//1031 1888//1031
f 1889//129 1865//129 1888//129
f 1863//129 1865//129 1889//129
f 1890//1032 1863//1032 1889//1032
f 1862//131 1863//131 1890//131
f 1891//132 1862//132 1890//132
f 1864//132 1862//132 1891//132
f 1892//133 1864//133 1891//133
f 1861//134 1864//134 1892//134
f 1893//135 1861//135 1892//135
f 1893//135 1860//135 1861//135
f 1894//136 1860//136 1893//136
f 1894//136 1859//136 1860//136
f 1895//137 1859//137 1894//137
f 1895//137 1858//137 1859//137
f 1895//138 1896//138 1858//138
f 1896//138 1857//138 1858//138
f 1896//139 1897//139 1857//139
f 1897//1033 1856//1033 1857//1033
f 1897//1034 1898//1034 1856//1034
f 1898//141 1855//141 1856//141
f 1898//143 1899//143 1855//143
f 1899//144 1854//144 1855//144
f 1899//145 1900//145 1854//145
f 1900//145 1843//145 1854//145
f 1900//146 1901//146 1843//146
f 1901//147 1841//147 1843//147
f 1901//1035 1902//1035 1841//1035
f 1902//1036 1838//1036 1841//1036
f 1838//150 1903//150 1836//150
f 1903//150 1838//150 1902//150
f 1903//1037 1870//1037 1836//1037
f 1904//152 1874//152 1873//152
f 1874//153 1904//153 1905//153
f 1872//154 1904//154 1873//154
f 1904//154 1872//154 1906//154
f 1871//155 1906//155 1872//155
f 1906//155 1871//155 1907//155
f 1870//156 1907//156 1871//156
f 1907//157 1870//157 1908//157
f 1903//158 1908//158 1870//158
f 1908//158 1903//158 1909//158
f 1902//48 1909//48 1903//48
f 1909//48 1902//48 1910//48
f 1901//159 1910//159 1902//159
f 1910//159 1901//159 1911//159
f 1900//160 1911//160 1901//160
f 1911//160 1900//160 1912//160
f 1899//161 1912//161 1900//161
f 1912//161 1899//161 1913//161
f 1898//162 1913//162 1899//162
f 1913//162 1898//162 1914//162
f 1915//163 1898//163 1897//163
f 1898//163 1915//163 1914//163
f 1916//164 1897//164 1896//164
f 1897//165 1916//165 1915//165
f 1917//166 1896//166 1895//166
f 1896//166 1917//166 1916//166
f 1918//167 1895//167 1894//167
f 1895//167 1918//167 1917//167
f 1919//168 1894//168 1893//168
f 1894//168 1919//168 1918//168
f 1920//169 1893//169 1892//169
f 1893//169 1920//169 1919//169
f 1921//170 1892//170 1891//170
f 1892//170 1921//170 1920//170
f 1922//171 1891//171 1890//171
f 1891//171 1922//171 1921//171
f 1922//172 1889//172 1923//172
f 1889//172 1922//172 1890//172
f 1923//173 1888//173 1924//173
f 1888//173 1923//173 1889//173
f 1924//174 1887//174 1925//174
f 1887//175 1924//175 1888//175
f 1925//176 1886//176 1926//176
f 1886//176 1925//176 1887//176
f 1926//49 1885//49 1927//49
f 1885//49 1926//49 1886//49
f 1927//177 1884//177 1928//177
f 1884//177 1927//177 1885//177
f 1928//178 1883//178 1929//178
f 1883//178 1928//178 1884//178
f 1929//179 1882//179 1930//179
f 1882//179 1929//179 1883//179
f 1930//180 1881//180 1931//180
f 1881//180 1930//180 1882//180
f 1932//181 1881//181 1880//181
f 1881//182 1932//182 1931//182
f 1933//183 1880//183 1879//183
f 1880//183 1933//183 1932//183
f 1934//184 1879//184 1878//184
f 1879//184 1934//184 1933//184
f 1935//185 1878//185 1877//185
f 1878//185 1935//185 1934//185
f 1936//186 1877//186 1876//186
f 1877//186 1936//186 1935//186
f 1937//187 1876//187 1875//187
f 1876//187 1937//187 1936//187
f 1905//188 1875//188 1874//188
f 1875//188 1905//188 1937//188
f 1938//189 1939//189 1921//189
f 1939//1038 1940//1038 1921//1038
f 1940//191 1920//191 1921//191
f 1940//1039 1941//1039 1920//1039
f 1941//265 1942//265 1920//265
f 1933//194 1943//194 1932//194
f 1936//1040 1937//1040 1944//1040
f 1911//1041 1912//1041 1945//1041
f 1906//197 1907//197 1946//197
f 1931//198 1947//198 1930//198
f 1947//1042 1948//1042 1930//1042
f 1930//200 1948//200 1929//200
f 1949//201 1922//201 1923//201
f 1949//202 1938//202 1922//202
f 1938//203 1921//203 1922//203
f 1908//204 1909//204 1950//204
f 1909//1043 1951//1043 1950//1043
f 1952//206 1918//206 1919//206
f 1952//207 1953//207 1918//207
f 1953//208 1917//208 1918//208
f 1954//1044 1917//1044 1953//1044
f 1916//1045 1917//1045 1954//1045
f 1948//211 1955//211 1929//211
f 1955//212 1956//212 1929//212
f 1929//213 1956//213 1928//213
f 1956//214 1957//214 1928//214
f 1943//1046 1958//1046 1932//1046
f 1958//216 1959//216 1932//216
f 1932//217 1959//217 1931//217
f 1959//218 1960//218 1931//218
f 1960//219 1947//219 1931//219
f 1928//220 1961//220 1927//220
f 1957//221 1961//221 1928//221
f 1961//222 1962//222 1927//222
f 1963//223 1927//223 1962//223
f 1927//223 1963//223 1926//223
f 1963//224 1964//224 1926//224
f 1964//225 1925//225 1926//225
f 1964//226 1965//226 1925//226
f 1936//1047 1944//1047 1966//1047
f 1936//228 1966//228 1967//228
f 1935//229 1936//229 1967//229
f 1935//230 1967//230 1968//230
f 1935//230 1968//230 1934//230
f 1968//1048 1969//1048 1934//1048
f 1934//232 1969//232 1933//232
f 1969//232 1970//232 1933//232
f 1970//234 1943//234 1933//234
f 1971//235 1916//235 1954//235
f 1972//236 1916//236 1971//236
f 1915//237 1916//237 1972//237
f 1973//1049 1915//1049 1972//1049
f 1974//239 1924//239 1925//239
f 1965//240 1974//240 1925//240
f 1914//241 1915//241 1975//241
f 1975//242 1915//242 1973//242
f 1976//243 1914//243 1975//243
f 1977//244 1914//244 1976//244
f 1913//245 1914//245 1977//245
f 1978//246 1913//246 1977//246
f 1912//247 1913//247 1978//247
f 1979//248 1912//248 1978//248
f 1945//249 1912//249 1979//249
f 1906//250 1946//250 1980//250
f 1906//251 1980//251 1981//251
f 1904//252 1906//252 1981//252
f 1904//253 1981//253 1982//253
f 1905//254 1904//254 1982//254
f 1908//1050 1950//1050 1983//1050
f 1908//256 1983//256 1984//256
f 1907//1051 1908//1051 1984//1051
f 1907//258 1984//258 1985//258
f 1907//259 1985//259 1946//259
f 1905//260 1982//260 1986//260
f 1905//1052 1986//1052 1987//1052
f 1937//262 1905//262 1987//262
f 1937//263 1987//263 1988//263
f 1937//264 1988//264 1944//264
f 1942//265 1919//265 1920//265
f 1942//1053 1989//1053 1919//1053
f 1989//206 1952//206 1919//206
f 1974//267 1990//267 1924//267
f 1990//268 1991//268 1924//268
f 1991//269 1923//269 1924//269
f 1991//1054 1992//1054 1923//1054
f 1992//271 1949//271 1923//271
f 1993//272 1911//272 1945//272
f 1994//1055 1911//1055 1993//1055
f 1910//274 1911//274 1994//274
f 1995//1056 1910//1056 1994//1056
f 1909//276 1995//276 1951//276
f 1995//276 1909//276 1910//276
f 1987//277 1996//277 1988//277
f 1986//1057 1996//1057 1987//1057
f 1986//279 1997//279 1996//279
f 1982//280 1997//280 1986//280
f 1981//281 1997//281 1982//281
f 1960//282 1998//282 1999//282
f 1955//1058 1999//1058 2000//1058
f 2001//284 1939//284 2002//284
f 2003//285 1977//285 1976//285
f 2002//286 1992//286 2004//286
f 2005//287 1953//287 2006//287
f 1983//288 2007//288 2008//288
f 1970//289 2009//289 2010//289
f 1965//290 1964//290 2011//290
f 2012//291 1965//291 2011//291
f 2011//292 1964//292 1963//292
f 2013//293 1963//293 1962//293
f 1963//293 2013//293 2011//293
f 2014//294 1941//294 2001//294
f 1941//1059 1940//1059 2001//1059
f 2001//296 1940//296 1939//296
f 1961//297 2013//297 1962//297
f 1961//298 1957//298 2013//298
f 1957//299 2000//299 2013//299
f 1956//1060 2000//1060 1957//1060
f 1956//1061 1955//1061 2000//1061
f 1944//302 2015//302 1966//302
f 1966//303 2015//303 2016//303
f 2017//304 1971//304 2005//304
f 2005//305 1971//305 1954//305
f 2005//306 1954//306 1953//306
f 1946//307 2018//307 1980//307
f 1985//308 2018//308 1946//308
f 1985//309 2008//309 2018//309
f 1984//310 2008//310 1985//310
f 1983//311 2008//311 1984//311
f 2019//312 1973//312 2017//312
f 2017//1062 1973//1062 1972//1062
f 2017//314 1972//314 1971//314
f 2003//315 1976//315 2019//315
f 2019//316 1976//316 1975//316
f 2019//317 1975//317 1973//317
f 1981//318 1980//318 1997//318
f 1980//319 2018//319 1997//319
f 2020//1063 1995//1063 1994//1063
f 1995//321 2007//321 1951//321
f 2007//321 1995//321 2020//321
f 1953//322 1952//322 2006//322
f 2006//168 1952//168 1989//168
f 2006//323 1989//323 2014//323
f 1989//1064 1942//1064 2014//1064
f 2014//1065 1942//1065 1941//1065
f 1948//326 1999//326 1955//326
f 1948//1066 1947//1066 1999//1066
f 1947//328 1960//328 1999//328
f 1959//329 1998//329 1960//329
f 1959//330 1958//330 1998//330
f 1958//331 2010//331 1998//331
f 1943//332 2010//332 1958//332
f 1943//1067 1970//1067 2010//1067
f 1969//1068 2009//1068 1970//1068
f 1969//1069 1968//1069 2009//1069
f 1968//336 2016//336 2009//336
f 1967//185 2016//185 1968//185
f 1967//337 1966//337 2016//337
f 2020//338 1993//338 2021//338
f 2020//1070 1994//1070 1993//1070
f 1988//340 1996//340 2015//340
f 1988//341 2015//341 1944//341
f 1939//342 1938//342 2002//342
f 2002//343 1938//343 1949//343
f 2002//344 1949//344 1992//344
f 2021//345 1993//345 1945//345
f 2021//346 1945//346 1979//346
f 2021//347 1979//347 2003//347
f 2003//348 1979//348 1978//348
f 2003//349 1978//349 1977//349
f 1950//1071 2007//1071 1983//1071
f 1951//1072 2007//1072 1950//1072
f 1992//1073 1991//1073 2004//1073
f 2004//353 1991//353 1990//353
f 2004//1074 1990//1074 2012//1074
f 1990//1075 1974//1075 2012//1075
f 2012//1076 1974//1076 1965//1076
f 2007//2 2022//2 2023//2
f 2022//2 2007//2 2024//2
f 2008//2 2023//2 2025//2
f 2020//2 2024//2 2007//2
f 2018//2 2025//2 2026//2
f 2024//2 2020//2 2027//2
f 1997//2 2026//2 2028//2
f 2021//2 2027//2 2020//2
f 2027//2 2021//2 2029//2
f 2023//2 2008//2 2007//2
f 1997//2 2028//2 2030//2
f 2025//2 2018//2 2008//2
f 2026//2 1997//2 2018//2
f 1996//2 2030//2 2031//2
f 2030//2 1996//2 1997//2
f 2015//2 2031//2 2032//2
f 2031//2 2015//2 1996//2
f 2016//2 2032//2 2033//2
f 2032//2 2016//2 2015//2
f 2034//2 2016//2 2033//2
f 2016//2 2034//2 2009//2
f 2035//2 2009//2 2034//2
f 2009//2 2035//2 2010//2
f 2036//2 2010//2 2035//2
f 2010//2 2036//2 1998//2
f 2037//2 1998//2 2036//2
f 2038//2 1998//2 2037//2
f 1998//2 2038//2 1999//2
f 1999//2 2039//2 2000//2
f 2039//2 1999//2 2038//2
f 2003//2 2029//2 2021//2
f 2029//2 2003//2 2040//2
f 2019//2 2040//2 2003//2
f 2040//2 2019//2 2041//2
f 2041//2 2019//2 2042//2
f 2017//2 2042//2 2019//2
f 2042//2 2017//2 2043//2
f 2005//2 2043//2 2017//2
f 2043//2 2005//2 2044//2
f 2006//2 2044//2 2005//2
f 2006//2 2045//2 2044//2
f 2046//2 2006//2 2014//2
f 2006//2 2046//2 2045//2
f 2047//2 2014//2 2001//2
f 2014//2 2047//2 2046//2
f 2048//2 2001//2 2002//2
f 2049//2 2002//2 2004//2
f 2001//2 2048//2 2047//2
f 2050//2 2004//2 2012//2
f 2051//2 2012//2 2011//2
f 2052//2 2000//2 2039//2
f 2002//2 2053//2 2048//2
f 2000//2 2052//2 2013//2
f 2002//2 2049//2 2053//2
f 2054//2 2013//2 2052//2
f 2004//2 2050//2 2049//2
f 2013//2 2054//2 2011//2
f 2012//2 2051//2 2050//2
f 2055//2 2011//2 2054//2
f 2011//2 2055//2 2051//2
f 2056//357 2027//357 2057//357
f 2058//358 2027//358 2056//358
f 2058//359 2024//359 2027//359
f 2059//360 2024//360 2058//360
f 2060//361 2024//361 2059//361
f 2061//362 2042//362 2043//362
f 2037//363 2062//363 2038//363
f 2057//364 2027//364 2029//364
f 2035//365 2063//365 2036//365
f 2022//366 2064//366 2023//366
f 2065//367 2045//367 2046//367
f 2031//368 2066//368 2032//368
f 2067//369 2049//369 2050//369
f 2028//370 2068//370 2030//370
f 2069//371 2047//371 2048//371
f 2070//372 2041//372 2071//372
f 2071//373 2041//373 2042//373
f 2071//374 2042//374 2072//374
f 2072//375 2042//375 2061//375
f 2073//376 2040//376 2041//376
f 2073//377 2041//377 2070//377
f 2063//378 2074//378 2036//378
f 2036//379 2074//379 2075//379
f 2036//380 2075//380 2037//380
f 2075//381 2076//381 2037//381
f 2037//382 2076//382 2062//382
f 2077//383 2043//383 2044//383
f 2078//384 2043//384 2077//384
f 2061//385 2043//385 2078//385
f 2079//386 2080//386 2039//386
f 2038//387 2079//387 2039//387
f 2038//388 2081//388 2079//388
f 2062//389 2081//389 2038//389
f 2039//390 2082//390 2052//390
f 2039//391 2080//391 2082//391
f 2034//392 2083//392 2035//392
f 2083//393 2084//393 2035//393
f 2035//394 2084//394 2063//394
f 2085//1077 2040//1077 2073//1077
f 2086//396 2040//396 2085//396
f 2086//397 2029//397 2040//397
f 2087//398 2029//398 2086//398
f 2057//399 2029//399 2087//399
f 2088//400 2051//400 2055//400
f 2089//401 2088//401 2055//401
f 2022//402 2060//402 2090//402
f 2060//402 2022//402 2024//402
f 2022//403 2090//403 2091//403
f 2022//404 2091//404 2064//404
f 2089//405 2055//405 2092//405
f 2092//406 2054//406 2093//406
f 2054//406 2092//406 2055//406
f 2094//407 2045//407 2065//407
f 2095//408 2045//408 2094//408
f 2095//409 2044//409 2045//409
f 2096//410 2044//410 2095//410
f 2077//411 2044//411 2096//411
f 2032//412 2066//412 2097//412
f 2032//413 2097//413 2098//413
f 2032//414 2098//414 2033//414
f 2099//415 2049//415 2067//415
f 2099//416 2100//416 2049//416
f 2100//417 2053//417 2049//417
f 2101//1078 2051//1078 2088//1078
f 2101//419 2102//419 2051//419
f 2102//420 2050//420 2051//420
f 2103//421 2050//421 2102//421
f 2103//422 2067//422 2050//422
f 2025//423 2104//423 2105//423
f 2023//424 2104//424 2025//424
f 2023//425 2106//425 2104//425
f 2023//426 2064//426 2106//426
f 2107//427 2047//427 2069//427
f 2107//428 2108//428 2047//428
f 2108//429 2046//429 2047//429
f 2109//1079 2046//1079 2108//1079
f 2109//1080 2065//1080 2046//1080
f 2030//432 2068//432 2110//432
f 2030//433 2110//433 2111//433
f 2030//434 2111//434 2031//434
f 2031//435 2111//435 2112//435
f 2031//436 2112//436 2066//436
f 2025//437 2113//437 2026//437
f 2025//438 2105//438 2113//438
f 2026//439 2113//439 2114//439
f 2026//1081 2114//1081 2115//1081
f 2026//441 2115//441 2028//441
f 2028//442 2115//442 2116//442
f 2028//443 2116//443 2068//443
f 2117//444 2053//444 2100//444
f 2117//445 2118//445 2053//445
f 2118//446 2048//446 2053//446
f 2119//447 2048//447 2118//447
f 2119//448 2069//448 2048//448
f 2082//449 2120//449 2052//449
f 2052//1082 2120//1082 2121//1082
f 2052//451 2121//451 2054//451
f 2121//452 2122//452 2054//452
f 2054//453 2122//453 2093//453
f 2033//454 2098//454 2123//454
f 2033//455 2123//455 2124//455
f 2033//456 2124//456 2034//456
f 2124//1083 2125//1083 2034//1083
f 2034//1084 2125//1084 2083//1084
f 2126//459 2094//459 2127//459
f 2128//460 2094//460 2126//460
f 2128//461 2095//461 2094//461
f 2128//462 2129//462 2095//462
f 2129//463 2096//463 2095//463
f 2129//464 2130//464 2096//464
f 2130//465 2077//465 2096//465
f 2130//1085 2131//1085 2077//1085
f 2131//1086 2078//1086 2077//1086
f 2131//468 2132//468 2078//468
f 2132//469 2061//469 2078//469
f 2132//470 2133//470 2061//470
f 2133//471 2072//471 2061//471
f 2133//1087 2134//1087 2072//1087
f 2134//1088 2071//1088 2072//1088
f 2134//474 2135//474 2071//474
f 2135//475 2070//475 2071//475
f 2135//476 2136//476 2070//476
f 2136//477 2073//477 2070//477
f 2136//1089 2137//1089 2073//1089
f 2137//479 2138//479 2073//479
f 2098//480 2139//480 2123//480
f 2063//481 2084//481 2140//481
f 2063//1090 2140//1090 2141//1090
f 2074//483 2063//483 2141//483
f 2074//484 2141//484 2142//484
f 2075//485 2074//485 2142//485
f 2075//486 2142//486 2143//486
f 2076//487 2075//487 2143//487
f 2076//488 2143//488 2144//488
f 2062//489 2076//489 2144//489
f 2062//490 2144//490 2145//490
f 2081//491 2062//491 2145//491
f 2081//492 2145//492 2146//492
f 2079//493 2081//493 2146//493
f 2079//494 2146//494 2147//494
f 2079//495 2147//495 2148//495
f 2080//496 2079//496 2148//496
f 2080//497 2148//497 2149//497
f 2082//498 2080//498 2149//498
f 2082//1091 2149//1091 2150//1091
f 2120//500 2082//500 2150//500
f 2120//501 2150//501 2151//501
f 2121//502 2120//502 2151//502
f 2121//1092 2151//1092 2152//1092
f 2122//504 2121//504 2152//504
f 2093//505 2122//505 2153//505
f 2122//506 2152//506 2153//506
f 2100//1093 2099//1093 2154//1093
f 2155//1094 2100//1094 2154//1094
f 2117//1095 2100//1095 2155//1095
f 2156//510 2117//510 2155//510
f 2118//511 2117//511 2156//511
f 2157//1096 2118//1096 2156//1096
f 2119//1097 2118//1097 2157//1097
f 2158//1098 2119//1098 2157//1098
f 2069//515 2119//515 2158//515
f 2159//516 2069//516 2158//516
f 2107//517 2069//517 2159//517
f 2160//1099 2107//1099 2159//1099
f 2108//519 2107//519 2160//519
f 2123//520 2139//520 2161//520
f 2123//521 2161//521 2124//521
f 2124//522 2161//522 2162//522
f 2125//1100 2124//1100 2162//1100
f 2125//524 2162//524 2163//524
f 2125//1101 2163//1101 2083//1101
f 2083//526 2163//526 2164//526
f 2084//527 2083//527 2164//527
f 2084//528 2164//528 2165//528
f 2084//529 2165//529 2140//529
f 2166//530 2059//530 2058//530
f 2166//531 2167//531 2059//531
f 2167//532 2060//532 2059//532
f 2138//533 2085//533 2073//533
f 2138//534 2168//534 2085//534
f 2168//535 2086//535 2085//535
f 2168//536 2169//536 2086//536
f 2169//537 2087//537 2086//537
f 2169//1102 2170//1102 2087//1102
f 2170//539 2057//539 2087//539
f 2170//540 2171//540 2057//540
f 2171//1103 2056//1103 2057//1103
f 2171//1104 2172//1104 2056//1104
f 2172//1105 2058//1105 2056//1105
f 2172//1106 2173//1106 2058//1106
f 2173//545 2166//545 2058//545
f 2174//546 2090//546 2060//546
f 2167//547 2174//547 2060//547
f 2090//1107 2175//1107 2091//1107
f 2174//549 2175//549 2090//549
f 2093//550 2153//550 2176//550
f 2093//551 2176//551 2177//551
f 2092//552 2093//552 2177//552
f 2178//553 2092//553 2177//553
f 2089//554 2092//554 2178//554
f 2179//555 2089//555 2178//555
f 2088//556 2089//556 2179//556
f 2180//557 2088//557 2179//557
f 2101//558 2088//558 2180//558
f 2181//1108 2101//1108 2180//1108
f 2102//560 2101//560 2181//560
f 2182//561 2102//561 2181//561
f 2103//1109 2102//1109 2182//1109
f 2183//563 2103//563 2182//563
f 2067//564 2103//564 2183//564
f 2184//1110 2067//1110 2183//1110
f 2099//566 2067//566 2184//566
f 2185//567 2099//567 2184//567
f 2154//1111 2099//1111 2185//1111
f 2186//1112 2108//1112 2160//1112
f 2187//1113 2108//1113 2186//1113
f 2109//1114 2108//1114 2187//1114
f 2188//1115 2109//1115 2187//1115
f 2065//1116 2109//1116 2188//1116
f 2127//574 2065//574 2188//574
f 2094//575 2065//575 2127//575
f 2175//1117 2189//1117 2091//1117
f 2189//577 2190//577 2091//577
f 2091//578 2190//578 2064//578
f 2190//1118 2191//1118 2064//1118
f 2064//580 2191//580 2106//580
f 2191//581 2192//581 2106//581
f 2106//582 2192//582 2104//582
f 2192//583 2193//583 2104//583
f 2104//584 2193//584 2105//584
f 2193//585 2194//585 2105//585
f 2105//586 2194//586 2113//586
f 2194//587 2195//587 2113//587
f 2113//588 2195//588 2114//588
f 2195//589 2196//589 2114//589
f 2114//590 2196//590 2115//590
f 2196//591 2197//591 2115//591
f 2115//592 2197//592 2116//592
f 2197//593 2198//593 2116//593
f 2116//594 2198//594 2068//594
f 2198//595 2199//595 2068//595
f 2199//1119 2200//1119 2068//1119
f 2068//1120 2200//1120 2110//1120
f 2200//598 2201//598 2110//598
f 2110//599 2201//599 2111//599
f 2201//1121 2202//1121 2111//1121
f 2111//601 2202//601 2112//601
f 2202//602 2203//602 2112//602
f 2112//603 2203//603 2066//603
f 2203//1122 2204//1122 2066//1122
f 2066//1123 2204//1123 2097//1123
f 2204//606 2205//606 2097//606
f 2097//1124 2205//1124 2098//1124
f 2205//1125 2206//1125 2098//1125
f 2098//609 2206//609 2139//609
f 2207//610 2126//610 2208//610
f 2209//611 2126//611 2207//611
f 2209//611 2128//611 2126//611
f 2210//611 2128//611 2209//611
f 2210//612 2129//612 2128//612
f 2210//612 2211//612 2129//612
f 2211//612 2130//612 2129//612
f 2211//613 2212//613 2130//613
f 2212//614 2131//614 2130//614
f 2212//615 2213//615 2131//615
f 2213//615 2132//615 2131//615
f 2213//616 2214//616 2132//616
f 2214//617 2133//617 2132//617
f 2214//618 2215//618 2133//618
f 2215//617 2134//617 2133//617
f 2215//617 2216//617 2134//617
f 2216//619 2135//619 2134//619
f 2216//620 2217//620 2135//620
f 2217//621 2136//621 2135//621
f 2217//620 2218//620 2136//620
f 2218//622 2137//622 2136//622
f 2218//623 2219//623 2137//623
f 2219//624 2138//624 2137//624
f 2219//625 2220//625 2138//625
f 2220//626 2221//626 2138//626
f 2208//610 2126//610 2127//610
f 2140//627 2165//627 2222//627
f 2140//628 2222//628 2223//628
f 2141//629 2140//629 2223//629
f 2141//630 2223//630 2224//630
f 2142//630 2141//630 2224//630
f 2142//631 2224//631 2225//631
f 2143//632 2142//632 2225//632
f 2143//633 2225//633 2226//633
f 2144//634 2143//634 2226//634
f 2144//635 2226//635 2227//635
f 2145//636 2144//636 2227//636
f 2145//637 2227//637 2228//637
f 2146//636 2145//636 2228//636
f 2146//638 2228//638 2229//638
f 2147//639 2146//639 2229//639
f 2147//640 2229//640 2230//640
f 2148//641 2147//641 2230//641
f 2148//642 2230//642 2231//642
f 2149//643 2148//643 2231//643
f 2149//643 2231//643 2232//643
f 2150//644 2149//644 2232//644
f 2150//645 2232//645 2233//645
f 2151//646 2150//646 2233//646
f 2151//647 2233//647 2234//647
f 2152//648 2151//648 2234//648
f 2152//649 2234//649 2235//649
f 2152//650 2235//650 2236//650
f 2153//651 2152//651 2236//651
f 2153//652 2236//652 2237//652
f 2176//653 2153//653 2237//653
f 2176//654 2237//654 2238//654
f 2177//655 2176//655 2238//655
f 2177//654 2238//654 2239//654
f 2178//656 2177//656 2239//656
f 2240//657 2178//657 2239//657
f 2179//658 2178//658 2240//658
f 2241//659 2179//659 2240//659
f 2180//660 2179//660 2241//660
f 2242//661 2180//661 2241//661
f 2181//662 2180//662 2242//662
f 2243//663 2181//663 2242//663
f 2182//664 2181//664 2243//664
f 2202//665 2244//665 2203//665
f 2244//666 2245//666 2203//666
f 2203//667 2245//667 2204//667
f 2245//667 2246//667 2204//667
f 2204//667 2246//667 2205//667
f 2246//667 2247//667 2205//667
f 2205//668 2247//668 2206//668
f 2247//669 2248//669 2206//669
f 2206//669 2248//669 2139//669
f 2248//668 2249//668 2139//668
f 2249//670 2161//670 2139//670
f 2161//670 2249//670 2250//670
f 2161//671 2250//671 2162//671
f 2162//672 2250//672 2251//672
f 2162//672 2251//672 2163//672
f 2163//671 2251//671 2252//671
f 2163//673 2252//673 2164//673
f 2164//673 2252//673 2253//673
f 2165//674 2164//674 2253//674
f 2165//673 2253//673 2254//673
f 2165//628 2254//628 2222//628
f 2183//675 2182//675 2255//675
f 2255//676 2182//676 2243//676
f 2221//677 2168//677 2138//677
f 2221//678 2256//678 2168//678
f 2256//679 2169//679 2168//679
f 2256//680 2257//680 2169//680
f 2257//681 2170//681 2169//681
f 2257//680 2258//680 2170//680
f 2258//682 2171//682 2170//682
f 2258//683 2259//683 2171//683
f 2259//1126 2172//1126 2171//1126
f 2259//683 2260//683 2172//683
f 2260//1127 2173//1127 2172//1127
f 2260//686 2261//686 2173//686
f 2261//687 2166//687 2173//687
f 2261//686 2262//686 2166//686
f 2262//688 2167//688 2166//688
f 2262//689 2263//689 2167//689
f 2263//690 2174//690 2167//690
f 2263//691 2264//691 2174//691
f 2174//692 2264//692 2175//692
f 2264//693 2265//693 2175//693
f 2175//694 2265//694 2189//694
f 2266//695 2183//695 2255//695
f 2267//696 2183//696 2266//696
f 2184//697 2183//697 2267//697
f 2268//696 2184//696 2267//696
f 2185//698 2184//698 2268//698
f 2269//699 2185//699 2268//699
f 2154//700 2185//700 2269//700
f 2270//701 2154//701 2269//701
f 2155//702 2154//702 2270//702
f 2271//703 2155//703 2270//703
f 2156//704 2155//704 2271//704
f 2272//705 2156//705 2271//705
f 2157//1128 2156//1128 2272//1128
f 2273//709 2157//709 2272//709
f 2158//1129 2157//1129 2273//1129
f 2274//709 2158//709 2273//709
f 2159//710 2158//710 2274//710
f 2275//710 2159//710 2274//710
f 2160//710 2159//710 2275//710
f 2276//711 2160//711 2275//711
f 2186//712 2160//712 2276//712
f 2277//713 2186//713 2276//713
f 2187//714 2186//714 2277//714
f 2278//712 2187//712 2277//712
f 2188//715 2187//715 2278//715
f 2279//716 2188//716 2278//716
f 2127//717 2188//717 2279//717
f 2280//717 2127//717 2279//717
f 2208//610 2127//610 2280//610
f 2265//693 2281//693 2189//693
f 2281//718 2282//718 2189//718
f 2189//719 2282//719 2190//719
f 2282//720 2283//720 2190//720
f 2190//721 2283//721 2191//721
f 2283//722 2284//722 2191//722
f 2191//723 2284//723 2192//723
f 2284//724 2285//724 2192//724
f 2192//725 2285//725 2193//725
f 2285//726 2286//726 2193//726
f 2193//727 2286//727 2194//727
f 2286//728 2287//728 2194//728
f 2194//729 2287//729 2195//729
f 2287//730 2288//730 2195//730
f 2195//731 2288//731 2196//731
f 2288//732 2289//732 2196//732
f 2196//733 2289//733 2197//733
f 2289//734 2290//734 2197//734
f 2197//735 2290//735 2198//735
f 2290//735 2291//735 2198//735
f 2198//736 2291//736 2199//736
f 2291//737 2292//737 2199//737
f 2199//738 2292//738 2200//738
f 2292//739 2293//739 2200//739
f 2200//740 2293//740 2201//740
f 2293//740 2294//740 2201//740
f 2201//741 2294//741 2202//741
f 2294//742 2295//742 2202//742
f 2295//666 2244//666 2202//666
f 792//743 2267//743 790//743
f 791//744 2267//744 792//744
f 2267//745 791//745 2268//745
f 2267//746 793//746 794//746
f 793//747 2267//747 2266//747
f 790//748 2267//748 794//748
f 793//749 2266//749 796//749
f 797//750 2255//750 795//750
f 796//751 2255//751 797//751
f 2255//752 796//752 2266//752
f 2255//753 811//753 798//753
f 811//754 2255//754 2243//754
f 795//750 2255//750 798//750
f 2249//755 872//755 873//755
f 2252//756 923//756 876//756
f 2229//757 895//757 897//757
f 715//758 2264//758 716//758
f 2283//759 829//759 830//759
f 813//760 2280//760 814//760
f 784//761 2272//761 820//761
f 804//762 806//762 2239//762
f 811//763 2243//763 810//763
f 735//764 2256//764 736//764
f 2291//765 849//765 850//765
f 724//766 2260//766 726//766
f 2234//767 906//767 909//767
f 908//768 2234//768 909//768
f 2234//769 908//769 2235//769
f 2235//770 908//770 917//770
f 884//771 2224//771 2223//771
f 2224//772 884//772 886//772
f 2224//773 886//773 885//773
f 920//774 2224//774 885//774
f 2224//775 920//775 2225//775
f 2225//776 920//776 887//776
f 2244//777 860//777 861//777
f 862//778 2244//778 861//778
f 2244//779 862//779 2245//779
f 2245//780 862//780 863//780
f 748//781 747//781 2217//781
f 746//782 2217//782 747//782
f 2217//783 746//783 2218//783
f 745//784 2218//784 746//784
f 815//785 2279//785 772//785
f 814//786 2279//786 815//786
f 2279//787 814//787 2280//787
f 774//788 2279//788 2278//788
f 2279//789 774//789 773//789
f 772//788 2279//788 773//788
f 774//790 2278//790 816//790
f 817//791 2277//791 776//791
f 816//792 2277//792 817//792
f 2277//793 816//793 2278//793
f 2228//794 893//794 896//794
f 895//795 2228//795 896//795
f 2228//796 895//796 2229//796
f 2228//794 894//794 893//794
f 2228//797 892//797 894//797
f 892//798 2228//798 2227//798
f 2227//799 890//799 892//799
f 2226//800 888//800 891//800
f 890//801 2226//801 891//801
f 2226//802 890//802 2227//802
f 887//803 2226//803 2225//803
f 2226//804 887//804 889//804
f 2226//805 889//805 888//805
f 2223//806 921//806 884//806
f 775//807 2276//807 779//807
f 775//791 2277//791 2276//791
f 2277//808 775//808 777//808
f 776//809 2277//809 777//809
f 2233//810 903//810 905//810
f 2234//811 907//811 906//811
f 2234//812 905//812 907//812
f 905//813 2234//813 2233//813
f 2222//814 882//814 922//814
f 921//815 2222//815 922//815
f 2222//816 921//816 2223//816
f 881//816 2222//816 2254//816
f 2222//817 881//817 883//817
f 2222//818 883//818 882//818
f 2254//819 880//819 881//819
f 2253//820 877//820 879//820
f 880//821 2253//821 879//821
f 2253//822 880//822 2254//822
f 876//822 2253//822 2252//822
f 2253//823 876//823 878//823
f 2253//820 878//820 877//820
f 2232//824 901//824 904//824
f 903//825 2232//825 904//825
f 2232//826 903//826 2233//826
f 2232//827 902//827 901//827
f 2232//828 900//828 902//828
f 900//827 2232//827 2231//827
f 2231//829 918//829 900//829
f 2230//830 898//830 919//830
f 918//831 2230//831 919//831
f 2230//832 918//832 2231//832
f 2230//833 899//833 898//833
f 2230//834 897//834 899//834
f 897//835 2230//835 2229//835
f 2282//836 829//836 2283//836
f 829//837 2282//837 828//837
f 2282//838 827//838 828//838
f 2282//839 826//839 827//839
f 826//840 2282//840 2281//840
f 2281//841 711//841 826//841
f 2265//842 711//842 2281//842
f 711//843 2265//843 712//843
f 710//844 712//844 2265//844
f 825//845 710//845 2265//845
f 2265//846 715//846 825//846
f 715//847 2265//847 2264//847
f 2290//848 849//848 2291//848
f 849//849 2290//849 848//849
f 2290//850 847//850 848//850
f 846//851 847//851 2290//851
f 2290//852 845//852 846//852
f 845//853 2290//853 2289//853
f 2289//854 844//854 845//854
f 2288//855 844//855 2289//855
f 844//856 2288//856 843//856
f 2288//857 842//857 843//857
f 2238//858 915//858 914//858
f 804//859 2238//859 914//859
f 2238//858 804//858 2239//858
f 2238//860 916//860 915//860
f 916//861 2238//861 2237//861
f 2237//862 913//862 916//862
f 2236//1130 912//1130 911//1130
f 913//864 2236//864 911//864
f 2236//865 913//865 2237//865
f 2236//1131 910//1131 912//1131
f 2236//867 917//867 910//867
f 917//868 2236//868 2235//868
f 2287//869 839//869 840//869
f 841//870 842//870 2288//870
f 2288//871 840//871 841//871
f 840//872 2288//872 2287//872
f 780//873 2275//873 778//873
f 779//874 2275//874 780//874
f 2275//875 779//875 2276//875
f 781//876 2275//876 2274//876
f 2275//877 781//877 782//877
f 778//878 2275//878 782//878
f 781//879 2274//879 818//879
f 784//880 2273//880 2272//880
f 2273//881 784//881 783//881
f 819//882 2273//882 783//882
f 818//883 2273//883 819//883
f 2273//884 818//884 2274//884
f 2286//885 839//885 2287//885
f 839//886 2286//886 838//886
f 2286//885 837//885 838//885
f 836//887 837//887 2286//887
f 2286//888 835//888 836//888
f 835//889 2286//889 2285//889
f 2285//890 834//890 835//890
f 2284//891 834//891 2285//891
f 834//892 2284//892 833//892
f 2284//893 831//893 833//893
f 832//894 831//894 2284//894
f 2284//895 830//895 832//895
f 830//896 2284//896 2283//896
f 875//897 2251//897 2250//897
f 2251//898 875//898 874//898
f 2251//899 874//899 924//899
f 923//900 2251//900 924//900
f 2251//901 923//901 2252//901
f 2250//902 925//902 875//902
f 873//903 2250//903 2249//903
f 2250//903 873//903 925//903
f 2295//904 858//904 859//904
f 859//779 2244//779 2295//779
f 2244//905 859//905 860//905
f 2248//906 870//906 871//906
f 872//907 2248//907 871//907
f 2248//906 872//906 2249//906
f 868//908 2248//908 2247//908
f 2248//909 868//909 869//909
f 869//910 870//910 2248//910
f 2247//911 864//911 868//911
f 2246//912 866//912 867//912
f 864//913 2246//913 867//913
f 2246//914 864//914 2247//914
f 863//915 2246//915 2245//915
f 2246//916 863//916 865//916
f 865//917 866//917 2246//917
f 2221//918 736//918 2256//918
f 736//919 2221//919 737//919
f 738//920 737//920 2221//920
f 738//920 2221//920 740//920
f 2221//921 739//921 740//921
f 739//922 2221//922 2220//922
f 739//923 2220//923 741//923
f 743//924 742//924 2219//924
f 741//925 2219//925 742//925
f 2219//926 741//926 2220//926
f 745//927 2219//927 2218//927
f 2219//928 745//928 744//928
f 743//924 2219//924 744//924
f 750//929 2216//929 751//929
f 750//930 2217//930 2216//930
f 2217//931 750//931 749//931
f 748//781 2217//781 749//781
f 753//932 752//932 2215//932
f 751//933 2215//933 752//933
f 2215//934 751//934 2216//934
f 755//935 2215//935 2214//935
f 2215//936 755//936 754//936
f 753//937 2215//937 754//937
f 755//938 2214//938 756//938
f 758//939 757//939 2213//939
f 756//940 2213//940 757//940
f 2213//941 756//941 2214//941
f 809//942 2242//942 799//942
f 810//943 2242//943 809//943
f 2242//944 810//944 2243//944
f 2242//945 808//945 800//945
f 808//946 2242//946 2241//946
f 799//942 2242//942 800//942
f 808//947 2241//947 802//947
f 803//948 2240//948 801//948
f 802//949 2240//949 803//949
f 2240//950 802//950 2241//950
f 2240//951 806//951 807//951
f 806//952 2240//952 2239//952
f 801//953 2240//953 807//953
f 785//954 2271//954 786//954
f 820//955 2271//955 785//955
f 2271//956 820//956 2272//956
f 822//957 2271//957 2270//957
f 2271//958 822//958 821//958
f 786//959 2271//959 821//959
f 822//960 2270//960 823//960
f 824//961 2269//961 787//961
f 823//962 2269//962 824//962
f 2269//963 823//963 2270//963
f 760//964 2212//964 761//964
f 760//941 2213//941 2212//941
f 2213//965 760//965 759//965
f 758//941 2213//941 759//941
f 2259//966 726//966 2260//966
f 726//967 2259//967 727//967
f 728//968 727//968 2259//968
f 728//969 2259//969 729//969
f 2259//970 730//970 729//970
f 730//971 2259//971 2258//971
f 730//972 2258//972 731//972
f 2257//973 731//973 2258//973
f 731//974 2257//974 732//974
f 733//975 732//975 2257//975
f 733//976 2257//976 734//976
f 2257//977 735//977 734//977
f 735//978 2257//978 2256//978
f 789//979 2268//979 791//979
f 2269//980 789//980 788//980
f 789//981 2269//981 2268//981
f 787//961 2269//961 788//961
f 855//982 2294//982 2293//982
f 2294//983 855//983 857//983
f 2294//984 857//984 856//984
f 858//985 2294//985 856//985
f 2294//984 858//984 2295//984
f 2293//986 853//986 855//986
f 2292//987 851//987 854//987
f 853//988 2292//988 854//988
f 2292//989 853//989 2293//989
f 850//990 2292//990 2291//990
f 2292//991 850//991 852//991
f 852//992 851//992 2292//992
f 764//993 763//993 2211//993
f 761//994 2211//994 763//994
f 2211//993 761//993 2212//993
f 766//995 2211//995 2210//995
f 2211//996 766//996 765//996
f 764//997 2211//997 765//997
f 766//998 2210//998 767//998
f 768//999 767//999 2209//999
f 2209//999 767//999 2210//999
f 768//1000 2209//1000 770//1000
f 770//1001 2207//1001 769//1001
f 2207//1002 770//1002 2209//1002
f 769//1003 2207//1003 771//1003
f 771//1004 2208//1004 812//1004
f 2208//1005 771//1005 2207//1005
f 813//1006 2208//1006 2280//1006
f 812//1005 2208//1005 813//1005
f 2263//1007 716//1007 2264//1007
f 716//1008 2263//1008 717//1008
f 718//1009 717//1009 2263//1009
f 718//1010 2263//1010 719//1010
f 2263//1011 720//1011 719//1011
f 720//1012 2263//1012 2262//1012
f 720//1013 2262//1013 721//1013
f 2261//1014 721//1014 2262//1014
f 721//1015 2261//1015 722//1015
f 723//1016 722//1016 2261//1016
f 723//1016 2261//1016 725//1016
f 2261//1017 724//1017 725//1017
f 724//1016 2261//1016 2260//1016
f 26//1132 173//1132 25//1132
f 173//1132 26//1132 275//1132
f 372//1133 11//1133 175//1133
f 11//1133 372//1133 8//1133
f 504//1134 2296//1134 9//1134
f 504//1133 2297//1133 2296//1133
f 504//1133 2298//1133 2297//1133
f 504//1133 2299//1133 2298//1133
f 504//1133 2300//1133 2299//1133
f 504//1133 2301//1133 2300//1133
f 635//1133 2301//1133 504//1133
f 2301//1135 635//1135 2302//1135
f 2302//1133 635//1133 2303//1133
f 2303//1133 635//1133 2304//1133
f 2304//1133 635//1133 1174//1133
f 2305//1135 9//1135 2296//1135
f 2306//1133 9//1133 2305//1133
f 2307//1133 9//1133 2306//1133
f 2308//1133 9//1133 2307//1133
f 2309//1133 9//1133 2308//1133
f 2310//1133 9//1133 2309//1133
f 14//1133 2310//1133 2311//1133
f 14//1133 2311//1133 1181//1133
f 2310//1133 14//1133 9//1133
f 175//1136 2312//1136 173//1136
f 175//1137 2313//1137 2312//1137
f 175//1138 2314//1138 2313//1138
f 175//1136 2315//1136 2314//1136
f 175//1136 2316//1136 2315//1136
f 175//1136 2317//1136 2316//1136
f 175//1136 2318//1136 2317//1136
f 11//1136 2318//1136 175//1136
f 2318//1136 11//1136 2319//1136
f 2320//1139 11//1139 2321//1139
f 2322//1140 11//1140 2320//1140
f 2323//1136 11//1136 2322//1136
f 2324//1136 11//1136 2323//1136
f 2325//1136 11//1136 2324//1136
f 2319//1139 11//1139 2325//1139
f 2326//1141 173//1141 2312//1141
f 2327//1142 173//1142 2326//1142
f 2328//1143 173//1143 2327//1143
f 2329//1136 173//1136 2328//1136
f 2330//1142 173//1142 2329//1142
f 2331//1136 173//1136 2330//1136
f 25//1136 2331//1136 2332//1136
f 25//1144 2332//1144 2333//1144
f 25//1136 2321//1136 11//1136
f 2331//1136 25//1136 173//1136
f 2334//1138 25//1138 2333//1138
f 2335//1136 25//1136 2334//1136
f 2336//1136 25//1136 2335//1136
f 2321//1141 25//1141 2336//1141
f 2337//1136 1046//1136 1120//1136
f 1046//1136 2337//1136 286//1136
f 2338//1136 286//1136 2337//1136
f 2339//1136 286//1136 2338//1136
f 2340//1136 286//1136 2339//1136
f 2341//1136 286//1136 2340//1136
f 2342//1136 286//1136 2341//1136
f 2343//1136 286//1136 2342//1136
f 2344//1136 286//1136 2343//1136
f 2345//1145 286//1145 2344//1145
f 27//1136 2346//1136 2347//1136
f 46//1136 2348//1136 1122//1136
f 27//1136 2348//1136 46//1136
f 2348//1136 27//1136 2349//1136
f 2349//1136 27//1136 2350//1136
f 2350//1136 27//1136 2351//1136
f 2351//1136 27//1136 2352//1136
f 2345//1146 27//1146 286//1146
f 2353//1147 27//1147 2345//1147
f 2354//1145 27//1145 2353//1145
f 2346//1136 27//1136 2354//1136
f 2352//1145 27//1145 2347//1145
f 285//1133 286//1133 2355//1133
f 281//1133 284//1133 2356//1133
f 277//1133 283//1133 2357//1133
f 61//1133 279//1133 2358//1133
f 69//1133 62//1133 2359//1133
f 272//1133 274//1133 2360//1133
f 268//1133 74//1133 2361//1133
f 2362//1133 125//1133 101//1133
f 125//1133 2362//1133 24//1133
f 2361//1133 24//1133 2362//1133
f 2363//1133 2361//1133 74//1133
f 2363//1133 24//1133 2361//1133
f 2360//1133 24//1133 2363//1133
f 2364//1133 2360//1133 274//1133
f 2364//1133 24//1133 2360//1133
f 2359//1133 24//1133 2364//1133
f 2365//1133 2359//1133 62//1133
f 27//1133 2359//1133 2365//1133
f 27//1133 2365//1133 2358//1133
f 2366//1133 2358//1133 279//1133
f 27//1133 2358//1133 2366//1133
f 27//1133 2366//1133 2357//1133
f 2367//1133 2357//1133 283//1133
f 27//1133 2357//1133 2367//1133
f 27//1133 2367//1133 2356//1133
f 2368//1133 2356//1133 284//1133
f 27//1133 2356//1133 2368//1133
f 27//1133 2368//1133 2355//1133
f 2359//1133 27//1133 24//1133
f 27//1133 2355//1133 286//1133
f 125//1148 2369//1148 107//1148
f 125//1148 2370//1148 2369//1148
f 125//1149 2371//1149 2370//1149
f 125//1150 2372//1150 2371//1150
f 125//1148 2373//1148 2372//1148
f 125//1148 2374//1148 2373//1148
f 125//1148 2375//1148 2374//1148
f 125//1151 2376//1151 2375//1151
f 125//1152 2377//1152 2376//1152
f 125//1148 2378//1148 2377//1148
f 125//1148 2379//1148 2378//1148
f 24//1153 2380//1153 2381//1153
f 24//1154 2382//1154 2383//1154
f 24//1155 2384//1155 2385//1155
f 2386//1148 24//1148 2387//1148
f 2388//1148 24//1148 2386//1148
f 2384//1153 24//1153 2388//1153
f 2389//1148 24//1148 2385//1148
f 2382//1155 24//1155 2389//1155
f 2380//1156 24//1156 2383//1156
f 2390//1157 24//1157 2381//1157
f 2379//1158 24//1158 2390//1158
f 24//1159 2379//1159 125//1159
f 2391//1160 107//1160 2369//1160
f 2392//1161 107//1161 2391//1161
f 2393//1162 107//1162 2392//1162
f 2394//1161 107//1161 2393//1161
f 2395//1163 107//1163 2394//1163
f 2396//1148 107//1148 2395//1148
f 2397//1163 107//1163 2396//1163
f 2398//1163 107//1163 2397//1163
f 2399//1164 107//1164 2398//1164
f 2400//1165 107//1165 2399//1165
f 2401//1155 107//1155 2400//1155
f 10//1148 2387//1148 24//1148
f 2387//1166 10//1166 2402//1166
f 2402//1148 10//1148 2403//1148
f 2403//1153 10//1153 2404//1153
f 2401//1167 10//1167 107//1167
f 2405//1151 10//1151 2401//1151
f 2406//1168 10//1168 2405//1168
f 2407//1169 10//1169 2406//1169
f 2408//1163 10//1163 2407//1163
f 2404//1148 10//1148 2408//1148
f 10//1132 2409//1132 107//1132
f 10//1132 2410//1132 2409//1132
f 2410//1132 2411//1132 370//1132
f 10//1132 2411//1132 2410//1132
f 10//1132 2412//1132 2411//1132
f 2412//1132 2413//1132 76//1132
f 10//1132 2413//1132 2412//1132
f 12//1132 2413//1132 10//1132
f 2414//1132 2415//1132 65//1132
f 2413//1132 12//1132 2414//1132
f 2414//1132 12//1132 2415//1132
f 2416//1132 2417//1132 60//1132
f 2415//1132 12//1132 2416//1132
f 2416//1132 12//1132 2417//1132
f 2418//1132 2419//1132 505//1132
f 2417//1132 12//1132 2418//1132
f 2418//1132 12//1132 2419//1132
f 2420//1132 2421//1132 1095//1132
f 2419//1132 12//1132 2420//1132
f 2420//1132 12//1132 2421//1132
f 2422//1132 2423//1132 628//1132
f 2421//1132 12//1132 2422//1132
f 2422//1132 12//1132 2423//1132
f 2423//1132 12//1132 2424//1132
f 630//1132 2424//1132 12//1132
f 2424//1132 630//1132 629//1132
f 107//1132 2409//1132 79//1132
f 370//1132 2411//1132 75//1132
f 76//1132 2413//1132 63//1132
f 65//1132 2415//1132 58//1132
f 60//1132 2417//1132 375//1132
f 505//1132 2419//1132 506//1132
f 1095//1132 2421//1132 1090//1132
f 628//1132 2423//1132 627//1132
f 2425//2 2426//2 2427//2
f 2428//2 2426//2 2425//2
f 2428//2 2429//2 2426//2
f 2430//2 2429//2 2428//2
f 2430//2 2431//2 2429//2
f 2432//2 2431//2 2430//2
f 2432//2 2433//2 2431//2
f 2434//2 2433//2 2432//2
f 2434//2 2435//2 2433//2
f 2436//2 2435//2 2434//2
f 2436//2 2437//2 2435//2
f 2438//2 2437//2 2436//2
f 2438//2 2439//2 2437//2
f 2440//2 2439//2 2438//2
f 2440//2 2441//2 2439//2
f 2442//2 2441//2 2440//2
f 2442//2 2443//2 2441//2
f 2444//2 2443//2 2442//2
f 2444//2 2445//2 2443//2
f 2446//2 2445//2 2444//2
f 2446//2 2447//2 2445//2
f 2447//2 2446//2 2448//2
f 2449//54 2450//54 2426//54
f 2449//1170 2426//1170 2429//1170
f 2451//1171 2449//1171 2429//1171
f 2451//1172 2429//1172 2431//1172
f 2452//1173 2451//1173 2431//1173
f 2452//1174 2431//1174 2433//1174
f 2453//1175 2452//1175 2433//1175
f 2453//1176 2433//1176 2435//1176
f 2453//1177 2435//1177 2454//1177
f 2435//63 2437//63 2454//63
f 2454//1178 2437//1178 2455//1178
f 2437//65 2439//65 2455//65
f 2455//1179 2439//1179 2456//1179
f 2439//1180 2441//1180 2456//1180
f 2456//1181 2441//1181 2457//1181
f 2441//1182 2443//1182 2457//1182
f 2457//1183 2443//1183 2458//1183
f 2443//1184 2445//1184 2458//1184
f 2458//1185 2445//1185 2459//1185
f 2445//1186 2447//1186 2459//1186
f 2459//74 2447//74 2460//74
f 2447//1187 2448//1187 2460//1187
f 2448//1188 2461//1188 2460//1188
f 2448//1189 2446//1189 2461//1189
f 2446//1190 2462//1190 2461//1190
f 2446//1191 2444//1191 2462//1191
f 2444//1192 2463//1192 2462//1192
f 2444//1193 2442//1193 2463//1193
f 2442//1194 2464//1194 2463//1194
f 2442//1195 2440//1195 2464//1195
f 2440//1196 2465//1196 2464//1196
f 2440//1197 2438//1197 2465//1197
f 2438//1198 2466//1198 2465//1198
f 2436//85 2466//85 2438//85
f 2467//1199 2466//1199 2436//1199
f 2434//1200 2467//1200 2436//1200
f 2468//1201 2467//1201 2434//1201
f 2432//1202 2468//1202 2434//1202
f 2469//1203 2468//1203 2432//1203
f 2430//1204 2469//1204 2432//1204
f 2470//1205 2469//1205 2430//1205
f 2428//1206 2470//1206 2430//1206
f 2471//1207 2470//1207 2428//1207
f 2425//1208 2471//1208 2428//1208
f 2472//96 2471//96 2425//96
f 2427//1209 2472//1209 2425//1209
f 2450//98 2472//98 2427//98
f 2450//98 2427//98 2426//98
f 2471//2 2473//2 2474//2
f 2473//2 2472//2 2475//2
f 2471//2 2474//2 2476//2
f 2450//2 2475//2 2472//2
f 2470//2 2476//2 2477//2
f 2475//2 2450//2 2478//2
f 2469//2 2477//2 2479//2
f 2478//2 2450//2 2480//2
f 2449//2 2480//2 2450//2
f 2473//2 2471//2 2472//2
f 2468//2 2479//2 2481//2
f 2476//2 2470//2 2471//2
f 2477//2 2469//2 2470//2
f 2468//2 2481//2 2482//2
f 2479//2 2468//2 2469//2
f 2467//2 2482//2 2483//2
f 2482//2 2467//2 2468//2
f 2466//2 2483//2 2484//2
f 2483//2 2466//2 2467//2
f 2485//2 2466//2 2484//2
f 2466//2 2485//2 2465//2
f 2486//2 2465//2 2485//2
f 2465//2 2486//2 2464//2
f 2487//2 2464//2 2486//2
f 2488//2 2464//2 2487//2
f 2464//2 2488//2 2463//2
f 2489//2 2463//2 2488//2
f 2463//2 2489//2 2462//2
f 2490//2 2462//2 2489//2
f 2480//2 2449//2 2491//2
f 2451//2 2491//2 2449//2
f 2491//2 2451//2 2492//2
f 2452//2 2492//2 2451//2
f 2492//2 2452//2 2493//2
f 2493//2 2452//2 2494//2
f 2453//2 2494//2 2452//2
f 2494//2 2453//2 2495//2
f 2454//2 2495//2 2453//2
f 2454//2 2496//2 2495//2
f 2497//2 2454//2 2455//2
f 2454//2 2497//2 2496//2
f 2498//2 2455//2 2456//2
f 2455//2 2498//2 2497//2
f 2499//2 2456//2 2457//2
f 2500//2 2457//2 2458//2
f 2456//2 2501//2 2498//2
f 2502//2 2458//2 2459//2
f 2503//2 2459//2 2460//2
f 2462//2 2490//2 2461//2
f 2456//2 2499//2 2501//2
f 2504//2 2461//2 2490//2
f 2457//2 2500//2 2499//2
f 2505//2 2461//2 2504//2
f 2458//2 2502//2 2500//2
f 2461//2 2505//2 2460//2
f 2459//2 2506//2 2502//2
f 2503//2 2460//2 2505//2
f 2459//2 2503//2 2506//2
f 2473//1025 2507//1025 2474//1025
f 2507//101 2508//101 2474//101
f 2474//1210 2508//1210 2476//1210
f 2508//1211 2509//1211 2476//1211
f 2476//1212 2509//1212 2477//1212
f 2509//104 2510//104 2477//104
f 2477//1213 2510//1213 2479//1213
f 2510//1214 2511//1214 2479//1214
f 2479//1214 2511//1214 2481//1214
f 2511//1215 2512//1215 2481//1215
f 2481//1216 2512//1216 2482//1216
f 2482//1217 2512//1217 2513//1217
f 2482//1217 2513//1217 2483//1217
f 2483//111 2513//111 2514//111
f 2483//1218 2514//1218 2484//1218
f 2484//1219 2514//1219 2515//1219
f 2485//1220 2484//1220 2515//1220
f 2485//113 2515//113 2516//113
f 2486//1221 2485//1221 2516//1221
f 2486//1222 2516//1222 2517//1222
f 2487//1223 2486//1223 2517//1223
f 2487//1224 2517//1224 2518//1224
f 2488//1225 2487//1225 2518//1225
f 2488//1226 2518//1226 2519//1226
f 2489//1029 2488//1029 2519//1029
f 2489//1227 2519//1227 2520//1227
f 2490//1228 2489//1228 2520//1228
f 2490//1229 2520//1229 2521//1229
f 2504//120 2490//120 2521//120
f 2504//123 2521//123 2522//123
f 2505//122 2504//122 2522//122
f 2522//124 2503//124 2505//124
f 2503//124 2522//124 2523//124
f 2524//1230 2503//1230 2523//1230
f 2506//1230 2503//1230 2524//1230
f 2525//1231 2506//1231 2524//1231
f 2502//127 2506//127 2525//127
f 2526//1232 2502//1232 2525//1232
f 2500//1233 2502//1233 2526//1233
f 2527//1234 2500//1234 2526//1234
f 2499//1235 2500//1235 2527//1235
f 2528//132 2499//132 2527//132
f 2501//1236 2499//1236 2528//1236
f 2529//1237 2501//1237 2528//1237
f 2498//1238 2501//1238 2529//1238
f 2530//1239 2498//1239 2529//1239
f 2530//1240 2497//1240 2498//1240
f 2531//1241 2497//1241 2530//1241
f 2531//1242 2496//1242 2497//1242
f 2532//1243 2496//1243 2531//1243
f 2532//1244 2495//1244 2496//1244
f 2532//1245 2533//1245 2495//1245
f 2533//1246 2494//1246 2495//1246
f 2533//1033 2534//1033 2494//1033
f 2534//1247 2493//1247 2494//1247
f 2534//141 2535//141 2493//141
f 2535//1248 2492//1248 2493//1248
f 2535//143 2536//143 2492//143
f 2536//1249 2491//1249 2492//1249
f 2536//1250 2537//1250 2491//1250
f 2537//1251 2480//1251 2491//1251
f 2537//1252 2538//1252 2480//1252
f 2538//1253 2478//1253 2480//1253
f 2538//1035 2539//1035 2478//1035
f 2539//148 2475//148 2478//148
f 2475//150 2540//150 2473//150
f 2540//150 2475//150 2539//150
f 2540//1037 2507//1037 2473//1037
f 2541//1254 2511//1254 2510//1254
f 2511//1254 2541//1254 2542//1254
f 2509//154 2541//154 2510//154
f 2541//154 2509//154 2543//154
f 2508//1255 2543//1255 2509//1255
f 2543//1255 2508//1255 2544//1255
f 2507//1256 2544//1256 2508//1256
f 2544//1256 2507//1256 2545//1256
f 2540//1257 2545//1257 2507//1257
f 2545//158 2540//158 2546//158
f 2539//48 2546//48 2540//48
f 2546//48 2539//48 2547//48
f 2538//159 2547//159 2539//159
f 2547//159 2538//159 2548//159
f 2537//1258 2548//1258 2538//1258
f 2548//1258 2537//1258 2549//1258
f 2536//161 2549//161 2537//161
f 2549//1259 2536//1259 2550//1259
f 2535//162 2550//162 2536//162
f 2550//162 2535//162 2551//162
f 2552//1260 2535//1260 2534//1260
f 2535//1260 2552//1260 2551//1260
f 2553//1261 2534//1261 2533//1261
f 2534//164 2553//164 2552//164
f 2554//1262 2533//1262 2532//1262
f 2533//1262 2554//1262 2553//1262
f 2555//1263 2532//1263 2531//1263
f 2532//1263 2555//1263 2554//1263
f 2556//1264 2531//1264 2530//1264
f 2531//1264 2556//1264 2555//1264
f 2557//1265 2530//1265 2529//1265
f 2530//1265 2557//1265 2556//1265
f 2558//1266 2529//1266 2528//1266
f 2529//1266 2558//1266 2557//1266
f 2559//1267 2528//1267 2527//1267
f 2528//1267 2559//1267 2558//1267
f 2559//1268 2526//1268 2560//1268
f 2526//1268 2559//1268 2527//1268
f 2560//1269 2525//1269 2561//1269
f 2525//1269 2560//1269 2526//1269
f 2561//1270 2524//1270 2562//1270
f 2524//1270 2561//1270 2525//1270
f 2562//176 2523//176 2563//176
f 2523//176 2562//176 2524//176
f 2563//49 2522//49 2564//49
f 2522//49 2563//49 2523//49
f 2564//177 2521//177 2565//177
f 2521//1271 2564//1271 2522//1271
f 2565//178 2520//178 2566//178
f 2520//178 2565//178 2521//178
f 2566//1272 2519//1272 2567//1272
f 2519//1273 2566//1273 2520//1273
f 2567//1274 2518//1274 2568//1274
f 2518//1274 2567//1274 2519//1274
f 2569//1275 2518//1275 2517//1275
f 2518//1276 2569//1276 2568//1276
f 2570//1277 2517//1277 2516//1277
f 2517//1277 2570//1277 2569//1277
f 2571//184 2516//184 2515//184
f 2516//184 2571//184 2570//184
f 2572//1278 2515//1278 2514//1278
f 2515//1278 2572//1278 2571//1278
f 2573//337 2514//337 2513//337
f 2514//337 2573//337 2572//337
f 2574//187 2513//187 2512//187
f 2513//187 2574//187 2573//187
f 2542//1279 2512//1279 2511//1279
f 2512//1280 2542//1280 2574//1280
f 2575//1281 2576//1281 2558//1281
f 2576//1282 2577//1282 2558//1282
f 2577//192 2557//192 2558//192
f 2577//1283 2578//1283 2557//1283
f 2578//265 2579//265 2557//265
f 2570//1284 2580//1284 2569//1284
f 2573//264 2574//264 2581//264
f 2548//196 2549//196 2582//196
f 2543//197 2544//197 2583//197
f 2568//219 2584//219 2567//219
f 2584//1285 2585//1285 2567//1285
f 2567//1286 2585//1286 2566//1286
f 2586//1287 2559//1287 2560//1287
f 2586//1288 2575//1288 2559//1288
f 2575//1289 2558//1289 2559//1289
f 2545//204 2546//204 2587//204
f 2546//1290 2588//1290 2587//1290
f 2589//1291 2555//1291 2556//1291
f 2589//1292 2590//1292 2555//1292
f 2590//1293 2554//1293 2555//1293
f 2591//1294 2554//1294 2590//1294
f 2553//209 2554//209 2591//209
f 2585//1295 2592//1295 2566//1295
f 2592//213 2593//213 2566//213
f 2566//1296 2593//1296 2565//1296
f 2593//214 2594//214 2565//214
f 2580//1046 2595//1046 2569//1046
f 2595//1297 2596//1297 2569//1297
f 2569//1298 2596//1298 2568//1298
f 2596//1299 2597//1299 2568//1299
f 2597//1300 2584//1300 2568//1300
f 2565//220 2598//220 2564//220
f 2594//1301 2598//1301 2565//1301
f 2598//1302 2599//1302 2564//1302
f 2600//1303 2564//1303 2599//1303
f 2564//223 2600//223 2563//223
f 2600//1304 2601//1304 2563//1304
f 2601//1305 2562//1305 2563//1305
f 2601//225 2602//225 2562//225
f 2573//1306 2581//1306 2603//1306
f 2573//1307 2603//1307 2604//1307
f 2572//1308 2573//1308 2604//1308
f 2572//1309 2604//1309 2605//1309
f 2572//1310 2605//1310 2571//1310
f 2605//1311 2606//1311 2571//1311
f 2571//232 2606//232 2570//232
f 2606//232 2607//232 2570//232
f 2607//194 2580//194 2570//194
f 2608//209 2553//209 2591//209
f 2609//236 2553//236 2608//236
f 2552//236 2553//236 2609//236
f 2610//1312 2552//1312 2609//1312
f 2611//267 2561//267 2562//267
f 2602//1313 2611//1313 2562//1313
f 2551//1314 2552//1314 2612//1314
f 2612//1315 2552//1315 2610//1315
f 2613//1316 2551//1316 2612//1316
f 2614//245 2551//245 2613//245
f 2550//245 2551//245 2614//245
f 2615//1317 2550//1317 2614//1317
f 2549//1318 2550//1318 2615//1318
f 2616//1319 2549//1319 2615//1319
f 2582//1320 2549//1320 2616//1320
f 2543//1321 2583//1321 2617//1321
f 2543//1322 2617//1322 2618//1322
f 2541//1323 2543//1323 2618//1323
f 2541//1324 2618//1324 2619//1324
f 2542//1325 2541//1325 2619//1325
f 2545//1326 2587//1326 2620//1326
f 2545//1327 2620//1327 2621//1327
f 2544//1051 2545//1051 2621//1051
f 2544//1328 2621//1328 2622//1328
f 2544//259 2622//259 2583//259
f 2542//1329 2619//1329 2623//1329
f 2542//1330 2623//1330 2624//1330
f 2574//263 2542//263 2624//263
f 2574//263 2624//263 2625//263
f 2574//227 2625//227 2581//227
f 2579//1331 2556//1331 2557//1331
f 2579//1332 2626//1332 2556//1332
f 2626//1333 2589//1333 2556//1333
f 2611//1334 2627//1334 2561//1334
f 2627//1335 2628//1335 2561//1335
f 2628//269 2560//269 2561//269
f 2628//1336 2629//1336 2560//1336
f 2629//201 2586//201 2560//201
f 2630//1337 2548//1337 2582//1337
f 2631//1338 2548//1338 2630//1338
f 2547//1339 2548//1339 2631//1339
f 2632//1340 2547//1340 2631//1340
f 2546//276 2632//276 2588//276
f 2632//276 2546//276 2547//276
f 2624//1341 2633//1341 2625//1341
f 2623//1342 2633//1342 2624//1342
f 2623//1343 2634//1343 2633//1343
f 2619//1344 2634//1344 2623//1344
f 2618//1345 2634//1345 2619//1345
f 2597//1346 2635//1346 2636//1346
f 2592//1347 2636//1347 2637//1347
f 2638//1348 2576//1348 2639//1348
f 2640//1349 2614//1349 2613//1349
f 2639//1350 2629//1350 2641//1350
f 2642//1351 2590//1351 2643//1351
f 2620//288 2644//288 2645//288
f 2607//1352 2646//1352 2647//1352
f 2602//1353 2601//1353 2648//1353
f 2649//1354 2602//1354 2648//1354
f 2648//1355 2601//1355 2600//1355
f 2650//293 2600//293 2599//293
f 2600//293 2650//293 2648//293
f 2651//1356 2578//1356 2638//1356
f 2578//1357 2577//1357 2638//1357
f 2638//1358 2577//1358 2576//1358
f 2598//1359 2650//1359 2599//1359
f 2598//1360 2594//1360 2650//1360
f 2594//1361 2637//1361 2650//1361
f 2593//1362 2637//1362 2594//1362
f 2593//1363 2592//1363 2637//1363
f 2581//1364 2652//1364 2603//1364
f 2603//1365 2652//1365 2653//1365
f 2654//1366 2608//1366 2642//1366
f 2642//1367 2608//1367 2591//1367
f 2642//1368 2591//1368 2590//1368
f 2583//1369 2655//1369 2617//1369
f 2622//1370 2655//1370 2583//1370
f 2622//309 2645//309 2655//309
f 2621//1371 2645//1371 2622//1371
f 2620//1372 2645//1372 2621//1372
f 2656//1373 2610//1373 2654//1373
f 2654//1374 2610//1374 2609//1374
f 2654//1375 2609//1375 2608//1375
f 2640//315 2613//315 2656//315
f 2656//1376 2613//1376 2612//1376
f 2656//1377 2612//1377 2610//1377
f 2618//1378 2617//1378 2634//1378
f 2617//1379 2655//1379 2634//1379
f 2657//1380 2632//1380 2631//1380
f 2632//321 2644//321 2588//321
f 2644//321 2632//321 2657//321
f 2590//1381 2589//1381 2643//1381
f 2643//1382 2589//1382 2626//1382
f 2643//1383 2626//1383 2651//1383
f 2626//1384 2579//1384 2651//1384
f 2651//1385 2579//1385 2578//1385
f 2585//1386 2636//1386 2592//1386
f 2585//1387 2584//1387 2636//1387
f 2584//1388 2597//1388 2636//1388
f 2596//1389 2635//1389 2597//1389
f 2596//1390 2595//1390 2635//1390
f 2595//1391 2647//1391 2635//1391
f 2580//1392 2647//1392 2595//1392
f 2580//1393 2607//1393 2647//1393
f 2606//1394 2646//1394 2607//1394
f 2606//1395 2605//1395 2646//1395
f 2605//1396 2653//1396 2646//1396
f 2604//1397 2653//1397 2605//1397
f 2604//1398 2603//1398 2653//1398
f 2657//1399 2630//1399 2658//1399
f 2657//1400 2631//1400 2630//1400
f 2625//1401 2633//1401 2652//1401
f 2625//1402 2652//1402 2581//1402
f 2576//1403 2575//1403 2639//1403
f 2639//1404 2575//1404 2586//1404
f 2639//1405 2586//1405 2629//1405
f 2658//1406 2630//1406 2582//1406
f 2658//1407 2582//1407 2616//1407
f 2658//347 2616//347 2640//347
f 2640//1408 2616//1408 2615//1408
f 2640//1409 2615//1409 2614//1409
f 2587//1410 2644//1410 2620//1410
f 2588//1411 2644//1411 2587//1411
f 2629//1412 2628//1412 2641//1412
f 2641//1413 2628//1413 2627//1413
f 2641//1414 2627//1414 2649//1414
f 2627//1415 2611//1415 2649//1415
f 2649//1416 2611//1416 2602//1416
f 2644//2 2659//2 2660//2
f 2659//2 2644//2 2661//2
f 2645//2 2660//2 2662//2
f 2657//2 2661//2 2644//2
f 2655//2 2662//2 2663//2
f 2661//2 2657//2 2664//2
f 2634//2 2663//2 2665//2
f 2658//2 2664//2 2657//2
f 2664//2 2658//2 2666//2
f 2660//2 2645//2 2644//2
f 2634//2 2665//2 2667//2
f 2662//2 2655//2 2645//2
f 2663//2 2634//2 2655//2
f 2633//2 2667//2 2668//2
f 2667//2 2633//2 2634//2
f 2652//2 2668//2 2669//2
f 2668//2 2652//2 2633//2
f 2653//2 2669//2 2670//2
f 2669//2 2653//2 2652//2
f 2671//2 2653//2 2670//2
f 2653//2 2671//2 2646//2
f 2672//2 2646//2 2671//2
f 2646//2 2672//2 2647//2
f 2673//2 2647//2 2672//2
f 2647//2 2673//2 2635//2
f 2674//2 2635//2 2673//2
f 2675//2 2635//2 2674//2
f 2635//2 2675//2 2636//2
f 2636//2 2676//2 2637//2
f 2676//2 2636//2 2675//2
f 2640//2 2666//2 2658//2
f 2666//2 2640//2 2677//2
f 2656//2 2677//2 2640//2
f 2677//2 2656//2 2678//2
f 2678//2 2656//2 2679//2
f 2654//2 2679//2 2656//2
f 2679//2 2654//2 2680//2
f 2642//2 2680//2 2654//2
f 2680//2 2642//2 2681//2
f 2643//2 2681//2 2642//2
f 2643//2 2682//2 2681//2
f 2683//2 2643//2 2651//2
f 2643//2 2683//2 2682//2
f 2684//2 2651//2 2638//2
f 2651//2 2684//2 2683//2
f 2685//2 2638//2 2639//2
f 2686//2 2639//2 2641//2
f 2638//2 2685//2 2684//2
f 2687//2 2641//2 2649//2
f 2688//2 2649//2 2648//2
f 2689//2 2637//2 2676//2
f 2639//2 2690//2 2685//2
f 2637//2 2689//2 2650//2
f 2639//2 2686//2 2690//2
f 2691//2 2650//2 2689//2
f 2641//2 2687//2 2686//2
f 2650//2 2691//2 2648//2
f 2649//2 2688//2 2687//2
f 2692//2 2648//2 2691//2
f 2648//2 2692//2 2688//2
f 2693//1417 2664//1417 2694//1417
f 2695//1418 2664//1418 2693//1418
f 2695//359 2661//359 2664//359
f 2696//360 2661//360 2695//360
f 2697//1419 2661//1419 2696//1419
f 2698//362 2679//362 2680//362
f 2674//1420 2699//1420 2675//1420
f 2694//364 2664//364 2666//364
f 2672//365 2700//365 2673//365
f 2659//1421 2701//1421 2660//1421
f 2702//1422 2682//1422 2683//1422
f 2668//1423 2703//1423 2669//1423
f 2704//1424 2686//1424 2687//1424
f 2665//370 2705//370 2667//370
f 2706//1425 2684//1425 2685//1425
f 2707//1426 2678//1426 2708//1426
f 2708//373 2678//373 2679//373
f 2708//1427 2679//1427 2709//1427
f 2709//1428 2679//1428 2698//1428
f 2710//1429 2677//1429 2678//1429
f 2710//1430 2678//1430 2707//1430
f 2700//379 2711//379 2673//379
f 2673//1431 2711//1431 2712//1431
f 2673//1432 2712//1432 2674//1432
f 2712//1433 2713//1433 2674//1433
f 2674//1434 2713//1434 2699//1434
f 2714//1435 2680//1435 2681//1435
f 2715//1436 2680//1436 2714//1436
f 2698//1437 2680//1437 2715//1437
f 2716//386 2717//386 2676//386
f 2675//1438 2716//1438 2676//1438
f 2675//1439 2718//1439 2716//1439
f 2699//1440 2718//1440 2675//1440
f 2676//1441 2719//1441 2689//1441
f 2676//1442 2717//1442 2719//1442
f 2671//392 2720//392 2672//392
f 2720//1443 2721//1443 2672//1443
f 2672//1444 2721//1444 2700//1444
f 2722//395 2677//395 2710//395
f 2723//1445 2677//1445 2722//1445
f 2723//1446 2666//1446 2677//1446
f 2724//1447 2666//1447 2723//1447
f 2694//399 2666//399 2724//399
f 2725//1448 2688//1448 2692//1448
f 2726//1449 2725//1449 2692//1449
f 2659//402 2697//402 2727//402
f 2697//402 2659//402 2661//402
f 2659//1450 2727//1450 2728//1450
f 2659//404 2728//404 2701//404
f 2726//1451 2692//1451 2729//1451
f 2729//406 2691//406 2730//406
f 2691//406 2729//406 2692//406
f 2731//1452 2682//1452 2702//1452
f 2732//1453 2682//1453 2731//1453
f 2732//1454 2681//1454 2682//1454
f 2733//1455 2681//1455 2732//1455
f 2714//410 2681//410 2733//410
f 2669//1456 2703//1456 2734//1456
f 2669//1457 2734//1457 2735//1457
f 2669//1458 2735//1458 2670//1458
f 2736//1459 2686//1459 2704//1459
f 2736//416 2737//416 2686//416
f 2737//1460 2690//1460 2686//1460
f 2738//419 2688//419 2725//419
f 2738//1461 2739//1461 2688//1461
f 2739//1462 2687//1462 2688//1462
f 2740//1463 2687//1463 2739//1463
f 2740//1464 2704//1464 2687//1464
f 2662//423 2741//423 2742//423
f 2660//1465 2741//1465 2662//1465
f 2660//1466 2743//1466 2741//1466
f 2660//1467 2701//1467 2743//1467
f 2744//427 2684//427 2706//427
f 2744//1468 2745//1468 2684//1468
f 2745//1469 2683//1469 2684//1469
f 2746//1470 2683//1470 2745//1470
f 2746//1471 2702//1471 2683//1471
f 2667//1472 2705//1472 2747//1472
f 2667//1473 2747//1473 2748//1473
f 2667//1474 2748//1474 2668//1474
f 2668//1475 2748//1475 2749//1475
f 2668//1476 2749//1476 2703//1476
f 2662//1477 2750//1477 2663//1477
f 2662//438 2742//438 2750//438
f 2663//1478 2750//1478 2751//1478
f 2663//440 2751//440 2752//440
f 2663//1479 2752//1479 2665//1479
f 2665//1480 2752//1480 2753//1480
f 2665//1481 2753//1481 2705//1481
f 2754//1482 2690//1482 2737//1482
f 2754//1483 2755//1483 2690//1483
f 2755//1484 2685//1484 2690//1484
f 2756//1485 2685//1485 2755//1485
f 2756//447 2706//447 2685//447
f 2719//1486 2757//1486 2689//1486
f 2689//1487 2757//1487 2758//1487
f 2689//1488 2758//1488 2691//1488
f 2758//1489 2759//1489 2691//1489
f 2691//1490 2759//1490 2730//1490
f 2670//1491 2735//1491 2760//1491
f 2670//1492 2760//1492 2761//1492
f 2670//1493 2761//1493 2671//1493
f 2761//1494 2762//1494 2671//1494
f 2671//1495 2762//1495 2720//1495
f 2763//1496 2731//1496 2764//1496
f 2765//1497 2731//1497 2763//1497
f 2765//1498 2732//1498 2731//1498
f 2765//1499 2766//1499 2732//1499
f 2766//1500 2733//1500 2732//1500
f 2766//1501 2767//1501 2733//1501
f 2767//1502 2714//1502 2733//1502
f 2767//1503 2768//1503 2714//1503
f 2768//1504 2715//1504 2714//1504
f 2768//468 2769//468 2715//468
f 2769//1505 2698//1505 2715//1505
f 2769//1506 2770//1506 2698//1506
f 2770//471 2709//471 2698//471
f 2770//1507 2771//1507 2709//1507
f 2771//473 2708//473 2709//473
f 2771//1508 2772//1508 2708//1508
f 2772//1509 2707//1509 2708//1509
f 2772//1510 2773//1510 2707//1510
f 2773//1511 2710//1511 2707//1511
f 2773//1089 2774//1089 2710//1089
f 2774//1512 2775//1512 2710//1512
f 2735//1513 2776//1513 2760//1513
f 2700//1514 2721//1514 2777//1514
f 2700//1515 2777//1515 2778//1515
f 2711//1516 2700//1516 2778//1516
f 2711//1517 2778//1517 2779//1517
f 2712//1518 2711//1518 2779//1518
f 2712//1519 2779//1519 2780//1519
f 2713//1520 2712//1520 2780//1520
f 2713//1521 2780//1521 2781//1521
f 2699//1522 2713//1522 2781//1522
f 2699//1523 2781//1523 2782//1523
f 2718//491 2699//491 2782//491
f 2718//1524 2782//1524 2783//1524
f 2716//1525 2718//1525 2783//1525
f 2716//1526 2783//1526 2784//1526
f 2716//1527 2784//1527 2785//1527
f 2717//496 2716//496 2785//496
f 2717//1528 2785//1528 2786//1528
f 2719//1529 2717//1529 2786//1529
f 2719//1530 2786//1530 2787//1530
f 2757//1531 2719//1531 2787//1531
f 2757//1532 2787//1532 2788//1532
f 2758//1533 2757//1533 2788//1533
f 2758//1534 2788//1534 2789//1534
f 2759//504 2758//504 2789//504
f 2730//1535 2759//1535 2790//1535
f 2759//1536 2789//1536 2790//1536
f 2737//1537 2736//1537 2791//1537
f 2792//1538 2737//1538 2791//1538
f 2754//1539 2737//1539 2792//1539
f 2793//1540 2754//1540 2792//1540
f 2755//1541 2754//1541 2793//1541
f 2794//1542 2755//1542 2793//1542
f 2756//1543 2755//1543 2794//1543
f 2795//1544 2756//1544 2794//1544
f 2706//1545 2756//1545 2795//1545
f 2796//516 2706//516 2795//516
f 2744//1546 2706//1546 2796//1546
f 2797//1547 2744//1547 2796//1547
f 2745//1548 2744//1548 2797//1548
f 2760//520 2776//520 2798//520
f 2760//1549 2798//1549 2761//1549
f 2761//522 2798//522 2799//522
f 2762//1550 2761//1550 2799//1550
f 2762//1551 2799//1551 2800//1551
f 2762//525 2800//525 2720//525
f 2720//526 2800//526 2801//526
f 2721//1552 2720//1552 2801//1552
f 2721//1553 2801//1553 2802//1553
f 2721//1554 2802//1554 2777//1554
f 2803//1555 2696//1555 2695//1555
f 2803//1556 2804//1556 2696//1556
f 2804//1557 2697//1557 2696//1557
f 2775//1558 2722//1558 2710//1558
f 2775//1559 2805//1559 2722//1559
f 2805//1560 2723//1560 2722//1560
f 2805//1561 2806//1561 2723//1561
f 2806//1562 2724//1562 2723//1562
f 2806//1563 2807//1563 2724//1563
f 2807//539 2694//539 2724//539
f 2807//540 2808//540 2694//540
f 2808//1564 2693//1564 2694//1564
f 2808//1565 2809//1565 2693//1565
f 2809//1566 2695//1566 2693//1566
f 2809//544 2810//544 2695//544
f 2810//1567 2803//1567 2695//1567
f 2811//1568 2727//1568 2697//1568
f 2804//547 2811//547 2697//547
f 2727//1569 2812//1569 2728//1569
f 2811//549 2812//549 2727//549
f 2730//1570 2790//1570 2813//1570
f 2730//1571 2813//1571 2814//1571
f 2729//1572 2730//1572 2814//1572
f 2815//1573 2729//1573 2814//1573
f 2726//1574 2729//1574 2815//1574
f 2816//1575 2726//1575 2815//1575
f 2725//1576 2726//1576 2816//1576
f 2817//1577 2725//1577 2816//1577
f 2738//1578 2725//1578 2817//1578
f 2818//1579 2738//1579 2817//1579
f 2739//1580 2738//1580 2818//1580
f 2819//1581 2739//1581 2818//1581
f 2740//1582 2739//1582 2819//1582
f 2820//1583 2740//1583 2819//1583
f 2704//1584 2740//1584 2820//1584
f 2821//1585 2704//1585 2820//1585
f 2736//1586 2704//1586 2821//1586
f 2822//1587 2736//1587 2821//1587
f 2791//1588 2736//1588 2822//1588
f 2823//569 2745//569 2797//569
f 2824//1589 2745//1589 2823//1589
f 2746//1590 2745//1590 2824//1590
f 2825//1591 2746//1591 2824//1591
f 2702//1592 2746//1592 2825//1592
f 2764//1593 2702//1593 2825//1593
f 2731//1594 2702//1594 2764//1594
f 2812//576 2826//576 2728//576
f 2826//1595 2827//1595 2728//1595
f 2728//578 2827//578 2701//578
f 2827//1596 2828//1596 2701//1596
f 2701//1597 2828//1597 2743//1597
f 2828//581 2829//581 2743//581
f 2743//582 2829//582 2741//582
f 2829//1598 2830//1598 2741//1598
f 2741//584 2830//584 2742//584
f 2830//1599 2831//1599 2742//1599
f 2742//1600 2831//1600 2750//1600
f 2831//587 2832//587 2750//587
f 2750//1601 2832//1601 2751//1601
f 2832//1602 2833//1602 2751//1602
f 2751//590 2833//590 2752//590
f 2833//1603 2834//1603 2752//1603
f 2752//1604 2834//1604 2753//1604
f 2834//1605 2835//1605 2753//1605
f 2753//1606 2835//1606 2705//1606
f 2835//1607 2836//1607 2705//1607
f 2836//1608 2837//1608 2705//1608
f 2705//1120 2837//1120 2747//1120
f 2837//1609 2838//1609 2747//1609
f 2747//599 2838//599 2748//599
f 2838//1610 2839//1610 2748//1610
f 2748//1611 2839//1611 2749//1611
f 2839//1612 2840//1612 2749//1612
f 2749//603 2840//603 2703//603
f 2840//1613 2841//1613 2703//1613
f 2703//605 2841//605 2734//605
f 2841//1614 2842//1614 2734//1614
f 2734//1615 2842//1615 2735//1615
f 2842//1616 2843//1616 2735//1616
f 2735//1617 2843//1617 2776//1617
f 2844//610 2763//610 2845//610
f 2846//1618 2763//1618 2844//1618
f 2846//1619 2765//1619 2763//1619
f 2847//611 2765//611 2846//611
f 2847//613 2766//613 2765//613
f 2847//613 2848//613 2766//613
f 2848//1620 2767//1620 2766//1620
f 2848//1621 2849//1621 2767//1621
f 2849//1622 2768//1622 2767//1622
f 2849//615 2850//615 2768//615
f 2850//615 2769//615 2768//615
f 2850//615 2851//615 2769//615
f 2851//1623 2770//1623 2769//1623
f 2851//1624 2852//1624 2770//1624
f 2852//1625 2771//1625 2770//1625
f 2852//1626 2853//1626 2771//1626
f 2853//619 2772//619 2771//619
f 2853//1627 2854//1627 2772//1627
f 2854//1628 2773//1628 2772//1628
f 2854//620 2855//620 2773//620
f 2855//622 2774//622 2773//622
f 2855//1629 2856//1629 2774//1629
f 2856//1630 2775//1630 2774//1630
f 2856//622 2857//622 2775//622
f 2857//677 2858//677 2775//677
f 2845//1631 2763//1631 2764//1631
f 2777//1632 2802//1632 2859//1632
f 2777//1633 2859//1633 2860//1633
f 2778//1634 2777//1634 2860//1634
f 2778//630 2860//630 2861//630
f 2779//1635 2778//1635 2861//1635
f 2779//630 2861//630 2862//630
f 2780//1636 2779//1636 2862//1636
f 2780//1637 2862//1637 2863//1637
f 2781//634 2780//634 2863//634
f 2781//633 2863//633 2864//633
f 2782//1638 2781//1638 2864//1638
f 2782//636 2864//636 2865//636
f 2783//1639 2782//1639 2865//1639
f 2783//636 2865//636 2866//636
f 2784//1640 2783//1640 2866//1640
f 2784//1641 2866//1641 2867//1641
f 2785//1642 2784//1642 2867//1642
f 2785//1641 2867//1641 2868//1641
f 2786//1643 2785//1643 2868//1643
f 2786//1644 2868//1644 2869//1644
f 2787//1643 2786//1643 2869//1643
f 2787//643 2869//643 2870//643
f 2788//646 2787//646 2870//646
f 2788//1645 2870//1645 2871//1645
f 2789//1646 2788//1646 2871//1646
f 2789//1647 2871//1647 2872//1647
f 2789//651 2872//651 2873//651
f 2790//1648 2789//1648 2873//1648
f 2790//1648 2873//1648 2874//1648
f 2813//1649 2790//1649 2874//1649
f 2813//654 2874//654 2875//654
f 2814//1650 2813//1650 2875//1650
f 2814//1650 2875//1650 2876//1650
f 2815//1651 2814//1651 2876//1651
f 2877//656 2815//656 2876//656
f 2816//659 2815//659 2877//659
f 2878//659 2816//659 2877//659
f 2817//661 2816//661 2878//661
f 2879//1652 2817//1652 2878//1652
f 2818//1653 2817//1653 2879//1653
f 2880//661 2818//661 2879//661
f 2819//1654 2818//1654 2880//1654
f 2839//666 2881//666 2840//666
f 2881//666 2882//666 2840//666
f 2840//1655 2882//1655 2841//1655
f 2882//1656 2883//1656 2841//1656
f 2841//1657 2883//1657 2842//1657
f 2883//1658 2884//1658 2842//1658
f 2842//1659 2884//1659 2843//1659
f 2884//1660 2885//1660 2843//1660
f 2843//669 2885//669 2776//669
f 2885//1661 2886//1661 2776//1661
f 2886//670 2798//670 2776//670
f 2798//670 2886//670 2887//670
f 2798//671 2887//671 2799//671
f 2799//1662 2887//1662 2888//1662
f 2799//1663 2888//1663 2800//1663
f 2800//1664 2888//1664 2889//1664
f 2800//1665 2889//1665 2801//1665
f 2801//1666 2889//1666 2890//1666
f 2802//1667 2801//1667 2890//1667
f 2802//1668 2890//1668 2891//1668
f 2802//1633 2891//1633 2859//1633
f 2820//695 2819//695 2892//695
f 2892//1654 2819//1654 2880//1654
f 2858//1669 2805//1669 2775//1669
f 2858//1669 2893//1669 2805//1669
f 2893//1670 2806//1670 2805//1670
f 2893//681 2894//681 2806//681
f 2894//681 2807//681 2806//681
f 2894//1671 2895//1671 2807//1671
f 2895//1672 2808//1672 2807//1672
f 2895//1673 2896//1673 2808//1673
f 2896//1674 2809//1674 2808//1674
f 2896//683 2897//683 2809//683
f 2897//685 2810//685 2809//685
f 2897//685 2898//685 2810//685
f 2898//686 2803//686 2810//686
f 2898//686 2899//686 2803//686
f 2899//688 2804//688 2803//688
f 2899//689 2900//689 2804//689
f 2900//1675 2811//1675 2804//1675
f 2900//1676 2901//1676 2811//1676
f 2811//692 2901//692 2812//692
f 2901//1677 2902//1677 2812//1677
f 2812//1678 2902//1678 2826//1678
f 2903//1654 2820//1654 2892//1654
f 2904//1679 2820//1679 2903//1679
f 2821//696 2820//696 2904//696
f 2905//1680 2821//1680 2904//1680
f 2822//1681 2821//1681 2905//1681
f 2906//700 2822//700 2905//700
f 2791//699 2822//699 2906//699
f 2907//699 2791//699 2906//699
f 2792//1682 2791//1682 2907//1682
f 2908//1683 2792//1683 2907//1683
f 2793//1684 2792//1684 2908//1684
f 2909//705 2793//705 2908//705
f 2794//1685 2793//1685 2909//1685
f 2910//1686 2794//1686 2909//1686
f 2795//709 2794//709 2910//709
f 2911//1686 2795//1686 2910//1686
f 2796//710 2795//710 2911//710
f 2912//1687 2796//1687 2911//1687
f 2797//1688 2796//1688 2912//1688
f 2913//1688 2797//1688 2912//1688
f 2823//1689 2797//1689 2913//1689
f 2914//712 2823//712 2913//712
f 2824//714 2823//714 2914//714
f 2915//712 2824//712 2914//712
f 2825//1690 2824//1690 2915//1690
f 2916//716 2825//716 2915//716
f 2764//1690 2825//1690 2916//1690
f 2917//716 2764//716 2916//716
f 2845//610 2764//610 2917//610
f 2902//693 2918//693 2826//693
f 2918//718 2919//718 2826//718
f 2826//1691 2919//1691 2827//1691
f 2919//720 2920//720 2827//720
f 2827//1692 2920//1692 2828//1692
f 2920//1693 2921//1693 2828//1693
f 2828//723 2921//723 2829//723
f 2921//1694 2922//1694 2829//1694
f 2829//1695 2922//1695 2830//1695
f 2922//727 2923//727 2830//727
f 2830//1696 2923//1696 2831//1696
f 2923//1697 2924//1697 2831//1697
f 2831//729 2924//729 2832//729
f 2924//1698 2925//1698 2832//1698
f 2832//1699 2925//1699 2833//1699
f 2925//1700 2926//1700 2833//1700
f 2833//1701 2926//1701 2834//1701
f 2926//1702 2927//1702 2834//1702
f 2834//1703 2927//1703 2835//1703
f 2927//735 2928//735 2835//735
f 2835//1704 2928//1704 2836//1704
f 2928//1705 2929//1705 2836//1705
f 2836//1706 2929//1706 2837//1706
f 2929//1707 2930//1707 2837//1707
f 2837//740 2930//740 2838//740
f 2930//1708 2931//1708 2838//1708
f 2838//1709 2931//1709 2839//1709
f 2931//1710 2932//1710 2839//1710
f 2932//666 2881//666 2839//666
f 154//748 2904//748 152//748
f 153//1711 2904//1711 154//1711
f 2904//1712 153//1712 2905//1712
f 2904//1713 164//1713 163//1713
f 164//1714 2904//1714 2903//1714
f 152//1715 2904//1715 163//1715
f 164//1716 2903//1716 165//1716
f 166//1717 2892//1717 155//1717
f 165//1711 2892//1711 166//1711
f 2892//1718 165//1718 2903//1718
f 2892//1719 167//1719 156//1719
f 167//1720 2892//1720 2880//1720
f 155//1721 2892//1721 156//1721
f 2886//1722 215//1722 217//1722
f 2889//1723 222//1723 223//1723
f 2866//1724 240//1724 257//1724
f 177//758 2901//758 339//758
f 2920//759 182//759 183//759
f 123//1725 2917//1725 124//1725
f 142//1726 2909//1726 143//1726
f 174//1727 172//1727 2876//1727
f 167//1728 2880//1728 158//1728
f 354//764 2893//764 369//764
f 2928//1729 197//1729 198//1729
f 346//1730 2897//1730 347//1730
f 2871//1731 246//1731 263//1731
f 264//1732 2871//1732 263//1732
f 2871//1733 264//1733 2872//1733
f 2872//1734 264//1734 265//1734
f 234//773 2861//773 2860//773
f 2861//1735 234//1735 233//1735
f 2861//1736 233//1736 252//1736
f 253//1737 2861//1737 252//1737
f 2861//1738 253//1738 2862//1738
f 2862//1739 253//1739 254//1739
f 2881//1740 206//1740 208//1740
f 207//1741 2881//1741 208//1741
f 2881//779 207//779 2882//779
f 2882//1742 207//1742 209//1742
f 361//1743 365//1743 2854//1743
f 366//991 2854//991 365//991
f 2854//783 366//783 2855//783
f 358//1744 2855//1744 366//1744
f 126//1745 2916//1745 127//1745
f 124//1746 2916//1746 126//1746
f 2916//1747 124//1747 2917//1747
f 129//1748 2916//1748 2915//1748
f 2916//1749 129//1749 128//1749
f 127//1750 2916//1750 128//1750
f 129//1751 2915//1751 130//1751
f 130//1752 2914//1752 131//1752
f 2914//1753 130//1753 2915//1753
f 2865//1754 238//1754 241//1754
f 240//1737 2865//1737 241//1737
f 2865//1755 240//1755 2866//1755
f 2865//1754 239//1754 238//1754
f 2865//1756 256//1756 239//1756
f 256//1754 2865//1754 2864//1754
f 2864//1757 255//1757 256//1757
f 2863//1758 235//1758 237//1758
f 255//1759 2863//1759 237//1759
f 2863//1760 255//1760 2864//1760
f 254//1758 2863//1758 2862//1758
f 2863//1761 254//1761 236//1761
f 2863//1762 236//1762 235//1762
f 2860//1763 231//1763 234//1763
f 132//1764 2913//1764 134//1764
f 132//1765 2914//1765 2913//1765
f 2914//1766 132//1766 133//1766
f 131//1767 2914//1767 133//1767
f 2870//1768 262//1768 245//1768
f 2871//1769 247//1769 246//1769
f 2871//1770 245//1770 247//1770
f 245//1771 2871//1771 2870//1771
f 2859//814 229//814 232//814
f 231//1772 2859//1772 232//1772
f 2859//816 231//816 2860//816
f 228//1773 2859//1773 2891//1773
f 2859//1774 228//1774 230//1774
f 2859//1775 230//1775 229//1775
f 2891//1776 226//1776 228//1776
f 2890//1777 224//1777 227//1777
f 226//1778 2890//1778 227//1778
f 2890//1779 226//1779 2891//1779
f 223//1780 2890//1780 2889//1780
f 2890//1781 223//1781 225//1781
f 2890//1782 225//1782 224//1782
f 2869//1783 243//1783 261//1783
f 262//1784 2869//1784 261//1784
f 2869//1783 262//1783 2870//1783
f 2869//1785 244//1785 243//1785
f 2869//1786 242//1786 244//1786
f 242//1785 2869//1785 2868//1785
f 2868//1787 260//1787 242//1787
f 2867//1788 258//1788 259//1788
f 260//1789 2867//1789 259//1789
f 2867//1790 260//1790 2868//1790
f 2867//1791 257//1791 258//1791
f 257//1792 2867//1792 2866//1792
f 2919//1793 182//1793 2920//1793
f 182//1794 2919//1794 181//1794
f 2919//1795 180//1795 181//1795
f 2919//1796 179//1796 180//1796
f 179//1797 2919//1797 2918//1797
f 2918//841 178//841 179//841
f 2902//842 178//842 2918//842
f 176//1798 178//1798 2902//1798
f 177//1799 176//1799 2902//1799
f 177//1800 2902//1800 2901//1800
f 2927//848 197//848 2928//848
f 197//1801 2927//1801 196//1801
f 2927//851 195//851 196//851
f 194//851 195//851 2927//851
f 2927//1802 193//1802 194//1802
f 193//1803 2927//1803 2926//1803
f 2926//1804 192//1804 193//1804
f 2925//1805 192//1805 2926//1805
f 192//1806 2925//1806 191//1806
f 2925//1807 190//1807 191//1807
f 2875//1808 266//1808 267//1808
f 174//1809 2875//1809 267//1809
f 2875//1808 174//1808 2876//1808
f 266//1808 2875//1808 2874//1808
f 2874//862 251//862 266//862
f 2873//1810 250//1810 249//1810
f 251//1811 2873//1811 249//1811
f 2873//1812 251//1812 2874//1812
f 2873//1813 248//1813 250//1813
f 2873//1814 265//1814 248//1814
f 265//1810 2873//1810 2872//1810
f 2924//1815 188//1815 189//1815
f 2925//1816 189//1816 190//1816
f 189//1817 2925//1817 2924//1817
f 136//1818 2912//1818 135//1818
f 134//1819 2912//1819 136//1819
f 2912//878 134//878 2913//878
f 138//1820 2912//1820 2911//1820
f 2912//1821 138//1821 137//1821
f 135//1822 2912//1822 137//1822
f 138//1823 2911//1823 139//1823
f 142//1824 2910//1824 2909//1824
f 2910//1825 142//1825 141//1825
f 140//1826 2910//1826 141//1826
f 139//1827 2910//1827 140//1827
f 2910//1828 139//1828 2911//1828
f 2923//1829 188//1829 2924//1829
f 2923//887 187//887 188//887
f 187//1830 2923//1830 2922//1830
f 2922//1831 186//1831 187//1831
f 2921//1832 186//1832 2922//1832
f 2921//1833 185//1833 186//1833
f 184//1834 185//1834 2921//1834
f 2921//1835 183//1835 184//1835
f 183//1836 2921//1836 2920//1836
f 219//1837 2888//1837 2887//1837
f 2888//1838 219//1838 221//1838
f 2888//1839 221//1839 220//1839
f 222//46 2888//46 220//46
f 2888//1840 222//1840 2889//1840
f 2887//1841 218//1841 219//1841
f 217//1842 2887//1842 2886//1842
f 2887//1842 217//1842 218//1842
f 2932//1843 204//1843 205//1843
f 205//779 2881//779 2932//779
f 205//1844 206//1844 2881//1844
f 2885//906 214//906 216//906
f 215//1845 2885//1845 216//1845
f 2885//1846 215//1846 2886//1846
f 212//1847 2885//1847 2884//1847
f 2885//1848 212//1848 213//1848
f 213//1849 214//1849 2885//1849
f 2884//1850 211//1850 212//1850
f 2883//1851 210//1851 211//1851
f 2883//1852 211//1852 2884//1852
f 209//917 2883//917 2882//917
f 209//1852 210//1852 2883//1852
f 2858//1853 369//1853 2893//1853
f 356//1854 369//1854 2858//1854
f 356//1855 2858//1855 357//1855
f 357//1856 2858//1856 2857//1856
f 357//1857 2857//1857 368//1857
f 359//1858 367//1858 2856//1858
f 368//1859 2856//1859 367//1859
f 2856//1860 368//1860 2857//1860
f 358//1861 2856//1861 2855//1861
f 2856//1862 358//1862 360//1862
f 359//1863 2856//1863 360//1863
f 362//1864 2853//1864 364//1864
f 362//930 2854//930 2853//930
f 361//1865 2854//1865 362//1865
f 363//1866 364//1866 2852//1866
f 2852//1867 364//1867 2853//1867
f 108//1868 2852//1868 2851//1868
f 363//1869 2852//1869 108//1869
f 108//1870 2851//1870 106//1870
f 109//1871 106//1871 2850//1871
f 2850//1872 106//1872 2851//1872
f 159//1873 2879//1873 157//1873
f 158//1874 2879//1874 159//1874
f 2879//946 158//946 2880//946
f 2879//1875 160//1875 161//1875
f 160//1876 2879//1876 2878//1876
f 157//1877 2879//1877 161//1877
f 160//1878 2878//1878 168//1878
f 169//1879 2877//1879 170//1879
f 168//1880 2877//1880 169//1880
f 2877//1879 168//1879 2878//1879
f 2877//1881 172//1881 171//1881
f 172//1879 2877//1879 2876//1879
f 170//1882 2877//1882 171//1882
f 144//1883 2908//1883 145//1883
f 143//1884 2908//1884 144//1884
f 2908//954 143//954 2909//954
f 147//1885 2908//1885 2907//1885
f 2908//1886 147//1886 146//1886
f 145//1887 2908//1887 146//1887
f 147//1888 2907//1888 149//1888
f 150//1889 2906//1889 148//1889
f 149//1890 2906//1890 150//1890
f 2906//1891 149//1891 2907//1891
f 111//1892 2849//1892 112//1892
f 111//939 2850//939 2849//939
f 2850//1893 111//1893 110//1893
f 109//1871 2850//1871 110//1871
f 2896//966 347//966 2897//966
f 347//1894 2896//1894 348//1894
f 349//1895 348//1895 2896//1895
f 349//1896 2896//1896 350//1896
f 350//971 2896//971 2895//971
f 350//972 2895//972 351//972
f 2894//973 351//973 2895//973
f 351//1897 2894//1897 352//1897
f 353//1898 352//1898 2894//1898
f 353//1898 2894//1898 355//1898
f 2894//1899 354//1899 355//1899
f 354//1900 2894//1900 2893//1900
f 162//1901 2905//1901 153//1901
f 2906//1902 162//1902 151//1902
f 162//1903 2906//1903 2905//1903
f 148//1904 2906//1904 151//1904
f 202//1905 2931//1905 2930//1905
f 2931//1906 202//1906 203//1906
f 204//1907 2931//1907 203//1907
f 2931//1908 204//1908 2932//1908
f 2930//1909 201//1909 202//1909
f 2929//1910 199//1910 200//1910
f 201//1911 2929//1911 200//1911
f 2929//990 201//990 2930//990
f 198//1912 2929//1912 2928//1912
f 198//1913 199//1913 2929//1913
f 113//1914 112//1914 2848//1914
f 2848//1915 112//1915 2849//1915
f 115//1916 2848//1916 2847//1916
f 2848//1917 115//1917 114//1917
f 113//1918 2848//1918 114//1918
f 115//1919 2847//1919 116//1919
f 117//1920 116//1920 2846//1920
f 2846//1921 116//1921 2847//1921
f 117//1922 2846//1922 118//1922
f 118//1923 2844//1923 119//1923
f 2844//1924 118//1924 2846//1924
f 119//1925 2844//1925 120//1925
f 121//1926 2845//1926 122//1926
f 120//1927 2845//1927 121//1927
f 2845//1928 120//1928 2844//1928
f 123//1006 2845//1006 2917//1006
f 122//1929 2845//1929 123//1929
f 2900//1007 339//1007 2901//1007
f 340//1009 339//1009 2900//1009
f 340//1010 2900//1010 341//1010
f 2900//1930 342//1930 341//1930
f 342//1012 2900//1012 2899//1012
f 342//1013 2899//1013 343//1013
f 2898//1016 343//1016 2899//1016
f 344//1016 343//1016 2898//1016
f 344//1931 2898//1931 345//1931
f 2898//1932 346//1932 345//1932
f 346//1931 2898//1931 2897//1931
f 642//1133 4//1133 625//1133
f 4//1133 642//1133 21//1133
f 23//1132 296//1132 37//1132
f 296//1132 23//1132 302//1132
f 34//1132 2933//1132 1781//1132
f 34//1132 2934//1132 2933//1132
f 35//1132 2934//1132 34//1132
f 2934//1132 35//1132 2935//1132
f 2935//1132 35//1132 2936//1132
f 2936//1132 35//1132 2937//1132
f 2938//1933 35//1933 2939//1933
f 2940//1132 35//1132 2938//1132
f 2937//1132 35//1132 2940//1132
f 2941//1132 290//1132 1787//1132
f 2942//1132 290//1132 2941//1132
f 2943//1132 290//1132 2942//1132
f 2944//1132 290//1132 2943//1132
f 294//1132 2944//1132 2945//1132
f 294//1132 2945//1132 2946//1132
f 294//1132 2946//1132 2947//1132
f 2944//1132 294//1132 290//1132
f 2948//1132 294//1132 2947//1132
f 2939//1132 294//1132 2948//1132
f 294//1934 2939//1934 35//1934
f 302//1148 2949//1148 642//1148
f 302//1166 2950//1166 2949//1166
f 302//1148 2951//1148 2950//1148
f 302//1148 2952//1148 2951//1148
f 302//1166 2953//1166 2952//1166
f 302//1148 2954//1148 2953//1148
f 302//1148 2955//1148 2954//1148
f 23//1148 2955//1148 302//1148
f 2955//1148 23//1148 2956//1148
f 2957//1935 23//1935 2958//1935
f 2959//1148 23//1148 2957//1148
f 2960//1148 23//1148 2959//1148
f 2961//1148 23//1148 2960//1148
f 2962//1936 23//1936 2961//1936
f 2956//1937 23//1937 2962//1937
f 2963//1938 642//1938 2949//1938
f 2964//1939 642//1939 2963//1939
f 2965//1148 642//1148 2964//1148
f 2966//1148 642//1148 2965//1148
f 2967//1936 642//1936 2966//1936
f 2968//1148 642//1148 2967//1148
f 21//1148 2968//1148 2969//1148
f 21//1155 2969//1155 2970//1155
f 21//1148 2958//1148 23//1148
f 2968//1148 21//1148 642//1148
f 2971//1148 21//1148 2970//1148
f 2972//1148 21//1148 2971//1148
f 2973//1148 21//1148 2972//1148
f 2958//1166 21//1166 2973//1166
f 2974//1148 1038//1148 1145//1148
f 1038//1148 2974//1148 640//1148
f 2975//1148 640//1148 2974//1148
f 2976//1148 640//1148 2975//1148
f 2977//1148 640//1148 2976//1148
f 2978//1148 640//1148 2977//1148
f 2979//1148 640//1148 2978//1148
f 2980//1148 640//1148 2979//1148
f 2981//1148 640//1148 2980//1148
f 2982//1155 640//1155 2981//1155
f 2983//1148 640//1148 2982//1148
f 52//1148 2984//1148 1147//1148
f 19//1148 2984//1148 52//1148
f 2984//1148 19//1148 2985//1148
f 2985//1148 19//1148 2986//1148
f 2986//1148 19//1148 2987//1148
f 2983//1153 19//1153 640//1153
f 2988//1151 19//1151 2983//1151
f 2989//1148 19//1148 2988//1148
f 2990//1148 19//1148 2989//1148
f 2987//1148 19//1148 2990//1148
f 20//1132 640//1132 19//1132
f 640//1132 20//1132 641//1132
f 641//1136 2991//1136 297//1136
f 641//1136 2992//1136 2991//1136
f 641//1940 2993//1940 2992//1940
f 641//1941 2994//1941 2993//1941
f 641//1136 2995//1136 2994//1136
f 641//1136 2996//1136 2995//1136
f 641//1136 2997//1136 2996//1136
f 641//1942 2998//1942 2997//1942
f 641//1943 2999//1943 2998//1943
f 641//1136 3000//1136 2999//1136
f 641//1147 3001//1147 3000//1147
f 641//1944 3002//1944 3001//1944
f 20//1136 3003//1136 3004//1136
f 3005//1142 20//1142 3006//1142
f 3007//1143 20//1143 3005//1143
f 3003//1146 20//1146 3007//1146
f 3008//1136 20//1136 3004//1136
f 3009//1942 20//1942 3008//1942
f 3010//1146 20//1146 3009//1146
f 3011//1945 20//1945 3010//1945
f 3002//1946 20//1946 3011//1946
f 20//1947 3002//1947 641//1947
f 3012//1948 297//1948 2991//1948
f 3013//1136 297//1136 3012//1136
f 3014//1136 297//1136 3013//1136
f 3015//1949 297//1949 3014//1949
f 3016//1142 297//1142 3015//1142
f 3017//1147 297//1147 3016//1147
f 3018//1942 297//1942 3017//1942
f 3019//1136 297//1136 3018//1136
f 3020//1950 297//1950 3019//1950
f 3021//1136 297//1136 3020//1136
f 22//1951 3022//1951 3023//1951
f 22//1136 3006//1136 20//1136
f 3006//1136 22//1136 3024//1136
f 3024//1145 22//1145 3025//1145
f 3025//1952 22//1952 3026//1952
f 3021//1953 22//1953 297//1953
f 3027//1954 22//1954 3021//1954
f 3028//1950 22//1950 3027//1950
f 3029//1955 22//1955 3028//1955
f 3030//1146 22//1146 3029//1146
f 3022//1145 22//1145 3030//1145
f 3026//1136 22//1136 3023//1136
f 297//1133 36//1133 295//1133
f 36//1133 297//1133 22//1133
f 3031//2 3032//2 3033//2
f 3034//2 3032//2 3031//2
f 3034//2 3035//2 3032//2
f 3036//28 3035//28 3034//28
f 3036//2 3037//2 3035//2
f 3038//28 3037//28 3036//28
f 3038//2 3039//2 3037//2
f 3040//2 3039//2 3038//2
f 3040//2 3041//2 3039//2
f 3042//2 3041//2 3040//2
f 3042//2 3043//2 3041//2
f 3044//2 3043//2 3042//2
f 3044//2 3045//2 3043//2
f 3046//2 3045//2 3044//2
f 3046//2 3047//2 3045//2
f 3048//2 3047//2 3046//2
f 3048//2 3049//2 3047//2
f 3050//28 3049//28 3048//28
f 3050//2 3051//2 3049//2
f 3052//2 3051//2 3050//2
f 3052//2 3053//2 3051//2
f 3053//2 3052//2 3054//2
f 3055//1956 3056//1956 3032//1956
f 3055//1957 3032//1957 3035//1957
f 3057//57 3055//57 3035//57
f 3057//1958 3035//1958 3037//1958
f 3058//1959 3057//1959 3037//1959
f 3058//1959 3037//1959 3039//1959
f 3059//1960 3058//1960 3039//1960
f 3059//1961 3039//1961 3041//1961
f 3059//1962 3041//1962 3060//1962
f 3041//1963 3043//1963 3060//1963
f 3060//1964 3043//1964 3061//1964
f 3043//1965 3045//1965 3061//1965
f 3061//1966 3045//1966 3062//1966
f 3045//1019 3047//1019 3062//1019
f 3062//68 3047//68 3063//68
f 3047//1967 3049//1967 3063//1967
f 3063//70 3049//70 3064//70
f 3049//1968 3051//1968 3064//1968
f 3064//1185 3051//1185 3065//1185
f 3051//71 3053//71 3065//71
f 3065//1969 3053//1969 3066//1969
f 3053//1970 3054//1970 3066//1970
f 3054//1189 3067//1189 3066//1189
f 3054//1971 3052//1971 3067//1971
f 3052//1972 3068//1972 3067//1972
f 3052//77 3050//77 3068//77
f 3050//1973 3069//1973 3068//1973
f 3050//1974 3048//1974 3069//1974
f 3048//1975 3070//1975 3069//1975
f 3048//1976 3046//1976 3070//1976
f 3046//1977 3071//1977 3070//1977
f 3046//1978 3044//1978 3071//1978
f 3044//1979 3072//1979 3071//1979
f 3042//1980 3072//1980 3044//1980
f 3073//1981 3072//1981 3042//1981
f 3040//87 3073//87 3042//87
f 3074//1982 3073//1982 3040//1982
f 3038//1983 3074//1983 3040//1983
f 3075//1984 3074//1984 3038//1984
f 3036//1985 3075//1985 3038//1985
f 3076//1986 3075//1986 3036//1986
f 3034//1987 3076//1987 3036//1987
f 3077//1988 3076//1988 3034//1988
f 3031//94 3077//94 3034//94
f 3078//1209 3077//1209 3031//1209
f 3033//1989 3078//1989 3031//1989
f 3056//1990 3078//1990 3033//1990
f 3056//1991 3033//1991 3032//1991
f 3077//2 3079//2 3080//2
f 3079//2 3078//2 3081//2
f 3077//2 3080//2 3082//2
f 3056//2 3081//2 3078//2
f 3076//2 3082//2 3083//2
f 3081//2 3056//2 3084//2
f 3075//2 3083//2 3085//2
f 3084//2 3056//2 3086//2
f 3055//2 3086//2 3056//2
f 3079//2 3077//2 3078//2
f 3074//2 3085//2 3087//2
f 3082//2 3076//2 3077//2
f 3083//2 3075//2 3076//2
f 3074//2 3087//2 3088//2
f 3085//2 3074//2 3075//2
f 3073//2 3088//2 3089//2
f 3088//2 3073//2 3074//2
f 3072//2 3089//2 3090//2
f 3089//2 3072//2 3073//2
f 3091//2 3072//2 3090//2
f 3072//2 3091//2 3071//2
f 3092//2 3071//2 3091//2
f 3071//2 3092//2 3070//2
f 3093//2 3070//2 3092//2
f 3094//2 3070//2 3093//2
f 3070//2 3094//2 3069//2
f 3095//2 3069//2 3094//2
f 3069//2 3095//2 3068//2
f 3096//2 3068//2 3095//2
f 3086//2 3055//2 3097//2
f 3057//2 3097//2 3055//2
f 3097//2 3057//2 3098//2
f 3058//2 3098//2 3057//2
f 3098//2 3058//2 3099//2
f 3099//2 3058//2 3100//2
f 3059//2 3100//2 3058//2
f 3100//2 3059//2 3101//2
f 3060//2 3101//2 3059//2
f 3060//2 3102//2 3101//2
f 3103//2 3060//2 3061//2
f 3060//2 3103//2 3102//2
f 3104//2 3061//2 3062//2
f 3061//2 3104//2 3103//2
f 3105//2 3062//2 3063//2
f 3106//2 3063//2 3064//2
f 3062//2 3107//2 3104//2
f 3108//2 3064//2 3065//2
f 3109//2 3065//2 3066//2
f 3068//2 3096//2 3067//2
f 3062//2 3105//2 3107//2
f 3110//2 3067//2 3096//2
f 3063//2 3106//2 3105//2
f 3111//2 3067//2 3110//2
f 3064//2 3108//2 3106//2
f 3067//2 3111//2 3066//2
f 3065//2 3112//2 3108//2
f 3109//2 3066//2 3111//2
f 3065//2 3109//2 3112//2
f 3079//151 3113//151 3080//151
f 3113//1992 3114//1992 3080//1992
f 3080//101 3114//101 3082//101
f 3114//1211 3115//1211 3082//1211
f 3082//1993 3115//1993 3083//1993
f 3115//1994 3116//1994 3083//1994
f 3083//1994 3116//1994 3085//1994
f 3116//106 3117//106 3085//106
f 3085//1214 3117//1214 3087//1214
f 3117//1995 3118//1995 3087//1995
f 3087//1996 3118//1996 3088//1996
f 3088//1997 3118//1997 3119//1997
f 3088//1217 3119//1217 3089//1217
f 3089//1998 3119//1998 3120//1998
f 3089//1999 3120//1999 3090//1999
f 3090//2000 3120//2000 3121//2000
f 3091//2001 3090//2001 3121//2001
f 3091//2002 3121//2002 3122//2002
f 3092//1221 3091//1221 3122//1221
f 3092//1222 3122//1222 3123//1222
f 3093//2003 3092//2003 3123//2003
f 3093//116 3123//116 3124//116
f 3094//1224 3093//1224 3124//1224
f 3094//1226 3124//1226 3125//1226
f 3095//1226 3094//1226 3125//1226
f 3095//2004 3125//2004 3126//2004
f 3096//2005 3095//2005 3126//2005
f 3096//2006 3126//2006 3127//2006
f 3110//120 3096//120 3127//120
f 3110//122 3127//122 3128//122
f 3111//122 3110//122 3128//122
f 3128//124 3109//124 3111//124
f 3109//124 3128//124 3129//124
f 3130//125 3109//125 3129//125
f 3112//1230 3109//1230 3130//1230
f 3131//127 3112//127 3130//127
f 3108//127 3112//127 3131//127
f 3132//2007 3108//2007 3131//2007
f 3106//2008 3108//2008 3132//2008
f 3133//1234 3106//1234 3132//1234
f 3105//1234 3106//1234 3133//1234
f 3134//1236 3105//1236 3133//1236
f 3107//1236 3105//1236 3134//1236
f 3135//1237 3107//1237 3134//1237
f 3104//2009 3107//2009 3135//2009
f 3136//135 3104//135 3135//135
f 3136//2010 3103//2010 3104//2010
f 3137//2011 3103//2011 3136//2011
f 3137//2012 3102//2012 3103//2012
f 3138//137 3102//137 3137//137
f 3138//2013 3101//2013 3102//2013
f 3138//138 3139//138 3101//138
f 3139//2014 3100//2014 3101//2014
f 3139//140 3140//140 3100//140
f 3140//2015 3099//2015 3100//2015
f 3140//1248 3141//1248 3099//1248
f 3141//1248 3098//1248 3099//1248
f 3141//2016 3142//2016 3098//2016
f 3142//2016 3097//2016 3098//2016
f 3142//2017 3143//2017 3097//2017
f 3143//2018 3086//2018 3097//2018
f 3143//146 3144//146 3086//146
f 3144//146 3084//146 3086//146
f 3144//149 3145//149 3084//149
f 3145//1035 3081//1035 3084//1035
f 3081//150 3146//150 3079//150
f 3146//150 3081//150 3145//150
f 3146//151 3113//151 3079//151
f 3147//152 3117//152 3116//152
f 3117//153 3147//153 3148//153
f 3115//2019 3147//2019 3116//2019
f 3147//2019 3115//2019 3149//2019
f 3114//1255 3149//1255 3115//1255
f 3149//2020 3114//2020 3150//2020
f 3113//156 3150//156 3114//156
f 3150//156 3113//156 3151//156
f 3146//158 3151//158 3113//158
f 3151//158 3146//158 3152//158
f 3145//48 3152//48 3146//48
f 3152//48 3145//48 3153//48
f 3144//2021 3153//2021 3145//2021
f 3153//2021 3144//2021 3154//2021
f 3143//2022 3154//2022 3144//2022
f 3154//160 3143//160 3155//160
f 3142//2023 3155//2023 3143//2023
f 3155//2024 3142//2024 3156//2024
f 3141//2025 3156//2025 3142//2025
f 3156//2025 3141//2025 3157//2025
f 3158//2026 3141//2026 3140//2026
f 3141//2027 3158//2027 3157//2027
f 3159//2028 3140//2028 3139//2028
f 3140//2028 3159//2028 3158//2028
f 3160//166 3139//166 3138//166
f 3139//166 3160//166 3159//166
f 3161//322 3138//322 3137//322
f 3138//322 3161//322 3160//322
f 3162//2029 3137//2029 3136//2029
f 3137//2029 3162//2029 3161//2029
f 3163//169 3136//169 3135//169
f 3136//169 3163//169 3162//169
f 3164//1266 3135//1266 3134//1266
f 3135//1266 3164//1266 3163//1266
f 3165//2030 3134//2030 3133//2030
f 3134//2031 3165//2031 3164//2031
f 3165//1268 3132//1268 3166//1268
f 3132//1268 3165//1268 3133//1268
f 3166//2032 3131//2032 3167//2032
f 3131//2033 3166//2033 3132//2033
f 3167//174 3130//174 3168//174
f 3130//174 3167//174 3131//174
f 3168//176 3129//176 3169//176
f 3129//2034 3168//2034 3130//2034
f 3169//49 3128//49 3170//49
f 3128//49 3169//49 3129//49
f 3170//177 3127//177 3171//177
f 3127//177 3170//177 3128//177
f 3171//2035 3126//2035 3172//2035
f 3126//2035 3171//2035 3127//2035
f 3172//2036 3125//2036 3173//2036
f 3125//2037 3172//2037 3126//2037
f 3173//1274 3124//1274 3174//1274
f 3124//1274 3173//1274 3125//1274
f 3175//181 3124//181 3123//181
f 3124//181 3175//181 3174//181
f 3176//1277 3123//1277 3122//1277
f 3123//1277 3176//1277 3175//1277
f 3177//2038 3122//2038 3121//2038
f 3122//2038 3177//2038 3176//2038
f 3178//2039 3121//2039 3120//2039
f 3121//2040 3178//2040 3177//2040
f 3179//2041 3120//2041 3119//2041
f 3120//2041 3179//2041 3178//2041
f 3180//2042 3119//2042 3118//2042
f 3119//2042 3180//2042 3179//2042
f 3148//2043 3118//2043 3117//2043
f 3118//2043 3148//2043 3180//2043
f 3181//2044 3182//2044 3164//2044
f 3182//1038 3183//1038 3164//1038
f 3183//192 3163//192 3164//192
f 3183//1039 3184//1039 3163//1039
f 3184//2045 3185//2045 3163//2045
f 3176//1284 3186//1284 3175//1284
f 3179//227 3180//227 3187//227
f 3154//1041 3155//1041 3188//1041
f 3149//197 3150//197 3189//197
f 3174//219 3190//219 3173//219
f 3190//2046 3191//2046 3173//2046
f 3173//200 3191//200 3172//200
f 3192//2047 3165//2047 3166//2047
f 3192//2048 3181//2048 3165//2048
f 3181//1281 3164//1281 3165//1281
f 3151//2049 3152//2049 3193//2049
f 3152//2050 3194//2050 3193//2050
f 3195//2051 3161//2051 3162//2051
f 3195//2052 3196//2052 3161//2052
f 3196//207 3160//207 3161//207
f 3197//2053 3160//2053 3196//2053
f 3159//1045 3160//1045 3197//1045
f 3191//2054 3198//2054 3172//2054
f 3198//213 3199//213 3172//213
f 3172//2055 3199//2055 3171//2055
f 3199//214 3200//214 3171//214
f 3186//2056 3201//2056 3175//2056
f 3201//2057 3202//2057 3175//2057
f 3175//2058 3202//2058 3174//2058
f 3202//2059 3203//2059 3174//2059
f 3203//198 3190//198 3174//198
f 3171//1301 3204//1301 3170//1301
f 3200//1301 3204//1301 3171//1301
f 3204//2060 3205//2060 3170//2060
f 3206//223 3170//223 3205//223
f 3170//223 3206//223 3169//223
f 3206//1304 3207//1304 3169//1304
f 3207//225 3168//225 3169//225
f 3207//1305 3208//1305 3168//1305
f 3179//2061 3187//2061 3209//2061
f 3179//2062 3209//2062 3210//2062
f 3178//2063 3179//2063 3210//2063
f 3178//2064 3210//2064 3211//2064
f 3178//2065 3211//2065 3177//2065
f 3211//2066 3212//2066 3177//2066
f 3177//231 3212//231 3176//231
f 3212//2067 3213//2067 3176//2067
f 3213//234 3186//234 3176//234
f 3214//2068 3159//2068 3197//2068
f 3215//236 3159//236 3214//236
f 3158//2069 3159//2069 3215//2069
f 3216//238 3158//238 3215//238
f 3217//2070 3167//2070 3168//2070
f 3208//240 3217//240 3168//240
f 3157//2071 3158//2071 3218//2071
f 3218//2072 3158//2072 3216//2072
f 3219//2073 3157//2073 3218//2073
f 3220//2074 3157//2074 3219//2074
f 3156//244 3157//244 3220//244
f 3221//2075 3156//2075 3220//2075
f 3155//2076 3156//2076 3221//2076
f 3222//2076 3155//2076 3221//2076
f 3188//2077 3155//2077 3222//2077
f 3149//2078 3189//2078 3223//2078
f 3149//1323 3223//1323 3224//1323
f 3147//251 3149//251 3224//251
f 3147//2079 3224//2079 3225//2079
f 3148//2080 3147//2080 3225//2080
f 3151//2049 3193//2049 3226//2049
f 3151//256 3226//256 3227//256
f 3150//258 3151//258 3227//258
f 3150//2081 3227//2081 3228//2081
f 3150//2082 3228//2082 3189//2082
f 3148//1325 3225//1325 3229//1325
f 3148//2083 3229//2083 3230//2083
f 3180//2084 3148//2084 3230//2084
f 3180//263 3230//263 3231//263
f 3180//2085 3231//2085 3187//2085
f 3185//265 3162//265 3163//265
f 3185//2086 3232//2086 3162//2086
f 3232//206 3195//206 3162//206
f 3217//239 3233//239 3167//239
f 3233//1335 3234//1335 3167//1335
f 3234//2087 3166//2087 3167//2087
f 3234//2088 3235//2088 3166//2088
f 3235//2089 3192//2089 3166//2089
f 3236//272 3154//272 3188//272
f 3237//1339 3154//1339 3236//1339
f 3153//274 3154//274 3237//274
f 3238//2090 3153//2090 3237//2090
f 3152//276 3238//276 3194//276
f 3238//276 3152//276 3153//276
f 3230//2091 3239//2091 3231//2091
f 3229//2092 3239//2092 3230//2092
f 3229//2093 3240//2093 3239//2093
f 3225//2094 3240//2094 3229//2094
f 3224//2095 3240//2095 3225//2095
f 3203//1346 3241//1346 3242//1346
f 3198//1347 3242//1347 3243//1347
f 3244//2096 3182//2096 3245//2096
f 3246//2097 3220//2097 3219//2097
f 3245//2098 3235//2098 3247//2098
f 3248//287 3196//287 3249//287
f 3226//2099 3250//2099 3251//2099
f 3213//2100 3252//2100 3253//2100
f 3208//1353 3207//1353 3254//1353
f 3255//1354 3208//1354 3254//1354
f 3254//2101 3207//2101 3206//2101
f 3256//293 3206//293 3205//293
f 3206//293 3256//293 3254//293
f 3257//2102 3184//2102 3244//2102
f 3184//2103 3183//2103 3244//2103
f 3244//2104 3183//2104 3182//2104
f 3204//2105 3256//2105 3205//2105
f 3204//1360 3200//1360 3256//1360
f 3200//2106 3243//2106 3256//2106
f 3199//2107 3243//2107 3200//2107
f 3199//1363 3198//1363 3243//1363
f 3187//2108 3258//2108 3209//2108
f 3209//2109 3258//2109 3259//2109
f 3260//2110 3214//2110 3248//2110
f 3248//2111 3214//2111 3197//2111
f 3248//2112 3197//2112 3196//2112
f 3189//2113 3261//2113 3223//2113
f 3228//2114 3261//2114 3189//2114
f 3228//2115 3251//2115 3261//2115
f 3227//2116 3251//2116 3228//2116
f 3226//2117 3251//2117 3227//2117
f 3262//2118 3216//2118 3260//2118
f 3260//2119 3216//2119 3215//2119
f 3260//1375 3215//1375 3214//1375
f 3246//2120 3219//2120 3262//2120
f 3262//2121 3219//2121 3218//2121
f 3262//2122 3218//2122 3216//2122
f 3224//2123 3223//2123 3240//2123
f 3223//2124 3261//2124 3240//2124
f 3263//2125 3238//2125 3237//2125
f 3238//321 3250//321 3194//321
f 3250//321 3238//321 3263//321
f 3196//2126 3195//2126 3249//2126
f 3249//2127 3195//2127 3232//2127
f 3249//2128 3232//2128 3257//2128
f 3232//2129 3185//2129 3257//2129
f 3257//2130 3185//2130 3184//2130
f 3191//1386 3242//1386 3198//1386
f 3191//2131 3190//2131 3242//2131
f 3190//2132 3203//2132 3242//2132
f 3202//1389 3241//1389 3203//1389
f 3202//2133 3201//2133 3241//2133
f 3201//2134 3253//2134 3241//2134
f 3186//2135 3253//2135 3201//2135
f 3186//2136 3213//2136 3253//2136
f 3212//2137 3252//2137 3213//2137
f 3212//2138 3211//2138 3252//2138
f 3211//2139 3259//2139 3252//2139
f 3210//2140 3259//2140 3211//2140
f 3210//2141 3209//2141 3259//2141
f 3263//2142 3236//2142 3264//2142
f 3263//2143 3237//2143 3236//2143
f 3231//2144 3239//2144 3258//2144
f 3231//2145 3258//2145 3187//2145
f 3182//2146 3181//2146 3245//2146
f 3245//2147 3181//2147 3192//2147
f 3245//2148 3192//2148 3235//2148
f 3264//2149 3236//2149 3188//2149
f 3264//2150 3188//2150 3222//2150
f 3264//2151 3222//2151 3246//2151
f 3246//2152 3222//2152 3221//2152
f 3246//2153 3221//2153 3220//2153
f 3193//2154 3250//2154 3226//2154
f 3194//2155 3250//2155 3193//2155
f 3235//2156 3234//2156 3247//2156
f 3247//1413 3234//1413 3233//1413
f 3247//1414 3233//1414 3255//1414
f 3233//1415 3217//1415 3255//1415
f 3255//2157 3217//2157 3208//2157
f 3250//2 3265//2 3266//2
f 3265//2 3250//2 3267//2
f 3251//2 3266//2 3268//2
f 3263//2 3267//2 3250//2
f 3261//2 3268//2 3269//2
f 3267//2 3263//2 3270//2
f 3240//2 3269//2 3271//2
f 3264//2 3270//2 3263//2
f 3270//2 3264//2 3272//2
f 3266//2 3251//2 3250//2
f 3240//2 3271//2 3273//2
f 3268//2 3261//2 3251//2
f 3269//2 3240//2 3261//2
f 3239//2 3273//2 3274//2
f 3273//2 3239//2 3240//2
f 3258//2 3274//2 3275//2
f 3274//2 3258//2 3239//2
f 3259//2 3275//2 3276//2
f 3275//2 3259//2 3258//2
f 3277//2 3259//2 3276//2
f 3259//2 3277//2 3252//2
f 3278//2 3252//2 3277//2
f 3252//2 3278//2 3253//2
f 3279//2 3253//2 3278//2
f 3253//2 3279//2 3241//2
f 3280//2 3241//2 3279//2
f 3281//2 3241//2 3280//2
f 3241//2 3281//2 3242//2
f 3242//2 3282//2 3243//2
f 3282//2 3242//2 3281//2
f 3246//2 3272//2 3264//2
f 3272//2 3246//2 3283//2
f 3262//2 3283//2 3246//2
f 3283//2 3262//2 3284//2
f 3284//2 3262//2 3285//2
f 3260//2 3285//2 3262//2
f 3285//2 3260//2 3286//2
f 3248//2 3286//2 3260//2
f 3286//2 3248//2 3287//2
f 3249//2 3287//2 3248//2
f 3249//2 3288//2 3287//2
f 3289//2 3249//2 3257//2
f 3249//2 3289//2 3288//2
f 3290//2 3257//2 3244//2
f 3257//2 3290//2 3289//2
f 3291//2 3244//2 3245//2
f 3292//2 3245//2 3247//2
f 3244//2 3291//2 3290//2
f 3293//2 3247//2 3255//2
f 3294//2 3255//2 3254//2
f 3295//2 3243//2 3282//2
f 3245//2 3296//2 3291//2
f 3243//2 3295//2 3256//2
f 3245//2 3292//2 3296//2
f 3297//2 3256//2 3295//2
f 3247//2 3293//2 3292//2
f 3256//2 3297//2 3254//2
f 3255//2 3294//2 3293//2
f 3298//2 3254//2 3297//2
f 3254//2 3298//2 3294//2
f 3299//2158 3270//2158 3300//2158
f 3301//2159 3270//2159 3299//2159
f 3301//2160 3267//2160 3270//2160
f 3302//2161 3267//2161 3301//2161
f 3303//2162 3267//2162 3302//2162
f 3304//2163 3285//2163 3286//2163
f 3280//1420 3305//1420 3281//1420
f 3300//2164 3270//2164 3272//2164
f 3278//2136 3306//2136 3279//2136
f 3265//2165 3307//2165 3266//2165
f 3308//2166 3288//2166 3289//2166
f 3274//2167 3309//2167 3275//2167
f 3310//2168 3292//2168 3293//2168
f 3271//2169 3311//2169 3273//2169
f 3312//2170 3290//2170 3291//2170
f 3313//1430 3284//1430 3314//1430
f 3314//2171 3284//2171 3285//2171
f 3314//1427 3285//1427 3315//1427
f 3315//374 3285//374 3304//374
f 3316//2172 3283//2172 3284//2172
f 3316//2173 3284//2173 3313//2173
f 3306//379 3317//379 3279//379
f 3279//1431 3317//1431 3318//1431
f 3279//1432 3318//1432 3280//1432
f 3318//1434 3319//1434 3280//1434
f 3280//2174 3319//2174 3305//2174
f 3320//383 3286//383 3287//383
f 3321//2175 3286//2175 3320//2175
f 3304//2176 3286//2176 3321//2176
f 3322//2177 3323//2177 3282//2177
f 3281//1438 3322//1438 3282//1438
f 3281//1439 3324//1439 3322//1439
f 3305//1440 3324//1440 3281//1440
f 3282//2178 3325//2178 3295//2178
f 3282//2179 3323//2179 3325//2179
f 3277//2180 3326//2180 3278//2180
f 3326//2181 3327//2181 3278//2181
f 3278//394 3327//394 3306//394
f 3328//2182 3283//2182 3316//2182
f 3329//2183 3283//2183 3328//2183
f 3329//1446 3272//1446 3283//1446
f 3330//398 3272//398 3329//398
f 3300//399 3272//399 3330//399
f 3331//2184 3294//2184 3298//2184
f 3332//1449 3331//1449 3298//1449
f 3265//2185 3303//2185 3333//2185
f 3303//2185 3265//2185 3267//2185
f 3265//2186 3333//2186 3334//2186
f 3265//2187 3334//2187 3307//2187
f 3332//1451 3298//1451 3335//1451
f 3335//406 3297//406 3336//406
f 3297//406 3335//406 3298//406
f 3337//2188 3288//2188 3308//2188
f 3338//2189 3288//2189 3337//2189
f 3338//2190 3287//2190 3288//2190
f 3339//2191 3287//2191 3338//2191
f 3320//2192 3287//2192 3339//2192
f 3275//2193 3309//2193 3340//2193
f 3275//2194 3340//2194 3341//2194
f 3275//2195 3341//2195 3276//2195
f 3342//2196 3292//2196 3310//2196
f 3342//2197 3343//2197 3292//2197
f 3343//2198 3296//2198 3292//2198
f 3344//2199 3294//2199 3331//2199
f 3344//1461 3345//1461 3294//1461
f 3345//2200 3293//2200 3294//2200
f 3346//422 3293//422 3345//422
f 3346//421 3310//421 3293//421
f 3268//2201 3347//2201 3348//2201
f 3266//2202 3347//2202 3268//2202
f 3266//2203 3349//2203 3347//2203
f 3266//2204 3307//2204 3349//2204
f 3350//2205 3290//2205 3312//2205
f 3350//2206 3351//2206 3290//2206
f 3351//429 3289//429 3290//429
f 3352//2207 3289//2207 3351//2207
f 3352//2208 3308//2208 3289//2208
f 3273//1472 3311//1472 3353//1472
f 3273//432 3353//432 3354//432
f 3273//2091 3354//2091 3274//2091
f 3274//435 3354//435 3355//435
f 3274//2209 3355//2209 3309//2209
f 3268//2210 3356//2210 3269//2210
f 3268//2211 3348//2211 3356//2211
f 3269//2212 3356//2212 3357//2212
f 3269//2213 3357//2213 3358//2213
f 3269//1479 3358//1479 3271//1479
f 3271//443 3358//443 3359//443
f 3271//1480 3359//1480 3311//1480
f 3360//1483 3296//1483 3343//1483
f 3360//1482 3361//1482 3296//1482
f 3361//1484 3291//1484 3296//1484
f 3362//1485 3291//1485 3361//1485
f 3362//447 3312//447 3291//447
f 3325//1486 3363//1486 3295//1486
f 3295//2214 3363//2214 3364//2214
f 3295//1488 3364//1488 3297//1488
f 3364//1489 3365//1489 3297//1489
f 3297//2215 3365//2215 3336//2215
f 3276//2216 3341//2216 3366//2216
f 3276//2217 3366//2217 3367//2217
f 3276//2218 3367//2218 3277//2218
f 3367//2219 3368//2219 3277//2219
f 3277//2220 3368//2220 3326//2220
f 3369//2221 3337//2221 3370//2221
f 3371//2222 3337//2222 3369//2222
f 3371//2223 3338//2223 3337//2223
f 3371//1499 3372//1499 3338//1499
f 3372//2224 3339//2224 3338//2224
f 3372//2225 3373//2225 3339//2225
f 3373//2226 3320//2226 3339//2226
f 3373//2227 3374//2227 3320//2227
f 3374//2228 3321//2228 3320//2228
f 3374//2229 3375//2229 3321//2229
f 3375//2230 3304//2230 3321//2230
f 3375//1506 3376//1506 3304//1506
f 3376//2231 3315//2231 3304//2231
f 3376//1087 3377//1087 3315//1087
f 3377//2232 3314//2232 3315//2232
f 3377//2233 3378//2233 3314//2233
f 3378//2234 3313//2234 3314//2234
f 3378//2235 3379//2235 3313//2235
f 3379//2236 3316//2236 3313//2236
f 3379//2237 3380//2237 3316//2237
f 3380//2238 3381//2238 3316//2238
f 3341//2239 3382//2239 3366//2239
f 3306//1514 3327//1514 3383//1514
f 3306//2240 3383//2240 3384//2240
f 3317//1516 3306//1516 3384//1516
f 3317//1517 3384//1517 3385//1517
f 3318//1518 3317//1518 3385//1518
f 3318//2241 3385//2241 3386//2241
f 3319//2242 3318//2242 3386//2242
f 3319//1521 3386//1521 3387//1521
f 3305//2243 3319//2243 3387//2243
f 3305//2244 3387//2244 3388//2244
f 3324//491 3305//491 3388//491
f 3324//2245 3388//2245 3389//2245
f 3322//2246 3324//2246 3389//2246
f 3322//2247 3389//2247 3390//2247
f 3322//2247 3390//2247 3391//2247
f 3323//2248 3322//2248 3391//2248
f 3323//2249 3391//2249 3392//2249
f 3325//2250 3323//2250 3392//2250
f 3325//2251 3392//2251 3393//2251
f 3363//2252 3325//2252 3393//2252
f 3363//2253 3393//2253 3394//2253
f 3364//2254 3363//2254 3394//2254
f 3364//2255 3394//2255 3395//2255
f 3365//504 3364//504 3395//504
f 3336//2256 3365//2256 3396//2256
f 3365//1536 3395//1536 3396//1536
f 3343//1537 3342//1537 3397//1537
f 3398//2257 3343//2257 3397//2257
f 3360//2258 3343//2258 3398//2258
f 3399//1540 3360//1540 3398//1540
f 3361//2259 3360//2259 3399//2259
f 3400//2260 3361//2260 3399//2260
f 3362//1543 3361//1543 3400//1543
f 3401//1544 3362//1544 3400//1544
f 3312//1545 3362//1545 3401//1545
f 3402//516 3312//516 3401//516
f 3350//517 3312//517 3402//517
f 3403//1547 3350//1547 3402//1547
f 3351//2261 3350//2261 3403//2261
f 3366//2262 3382//2262 3404//2262
f 3366//2263 3404//2263 3367//2263
f 3367//2264 3404//2264 3405//2264
f 3368//2265 3367//2265 3405//2265
f 3368//2266 3405//2266 3406//2266
f 3368//525 3406//525 3326//525
f 3326//526 3406//526 3407//526
f 3327//1552 3326//1552 3407//1552
f 3327//2267 3407//2267 3408//2267
f 3327//2268 3408//2268 3383//2268
f 3409//1555 3302//1555 3301//1555
f 3409//2269 3410//2269 3302//2269
f 3410//2270 3303//2270 3302//2270
f 3381//2271 3328//2271 3316//2271
f 3381//2272 3411//2272 3328//2272
f 3411//2273 3329//2273 3328//2273
f 3411//2274 3412//2274 3329//2274
f 3412//2275 3330//2275 3329//2275
f 3412//2276 3413//2276 3330//2276
f 3413//2277 3300//2277 3330//2277
f 3413//2278 3414//2278 3300//2278
f 3414//2279 3299//2279 3300//2279
f 3414//2280 3415//2280 3299//2280
f 3415//2281 3301//2281 3299//2281
f 3415//545 3416//545 3301//545
f 3416//545 3409//545 3301//545
f 3417//1568 3333//1568 3303//1568
f 3410//547 3417//547 3303//547
f 3333//2282 3418//2282 3334//2282
f 3417//2283 3418//2283 3333//2283
f 3336//2284 3396//2284 3419//2284
f 3336//2284 3419//2284 3420//2284
f 3335//1572 3336//1572 3420//1572
f 3421//1573 3335//1573 3420//1573
f 3332//2285 3335//2285 3421//2285
f 3422//2286 3332//2286 3421//2286
f 3331//1576 3332//1576 3422//1576
f 3423//2287 3331//2287 3422//2287
f 3344//2288 3331//2288 3423//2288
f 3424//1579 3344//1579 3423//1579
f 3345//1580 3344//1580 3424//1580
f 3425//2289 3345//2289 3424//2289
f 3346//1109 3345//1109 3425//1109
f 3426//2290 3346//2290 3425//2290
f 3310//564 3346//564 3426//564
f 3427//1585 3310//1585 3426//1585
f 3342//2291 3310//2291 3427//2291
f 3428//2292 3342//2292 3427//2292
f 3397//1111 3342//1111 3428//1111
f 3429//1112 3351//1112 3403//1112
f 3430//1589 3351//1589 3429//1589
f 3352//1590 3351//1590 3430//1590
f 3431//2293 3352//2293 3430//2293
f 3308//2294 3352//2294 3431//2294
f 3370//1593 3308//1593 3431//1593
f 3337//2295 3308//2295 3370//2295
f 3418//2296 3432//2296 3334//2296
f 3432//2297 3433//2297 3334//2297
f 3334//578 3433//578 3307//578
f 3433//2298 3434//2298 3307//2298
f 3307//2299 3434//2299 3349//2299
f 3434//2300 3435//2300 3349//2300
f 3349//2301 3435//2301 3347//2301
f 3435//2302 3436//2302 3347//2302
f 3347//2303 3436//2303 3348//2303
f 3436//2304 3437//2304 3348//2304
f 3348//2305 3437//2305 3356//2305
f 3437//2306 3438//2306 3356//2306
f 3356//2307 3438//2307 3357//2307
f 3438//2308 3439//2308 3357//2308
f 3357//590 3439//590 3358//590
f 3439//2309 3440//2309 3358//2309
f 3358//2310 3440//2310 3359//2310
f 3440//2311 3441//2311 3359//2311
f 3359//2312 3441//2312 3311//2312
f 3441//595 3442//595 3311//595
f 3442//2313 3443//2313 3311//2313
f 3311//1120 3443//1120 3353//1120
f 3443//598 3444//598 3353//598
f 3353//2314 3444//2314 3354//2314
f 3444//2315 3445//2315 3354//2315
f 3354//2316 3445//2316 3355//2316
f 3445//2317 3446//2317 3355//2317
f 3355//603 3446//603 3309//603
f 3446//2318 3447//2318 3309//2318
f 3309//1123 3447//1123 3340//1123
f 3447//1614 3448//1614 3340//1614
f 3340//2319 3448//2319 3341//2319
f 3448//2320 3449//2320 3341//2320
f 3341//609 3449//609 3382//609
f 3450//610 3369//610 3451//610
f 3452//611 3369//611 3450//611
f 3452//2321 3371//2321 3369//2321
f 3453//611 3371//611 3452//611
f 3453//2322 3372//2322 3371//2322
f 3453//2323 3454//2323 3372//2323
f 3454//2323 3373//2323 3372//2323
f 3454//613 3455//613 3373//613
f 3455//2324 3374//2324 3373//2324
f 3455//615 3456//615 3374//615
f 3456//615 3375//615 3374//615
f 3456//615 3457//615 3375//615
f 3457//1625 3376//1625 3375//1625
f 3457//1625 3458//1625 3376//1625
f 3458//617 3377//617 3376//617
f 3458//1625 3459//1625 3377//1625
f 3459//620 3378//620 3377//620
f 3459//2325 3460//2325 3378//2325
f 3460//2326 3379//2326 3378//2326
f 3460//2327 3461//2327 3379//2327
f 3461//2328 3380//2328 3379//2328
f 3461//2329 3462//2329 3380//2329
f 3462//624 3381//624 3380//624
f 3462//623 3463//623 3381//623
f 3463//678 3464//678 3381//678
f 3451//2330 3369//2330 3370//2330
f 3383//1632 3408//1632 3465//1632
f 3383//1633 3465//1633 3466//1633
f 3384//2331 3383//2331 3466//2331
f 3384//2332 3466//2332 3467//2332
f 3385//631 3384//631 3467//631
f 3385//2333 3467//2333 3468//2333
f 3386//1637 3385//1637 3468//1637
f 3386//2334 3468//2334 3469//2334
f 3387//634 3386//634 3469//634
f 3387//633 3469//633 3470//633
f 3388//637 3387//637 3470//637
f 3388//636 3470//636 3471//636
f 3389//2335 3388//2335 3471//2335
f 3389//636 3471//636 3472//636
f 3390//1641 3389//1641 3472//1641
f 3390//1641 3472//1641 3473//1641
f 3391//1641 3390//1641 3473//1641
f 3391//639 3473//639 3474//639
f 3392//1643 3391//1643 3474//1643
f 3392//643 3474//643 3475//643
f 3393//1643 3392//1643 3475//1643
f 3393//643 3475//643 3476//643
f 3394//1647 3393//1647 3476//1647
f 3394//1647 3476//1647 3477//1647
f 3395//2336 3394//2336 3477//2336
f 3395//1645 3477//1645 3478//1645
f 3395//651 3478//651 3479//651
f 3396//651 3395//651 3479//651
f 3396//1648 3479//1648 3480//1648
f 3419//1649 3396//1649 3480//1649
f 3419//1650 3480//1650 3481//1650
f 3420//1650 3419//1650 3481//1650
f 3420//654 3481//654 3482//654
f 3421//1651 3420//1651 3482//1651
f 3483//656 3421//656 3482//656
f 3422//659 3421//659 3483//659
f 3484//659 3422//659 3483//659
f 3423//2337 3422//2337 3484//2337
f 3485//660 3423//660 3484//660
f 3424//1652 3423//1652 3485//1652
f 3486//1652 3424//1652 3485//1652
f 3425//2338 3424//2338 3486//2338
f 3445//2339 3487//2339 3446//2339
f 3487//665 3488//665 3446//665
f 3446//2340 3488//2340 3447//2340
f 3488//1656 3489//1656 3447//1656
f 3447//1657 3489//1657 3448//1657
f 3489//1658 3490//1658 3448//1658
f 3448//2341 3490//2341 3449//2341
f 3490//1660 3491//1660 3449//1660
f 3449//669 3491//669 3382//669
f 3491//1660 3492//1660 3382//1660
f 3492//670 3404//670 3382//670
f 3404//670 3492//670 3493//670
f 3404//671 3493//671 3405//671
f 3405//1664 3493//1664 3494//1664
f 3405//2342 3494//2342 3406//2342
f 3406//1664 3494//1664 3495//1664
f 3406//1665 3495//1665 3407//1665
f 3407//1666 3495//1666 3496//1666
f 3408//1667 3407//1667 3496//1667
f 3408//1668 3496//1668 3497//1668
f 3408//1633 3497//1633 3465//1633
f 3426//1654 3425//1654 3498//1654
f 3498//2343 3425//2343 3486//2343
f 3464//677 3411//677 3381//677
f 3464//677 3499//677 3411//677
f 3499//2344 3412//2344 3411//2344
f 3499//1671 3500//1671 3412//1671
f 3500//680 3413//680 3412//680
f 3500//2345 3501//2345 3413//2345
f 3501//1673 3414//1673 3413//1673
f 3501//1674 3502//1674 3414//1674
f 3502//2346 3415//2346 3414//2346
f 3502//2347 3503//2347 3415//2347
f 3503//2348 3416//2348 3415//2348
f 3503//2348 3504//2348 3416//2348
f 3504//2348 3409//2348 3416//2348
f 3504//687 3505//687 3409//687
f 3505//689 3410//689 3409//689
f 3505//689 3506//689 3410//689
f 3506//690 3417//690 3410//690
f 3506//689 3507//689 3417//689
f 3417//693 3507//693 3418//693
f 3507//693 3508//693 3418//693
f 3418//2349 3508//2349 3432//2349
f 3509//1654 3426//1654 3498//1654
f 3510//697 3426//697 3509//697
f 3427//696 3426//696 3510//696
f 3511//696 3427//696 3510//696
f 3428//2350 3427//2350 3511//2350
f 3512//700 3428//700 3511//700
f 3397//700 3428//700 3512//700
f 3513//699 3397//699 3512//699
f 3398//2351 3397//2351 3513//2351
f 3514//705 3398//705 3513//705
f 3399//1684 3398//1684 3514//1684
f 3515//2351 3399//2351 3514//2351
f 3400//2352 3399//2352 3515//2352
f 3516//709 3400//709 3515//709
f 3401//709 3400//709 3516//709
f 3517//708 3401//708 3516//708
f 3402//710 3401//710 3517//710
f 3518//1688 3402//1688 3517//1688
f 3403//1688 3402//1688 3518//1688
f 3519//1688 3403//1688 3518//1688
f 3429//712 3403//712 3519//712
f 3520//712 3429//712 3519//712
f 3430//714 3429//714 3520//714
f 3521//712 3430//712 3520//712
f 3431//2353 3430//2353 3521//2353
f 3522//716 3431//716 3521//716
f 3370//716 3431//716 3522//716
f 3523//2353 3370//2353 3522//2353
f 3451//610 3370//610 3523//610
f 3508//1677 3524//1677 3432//1677
f 3524//2354 3525//2354 3432//2354
f 3432//1691 3525//1691 3433//1691
f 3525//1691 3526//1691 3433//1691
f 3433//2355 3526//2355 3434//2355
f 3526//723 3527//723 3434//723
f 3434//2356 3527//2356 3435//2356
f 3527//2356 3528//2356 3435//2356
f 3435//2357 3528//2357 3436//2357
f 3528//728 3529//728 3436//728
f 3436//1697 3529//1697 3437//1697
f 3529//728 3530//728 3437//728
f 3437//2358 3530//2358 3438//2358
f 3530//731 3531//731 3438//731
f 3438//2358 3531//2358 3439//2358
f 3531//2358 3532//2358 3439//2358
f 3439//733 3532//733 3440//733
f 3532//733 3533//733 3440//733
f 3440//735 3533//735 3441//735
f 3533//733 3534//733 3441//733
f 3441//736 3534//736 3442//736
f 3534//2359 3535//2359 3442//2359
f 3442//2360 3535//2360 3443//2360
f 3535//739 3536//739 3443//739
f 3443//740 3536//740 3444//740
f 3536//2361 3537//2361 3444//2361
f 3444//2362 3537//2362 3445//2362
f 3537//742 3538//742 3445//742
f 3538//665 3487//665 3445//665
f 1017//2363 3510//2363 1015//2363
f 1016//2364 3510//2364 1017//2364
f 3510//1714 1016//1714 3511//1714
f 3510//2365 1030//2365 1029//2365
f 1030//2366 3510//2366 3509//2366
f 1015//2367 3510//2367 1029//2367
f 1030//2368 3509//2368 1019//2368
f 1020//1717 3498//1717 1018//1717
f 1019//2369 3498//2369 1020//2369
f 3498//1718 1019//1718 3509//1718
f 3498//1894 1021//1894 1022//1894
f 1021//2370 3498//2370 3486//2370
f 1018//1721 3498//1721 1022//1721
f 3492//2371 695//2371 696//2371
f 3495//1723 701//1723 702//1723
f 3472//2372 314//2372 316//2372
f 644//2373 3507//2373 926//2373
f 3526//2374 651//2374 652//2374
f 986//1725 3523//1725 987//1725
f 1005//2375 3515//2375 1007//2375
f 338//1727 1035//1727 3482//1727
f 1021//1728 3486//1728 1031//1728
f 945//2376 3499//2376 946//2376
f 3534//765 670//765 672//765
f 935//2377 3503//2377 936//2377
f 3477//1771 328//1771 330//1771
f 329//2378 3477//2378 330//2378
f 3477//2379 329//2379 3478//2379
f 3478//2380 329//2380 331//2380
f 301//2381 3467//2381 3466//2381
f 3467//2382 301//2382 303//2382
f 3467//1736 303//1736 304//1736
f 305//2383 3467//2383 304//2383
f 3467//2384 305//2384 3468//2384
f 3468//2385 305//2385 306//2385
f 3487//2386 682//2386 685//2386
f 684//2387 3487//2387 685//2387
f 3487//2388 684//2388 3488//2388
f 3488//2389 684//2389 686//2389
f 957//2390 958//2390 3460//2390
f 956//2391 3460//2391 958//2391
f 3460//2392 956//2392 3461//2392
f 955//2393 3461//2393 956//2393
f 988//2394 3522//2394 989//2394
f 987//2395 3522//2395 988//2395
f 3522//2394 987//2394 3523//2394
f 990//1748 3522//1748 3521//1748
f 3522//2396 990//2396 991//2396
f 989//2394 3522//2394 991//2394
f 990//1751 3521//1751 992//1751
f 993//2397 3520//2397 994//2397
f 992//1819 3520//1819 993//1819
f 3520//793 992//793 3521//793
f 3471//1754 312//1754 315//1754
f 314//2398 3471//2398 315//2398
f 3471//1754 314//1754 3472//1754
f 3471//2399 313//2399 312//2399
f 3471//2400 311//2400 313//2400
f 311//1754 3471//1754 3470//1754
f 3470//1757 310//1757 311//1757
f 3469//2401 308//2401 309//2401
f 310//2402 3469//2402 309//2402
f 3469//1760 310//1760 3470//1760
f 306//2403 3469//2403 3468//2403
f 3469//2404 306//2404 307//2404
f 3469//2405 307//2405 308//2405
f 3466//2406 299//2406 301//2406
f 996//1764 3519//1764 997//1764
f 996//793 3520//793 3519//793
f 3520//2407 996//2407 995//2407
f 994//2408 3520//2408 995//2408
f 3476//2409 323//2409 326//2409
f 3477//1771 327//1771 328//1771
f 3477//2410 326//2410 327//2410
f 326//1733 3477//1733 3476//1733
f 3465//2411 298//2411 300//2411
f 299//2412 3465//2412 300//2412
f 3465//816 299//816 3466//816
f 707//2413 3465//2413 3497//2413
f 3465//2414 707//2414 708//2414
f 3465//2415 708//2415 298//2415
f 3497//2416 706//2416 707//2416
f 3496//1780 704//1780 705//1780
f 706//2417 3496//2417 705//2417
f 3496//2418 706//2418 3497//2418
f 702//1780 3496//1780 3495//1780
f 3496//2419 702//2419 703//2419
f 3496//1780 703//1780 704//1780
f 3475//1785 324//1785 325//1785
f 323//2420 3475//2420 325//2420
f 3475//824 323//824 3476//824
f 3475//1785 322//1785 324//1785
f 3475//2421 321//2421 322//2421
f 321//1783 3475//1783 3474//1783
f 3474//2422 320//2422 321//2422
f 3473//2423 318//2423 319//2423
f 320//2424 3473//2424 319//2424
f 3473//832 320//832 3474//832
f 3473//2425 317//2425 318//2425
f 3473//2426 316//2426 317//2426
f 316//2427 3473//2427 3472//2427
f 3525//1795 651//1795 3526//1795
f 651//2428 3525//2428 650//2428
f 3525//2429 649//2429 650//2429
f 3525//2430 648//2430 649//2430
f 648//2431 3525//2431 3524//2431
f 3524//841 646//841 648//841
f 3508//1800 646//1800 3524//1800
f 646//2432 3508//2432 647//2432
f 645//2433 647//2433 3508//2433
f 643//1800 645//1800 3508//1800
f 3508//2434 644//2434 643//2434
f 644//1800 3508//1800 3507//1800
f 3533//2435 670//2435 3534//2435
f 670//2436 3533//2436 671//2436
f 3533//2437 669//2437 671//2437
f 668//2438 669//2438 3533//2438
f 3533//2439 667//2439 668//2439
f 667//2435 3533//2435 3532//2435
f 3532//2440 666//2440 667//2440
f 3531//2441 666//2441 3532//2441
f 666//2442 3531//2442 665//2442
f 3531//2443 664//2443 665//2443
f 3481//1808 337//1808 336//1808
f 338//2444 3481//2444 336//2444
f 3481//1808 338//1808 3482//1808
f 3481//2445 335//2445 337//2445
f 335//1808 3481//1808 3480//1808
f 3480//862 334//862 335//862
f 3479//868 332//868 333//868
f 334//2446 3479//2446 333//2446
f 3479//1813 334//1813 3480//1813
f 3479//2447 331//2447 332//2447
f 331//1810 3479//1810 3478//1810
f 3530//2448 661//2448 662//2448
f 663//2449 664//2449 3531//2449
f 3531//2450 662//2450 663//2450
f 662//2443 3531//2443 3530//2443
f 998//2451 3518//2451 999//2451
f 997//2452 3518//2452 998//2452
f 3518//2453 997//2453 3519//2453
f 1000//2453 3518//2453 3517//2453
f 3518//2454 1000//2454 1001//2454
f 999//2455 3518//2455 1001//2455
f 1000//2456 3517//2456 1003//2456
f 1005//1824 3516//1824 3515//1824
f 3516//2457 1005//2457 1002//2457
f 1004//2458 3516//2458 1002//2458
f 1003//2459 3516//2459 1004//2459
f 3516//2460 1003//2460 3517//2460
f 3529//2461 661//2461 3530//2461
f 661//2462 3529//2462 660//2462
f 3529//2463 659//2463 660//2463
f 658//2464 659//2464 3529//2464
f 3529//2465 657//2465 658//2465
f 657//2461 3529//2461 3528//2461
f 3528//2466 656//2466 657//2466
f 3527//2467 656//2467 3528//2467
f 656//2468 3527//2468 655//2468
f 3527//2469 653//2469 655//2469
f 654//2470 653//2470 3527//2470
f 3527//2471 652//2471 654//2471
f 652//2469 3527//2469 3526//2469
f 698//2472 3494//2472 3493//2472
f 3494//2473 698//2473 699//2473
f 3494//2474 699//2474 700//2474
f 701//46 3494//46 700//46
f 3494//1840 701//1840 3495//1840
f 3493//2475 697//2475 698//2475
f 696//2476 3493//2476 3492//2476
f 3493//2476 696//2476 697//2476
f 3538//1843 680//1843 681//1843
f 681//779 3487//779 3538//779
f 3487//2477 681//2477 683//2477
f 683//2478 682//2478 3487//2478
f 3491//2479 692//2479 694//2479
f 695//2480 3491//2480 694//2480
f 3491//2481 695//2481 3492//2481
f 691//1847 3491//1847 3490//1847
f 3491//2482 691//2482 693//2482
f 693//1849 692//1849 3491//1849
f 3490//1850 690//1850 691//1850
f 3489//1852 688//1852 689//1852
f 690//2483 3489//2483 689//2483
f 3489//1852 690//1852 3490//1852
f 686//2484 3489//2484 3488//2484
f 3489//2485 686//2485 687//2485
f 687//1852 688//1852 3489//1852
f 3464//2486 946//2486 3499//2486
f 946//2487 3464//2487 947//2487
f 948//2488 947//2488 3464//2488
f 948//2489 3464//2489 949//2489
f 3464//2490 950//2490 949//2490
f 950//2491 3464//2491 3463//2491
f 950//2492 3463//2492 951//2492
f 952//1858 953//1858 3462//1858
f 951//2493 3462//2493 953//2493
f 3462//927 951//927 3463//927
f 955//2494 3462//2494 3461//2494
f 3462//2495 955//2495 954//2495
f 952//2496 3462//2496 954//2496
f 959//2497 3459//2497 961//2497
f 959//2498 3460//2498 3459//2498
f 3460//2499 959//2499 960//2499
f 957//2500 3460//2500 960//2500
f 963//2501 962//2501 3458//2501
f 961//2502 3458//2502 962//2502
f 3458//2503 961//2503 3459//2503
f 965//2503 3458//2503 3457//2503
f 3458//2504 965//2504 964//2504
f 963//937 3458//937 964//937
f 965//2505 3457//2505 966//2505
f 968//2506 967//2506 3456//2506
f 966//2507 3456//2507 967//2507
f 3456//939 966//939 3457//939
f 1032//944 3485//944 1023//944
f 1031//2508 3485//2508 1032//2508
f 3485//1876 1031//1876 3486//1876
f 3485//2509 1033//2509 1024//2509
f 1033//1876 3485//1876 3484//1876
f 1023//1877 3485//1877 1024//1877
f 1033//1878 3484//1878 1026//1878
f 1027//2510 3483//2510 1025//2510
f 1026//2511 3483//2511 1027//2511
f 3483//1879 1026//1879 3484//1879
f 3483//2512 1035//2512 1034//2512
f 1035//1879 3483//1879 3482//1879
f 1025//1879 3483//1879 1034//1879
f 1008//2513 3514//2513 1006//2513
f 1007//2514 3514//2514 1008//2514
f 3514//2515 1007//2515 3515//2515
f 1009//956 3514//956 3513//956
f 3514//2516 1009//2516 1010//2516
f 1006//959 3514//959 1010//959
f 1009//2517 3513//2517 1012//2517
f 1013//2518 3512//2518 1011//2518
f 1012//2519 3512//2519 1013//2519
f 3512//1891 1012//1891 3513//1891
f 970//1892 3455//1892 971//1892
f 970//939 3456//939 3455//939
f 3456//2520 970//2520 969//2520
f 968//2521 3456//2521 969//2521
f 3502//2522 936//2522 3503//2522
f 936//2523 3502//2523 937//2523
f 938//2524 937//2524 3502//2524
f 938//2525 3502//2525 940//2525
f 3502//2526 939//2526 940//2526
f 939//2525 3502//2525 3501//2525
f 939//2527 3501//2527 941//2527
f 3500//2528 941//2528 3501//2528
f 941//2529 3500//2529 942//2529
f 943//2530 942//2530 3500//2530
f 943//2531 3500//2531 944//2531
f 3500//2532 945//2532 944//2532
f 945//2533 3500//2533 3499//2533
f 1028//1901 3511//1901 1016//1901
f 3512//2534 1028//2534 1014//2534
f 1028//1903 3512//1903 3511//1903
f 1011//2535 3512//2535 1014//2535
f 677//2536 3537//2536 3536//2536
f 3537//2537 677//2537 678//2537
f 3537//1905 678//1905 679//1905
f 680//2538 3537//2538 679//2538
f 3537//2539 680//2539 3538//2539
f 3536//2540 676//2540 677//2540
f 3535//2541 674//2541 675//2541
f 676//2542 3535//2542 675//2542
f 3535//2543 676//2543 3536//2543
f 672//2544 3535//2544 3534//2544
f 3535//1759 672//1759 673//1759
f 673//2545 674//2545 3535//2545
f 972//2546 973//2546 3454//2546
f 971//2547 3454//2547 973//2547
f 3454//2548 971//2548 3455//2548
f 975//2546 3454//2546 3453//2546
f 3454//2549 975//2549 974//2549
f 972//2546 3454//2546 974//2546
f 975//1919 3453//1919 976//1919
f 978//2550 977//2550 3452//2550
f 976//2551 3452//2551 977//2551
f 3452//1921 976//1921 3453//1921
f 978//2552 3452//2552 980//2552
f 979//2553 3450//2553 981//2553
f 980//47 3450//47 979//47
f 3450//2554 980//2554 3452//2554
f 981//2555 3450//2555 982//2555
f 984//2556 3451//2556 983//2556
f 982//47 3451//47 984//47
f 3451//2557 982//2557 3450//2557
f 986//1006 3451//1006 3523//1006
f 3451//2558 986//2558 985//2558
f 983//2559 3451//2559 985//2559
f 3506//2560 926//2560 3507//2560
f 926//2561 3506//2561 927//2561
f 928//2560 927//2560 3506//2560
f 928//2562 3506//2562 929//2562
f 3506//2563 930//2563 929//2563
f 930//2560 3506//2560 3505//2560
f 930//2564 3505//2564 931//2564
f 3504//2565 931//2565 3505//2565
f 931//2566 3504//2566 932//2566
f 933//2567 932//2567 3504//2567
f 933//2568 3504//2568 934//2568
f 3504//2569 935//2569 934//2569
f 935//2565 3504//2565 3503//2565
f 3539//2570 1045//2570 3540//2570
f 1045//2571 3539//2571 1044//2571
f 3541//2571 1044//2571 3539//2571
f 3542//2571 1044//2571 3541//2571
f 1044//2572 3542//2572 3543//2572
f 44//2571 3544//2571 45//2571
f 3544//2571 44//2571 3545//2571
f 3545//2571 44//2571 3546//2571
f 3546//2571 44//2571 3547//2571
f 1036//2573 3548//2573 1037//2573
f 1036//2573 3549//2573 3548//2573
f 1036//2573 3550//2573 3549//2573
f 3550//2573 1036//2573 3551//2573
f 50//2573 3552//2573 3553//2573
f 50//2573 3554//2573 3552//2573
f 50//2573 3555//2573 3554//2573
f 3555//2573 50//2573 51//2573
f 1037//2574 3556//2574 1039//2574
f 1037//2574 3557//2574 3556//2574
f 1037//2574 3558//2574 3557//2574
f 3558//2574 1037//2574 3548//2574
f 1039//2575 3556//2575 3559//2575
f 51//2574 3560//2574 3555//2574
f 53//2574 3560//2574 51//2574
f 3560//2574 53//2574 3561//2574
f 3543//2576 631//2576 1044//2576
f 3562//2576 631//2576 3543//2576
f 3563//2577 631//2577 3562//2577
f 631//2576 3563//2576 3564//2576
f 43//2576 3547//2576 44//2576
f 3547//2576 43//2576 3565//2576
f 3565//2576 43//2576 3566//2576
f 287//2578 3567//2578 1049//2578
f 287//2578 3568//2578 3567//2578
f 287//2578 3569//2578 3568//2578
f 3569//2579 287//2579 3570//2579
f 28//2578 3571//2578 3572//2578
f 28//2578 3573//2578 3571//2578
f 28//2578 3574//2578 3573//2578
f 28//2578 3575//2578 3574//2578
f 3575//2578 28//2578 49//2578
f 3576//2580 3570//2580 287//2580
f 3577//2581 3570//2581 3576//2581
f 3578//2582 3577//2582 3579//2582
f 3570//2583 3577//2583 3578//2583
f 3580//2580 287//2580 289//2580
f 287//2580 3580//2580 3576//2580
f 3581//2584 3572//2584 3582//2584
f 3581//2585 3582//2585 3583//2585
f 3572//2580 3581//2580 28//2580
f 3584//2584 28//2584 3581//2584
f 3585//2580 28//2580 3584//2580
f 28//2580 3585//2580 29//2580
f 3586//2586 634//2586 3587//2586
f 636//2586 3586//2586 3588//2586
f 636//2586 3588//2586 3589//2586
f 3586//2586 636//2586 634//2586
f 17//2586 3590//2586 3591//2586
f 15//2586 3590//2586 17//2586
f 3590//2586 15//2586 3592//2586
f 57//2587 3593//2587 3594//2587
f 57//2587 3594//2587 3595//2587
f 3593//2587 57//2587 32//2587
f 291//2587 3596//2587 3597//2587
f 1043//2587 3596//2587 291//2587
f 3596//2587 1043//2587 3598//2587
f 42//2588 3599//2588 3600//2588
f 42//2589 3601//2589 3599//2589
f 3602//2589 42//2589 13//2589
f 42//2590 3602//2590 3601//2590
f 3603//2589 633//2589 3604//2589
f 3605//2589 633//2589 3603//2589
f 633//2589 3605//2589 632//2589
f 3606//2591 3564//2591 3607//2591
f 3564//2591 3606//2591 631//2591
f 3604//2591 631//2591 3606//2591
f 631//2591 3604//2591 633//2591
f 3600//2591 3566//2591 43//2591
f 3608//2591 3566//2591 3600//2591
f 3609//2591 3608//2591 3610//2591
f 3600//2591 43//2591 42//2591
f 3566//2592 3608//2592 3609//2592
f 48//2593 3611//2593 3612//2593
f 48//2594 3613//2594 3611//2594
f 3613//2594 48//2594 47//2594
f 1048//2594 3614//2594 1047//2594
f 1048//2594 3615//2594 3614//2594
f 1048//2594 3616//2594 3615//2594
f 3616//2594 1048//2594 3617//2594
f 3618//2595 47//2595 3619//2595
f 47//2596 3618//2596 3613//2596
f 45//2595 3619//2595 47//2595
f 3619//2595 45//2595 3544//2595
f 1047//2595 3620//2595 1045//2595
f 1047//2597 3621//2597 3620//2597
f 3621//2596 1047//2596 3614//2596
f 3622//2595 1045//2595 3620//2595
f 1045//2595 3622//2595 3540//2595
f 3623//48 31//48 3624//48
f 3625//48 31//48 3623//48
f 32//48 3625//48 3593//48
f 3625//48 32//48 31//48
f 292//48 3626//48 3627//48
f 292//48 3628//48 3626//48
f 291//48 3628//48 292//48
f 3628//48 291//48 3629//48
f 3629//48 291//48 3597//48
f 3630//2598 29//2598 3585//2598
f 3631//2598 29//2598 3630//2598
f 29//2598 3631//2598 30//2598
f 289//2598 3632//2598 3580//2598
f 289//2598 3633//2598 3632//2598
f 3634//2598 289//2598 293//2598
f 289//2598 3634//2598 3633//2598
f 49//2599 3635//2599 3575//2599
f 49//2599 3636//2599 3635//2599
f 49//2600 3612//2600 3636//2600
f 3612//2599 49//2599 48//2599
f 1049//2599 3617//2599 1048//2599
f 1049//2599 3637//2599 3617//2599
f 1049//2599 3638//2599 3637//2599
f 1049//2599 3639//2599 3638//2599
f 3639//2601 1049//2601 3567//2601
f 13//2602 3640//2602 3602//2602
f 17//2602 3640//2602 13//2602
f 3640//2602 17//2602 3591//2602
f 3641//2602 632//2602 3605//2602
f 3642//2602 632//2602 3641//2602
f 3587//2602 632//2602 3642//2602
f 632//2602 3587//2602 634//2602
f 16//2603 3592//2603 15//2603
f 3592//2604 16//2604 3643//2604
f 3643//2603 16//2603 3644//2603
f 3644//2605 16//2605 3645//2605
f 637//2603 3589//2603 3646//2603
f 637//2603 3646//2603 3647//2603
f 3589//2603 637//2603 636//2603
f 639//2606 3551//2606 1036//2606
f 639//2607 3648//2607 3551//2607
f 639//2606 3649//2606 3648//2606
f 3649//2606 639//2606 3650//2606
f 18//2607 3651//2607 3652//2607
f 18//2606 3653//2606 3651//2606
f 18//2608 3553//2608 3653//2608
f 3553//2606 18//2606 50//2606
f 55//2609 3654//2609 54//2609
f 3654//2610 55//2610 3655//2610
f 3655//2609 55//2609 3656//2609
f 3656//2609 55//2609 3657//2609
f 3657//2609 55//2609 3658//2609
f 3659//2609 1041//2609 1040//2609
f 3660//2610 1041//2610 3659//2610
f 3661//2609 1041//2609 3660//2609
f 3662//2609 1041//2609 3661//2609
f 1041//2609 3662//2609 3663//2609
f 1042//2611 3598//2611 1043//2611
f 3598//2611 1042//2611 3664//2611
f 3664//2611 1042//2611 3665//2611
f 3665//2611 1042//2611 3666//2611
f 56//2611 3595//2611 3667//2611
f 56//2611 3667//2611 3668//2611
f 3595//2611 56//2611 57//2611
f 3669//2612 3668//2612 3670//2612
f 3669//2613 3670//2613 3671//2613
f 3668//2614 3669//2614 3658//2614
f 3668//2614 3658//2614 56//2614
f 56//2614 3658//2614 55//2614
f 3663//2614 3666//2614 1042//2614
f 3666//2614 3672//2614 3673//2614
f 3663//2614 1042//2614 1041//2614
f 3666//2615 3663//2615 3672//2615
f 3674//2616 30//2616 3631//2616
f 3624//2616 30//2616 3674//2616
f 30//2616 3624//2616 31//2616
f 293//2616 3675//2616 3634//2616
f 292//2616 3675//2616 293//2616
f 3675//2616 292//2616 3627//2616
f 5//2617 3645//2617 16//2617
f 3645//2617 5//2617 3676//2617
f 3676//2617 5//2617 3677//2617
f 638//2617 3647//2617 3678//2617
f 638//2617 3678//2617 3679//2617
f 638//2618 3679//2618 3680//2618
f 3647//2617 638//2617 637//2617
f 3561//2619 53//2619 3681//2619
f 54//2620 3681//2620 53//2620
f 3681//2620 54//2620 3654//2620
f 3682//2619 1039//2619 3559//2619
f 1039//2620 3682//2620 1040//2620
f 3683//2620 1040//2620 3682//2620
f 1040//2620 3683//2620 3659//2620
f 3684//2621 3685//2621 3686//2621
f 3677//2622 3685//2622 3684//2622
f 3677//2621 3652//2621 3685//2621
f 5//2621 3652//2621 3677//2621
f 3652//2621 5//2621 18//2621
f 638//2621 3650//2621 639//2621
f 3680//2621 3650//2621 638//2621
f 3650//2623 3680//2623 3687//2623
f 3680//2621 3688//2621 3687//2621
f 3688//2621 3680//2621 3689//2621
f 1204//2624 1153//2624 1205//2624
f 3626//2624 1787//2624 3627//2624
f 1787//2624 3626//2624 2941//2624
f 1786//2625 3627//2625 1787//2625
f 3627//2624 1786//2624 3675//2624
f 3641//2624 2302//2624 3642//2624
f 2302//2624 3641//2624 2301//2624
f 1740//2624 1753//2624 1754//2624
f 1753//2624 1740//2624 1739//2624
f 1204//2626 1152//2626 1153//2626
f 1152//2626 1204//2626 1203//2626
f 1785//2626 3675//2626 1786//2626
f 3675//2626 1785//2626 3634//2626
f 3634//2627 1785//2627 3633//2627
f 3605//2628 2301//2628 3641//2628
f 2301//2626 3605//2626 2300//2626
f 2300//2626 3605//2626 3603//2626
f 1739//2626 1752//2626 1753//2626
f 1752//2626 1739//2626 1738//2626
f 1206//2624 1153//2624 1154//2624
f 1153//2624 1206//2624 1205//2624
f 3642//2624 2303//2624 3587//2624
f 2303//2624 3642//2624 2302//2624
f 3628//2624 2941//2624 3626//2624
f 2941//2624 3628//2624 2942//2624
f 1741//2624 1754//2624 1755//2624
f 1754//2629 1741//2629 1740//2629
f 1192//2 1167//2 1166//2
f 1167//2 1192//2 1193//2
f 2933//2 3625//2 3623//2
f 3625//2 2933//2 2934//2
f 2310//2 3591//2 2311//2
f 3591//2 2310//2 3640//2
f 2311//2 3591//2 3590//2
f 1727//2 1769//2 1768//2
f 1769//2 1727//2 1728//2
f 1187//2630 1148//2630 1186//2630
f 1148//2630 1187//2630 1161//2630
f 1775//2630 3690//2630 3691//2630
f 1776//2630 3690//2630 1775//2630
f 3690//2630 1776//2630 3692//2630
f 2305//2630 3693//2630 3694//2630
f 3693//2630 2305//2630 2296//2630
f 1722//2630 1748//2630 1721//2630
f 1748//2630 1722//2630 1763//2630
f 1189//2631 1164//2631 1163//2631
f 1164//2631 1189//2631 1190//2631
f 1778//2631 3585//2631 3584//2631
f 1778//2631 3630//2631 3585//2631
f 3630//2631 1778//2631 1779//2631
f 2307//2631 3599//2631 2308//2631
f 2307//2631 3600//2631 3599//2631
f 3600//2631 2307//2631 3608//2631
f 1724//2631 1766//2631 1765//2631
f 1766//2631 1724//2631 1725//2631
f 1189//2632 1162//2632 1188//2632
f 1162//2632 1189//2632 1163//2632
f 3584//2632 1777//2632 1778//2632
f 1777//2632 3584//2632 3581//2632
f 3608//2633 3695//2633 3610//2633
f 2307//2632 3695//2632 3608//2632
f 3695//2632 2307//2632 2306//2632
f 1724//2632 1764//2632 1723//2632
f 1764//2632 1724//2632 1765//2632
f 1210//2634 1160//2634 1159//2634
f 1160//2634 1210//2634 1209//2634
f 2946//2634 3664//2634 3665//2634
f 3664//2634 2946//2634 2945//2634
f 1176//2634 3646//2634 1175//2634
f 1176//2634 3647//2634 3646//2634
f 3647//2634 1176//2634 3678//2634
f 1746//2634 1758//2634 1762//2634
f 1758//2634 1746//2634 1744//2634
f 1201//2635 1151//2635 1202//2635
f 1151//2635 1201//2635 1150//2635
f 1783//2635 3632//2635 1784//2635
f 3632//2635 1783//2635 3580//2635
f 3580//2635 1783//2635 3576//2635
f 3696//2635 3606//2635 3607//2635
f 2298//2635 3606//2635 3696//2635
f 3606//2635 2298//2635 2299//2635
f 1736//2635 1751//2635 1737//2635
f 1751//2635 1736//2635 1750//2635
f 1200//2636 1150//2636 1201//2636
f 1150//2636 1200//2636 1149//2636
f 1782//2636 3576//2636 1783//2636
f 3576//2636 1782//2636 3577//2636
f 3697//2636 2298//2636 3696//2636
f 3698//2636 2298//2636 3697//2636
f 2298//2636 3698//2636 2297//2636
f 1735//2636 1750//2636 1736//2636
f 1750//2636 1735//2636 1749//2636
f 1190//2637 1165//2637 1164//2637
f 1165//2637 1190//2637 1191//2637
f 1779//2637 3631//2637 3630//2637
f 1779//2637 3674//2637 3631//2637
f 3674//2637 1779//2637 1780//2637
f 2308//2637 3601//2637 2309//2637
f 3601//2637 2308//2637 3599//2637
f 1725//2637 1767//2637 1766//2637
f 1767//2637 1725//2637 1726//2637
f 1188//2638 1161//2638 1187//2638
f 1161//2638 1188//2638 1162//2638
f 3581//2638 3692//2638 1776//2638
f 3581//2638 1776//2638 1777//2638
f 3692//2638 3581//2638 3583//2638
f 2306//2638 3694//2638 3699//2638
f 2306//2638 3699//2638 3695//2638
f 3694//2638 2306//2638 2305//2638
f 1723//2638 1763//2638 1722//2638
f 1763//2638 1723//2638 1764//2638
f 1207//2639 1154//2639 1155//2639
f 1154//2639 1207//2639 1206//2639
f 2304//2639 3587//2639 2303//2639
f 3587//2639 2304//2639 3586//2639
f 3629//2639 2942//2639 3628//2639
f 2942//2639 3629//2639 2943//2639
f 1742//2639 1755//2639 1756//2639
f 1755//1 1742//1 1741//1
f 1195//2640 1171//2640 1170//2640
f 1171//2640 1195//2640 1199//2640
f 2937//2640 3667//2640 2936//2640
f 3667//2640 2937//2640 3668//2640
f 3668//2640 2937//2640 3670//2640
f 3644//2640 1183//2640 1182//2640
f 3645//2640 1183//2640 3644//2640
f 1183//2640 3645//2640 3676//2640
f 1733//2640 1772//2640 1771//2640
f 1772//2640 1733//2640 1732//2640
f 1157//2641 1212//2641 1156//2641
f 1212//2641 1157//2641 1197//2641
f 3700//2641 2948//2641 3701//2641
f 2948//2641 3700//2641 2939//2641
f 1178//2641 3702//2641 3703//2641
f 3704//2641 1178//2641 1179//2641
f 1178//2641 3704//2641 3702//2641
f 1760//2641 1745//2641 1759//2641
f 1745//2641 1760//2641 1730//2641
f 1158//2642 1210//2642 1159//2642
f 1210//2642 1158//2642 1211//2642
f 1177//2642 3678//2642 1176//2642
f 3678//2642 1177//2642 3679//2642
f 3705//2642 3665//2642 3666//2642
f 3705//2643 3666//2643 3673//2643
f 2947//2642 3665//2642 3705//2642
f 3665//2642 2947//2642 2946//2642
f 1761//2642 1746//2642 1762//2642
f 1746//2642 1761//2642 1747//2642
f 1203//2644 1151//2644 1152//2644
f 1151//2644 1203//2644 1202//2644
f 1784//2644 3633//2644 1785//2644
f 3633//2644 1784//2644 3632//2644
f 3603//2644 2299//2644 2300//2644
f 3604//2644 2299//2644 3603//2644
f 2299//2644 3604//2644 3606//2644
f 1738//2644 1751//2644 1752//2644
f 1751//2644 1738//2644 1737//2644
f 1186//2645 1149//2645 1200//2645
f 1149//2645 1186//2645 1148//2645
f 3691//2645 3577//2645 1782//2645
f 3691//2645 1782//2645 1775//2645
f 3577//2646 3691//2646 3579//2646
f 3706//2645 2297//2645 3698//2645
f 3693//2645 2297//2645 3706//2645
f 2297//2645 3693//2645 2296//2645
f 1721//2645 1749//2645 1735//2645
f 1749//2645 1721//2645 1748//2645
f 1191//2647 1166//2647 1165//2647
f 1166//2647 1191//2647 1192//2647
f 1780//2647 3624//2647 3674//2647
f 1781//2647 3624//2647 1780//2647
f 3624//2647 1781//2647 3623//2647
f 3623//2647 1781//2647 2933//2647
f 3602//2647 2310//2647 2309//2647
f 2310//2647 3602//2647 3640//2647
f 3602//2647 2309//2647 3601//2647
f 1726//2647 1768//2647 1767//2647
f 1768//2647 1726//2647 1727//2647
f 1194//2648 1170//2648 1168//2648
f 1170//2648 1194//2648 1195//2648
f 2935//2648 3595//2648 3594//2648
f 2936//2648 3595//2648 2935//2648
f 3595//2648 2936//2648 3667//2648
f 3643//2648 1182//2648 1180//2648
f 1182//2648 3643//2648 3644//2648
f 1734//2648 1771//2648 1770//2648
f 1771//2648 1734//2648 1733//2648
f 1193//2649 1168//2649 1167//2649
f 1168//2649 1193//2649 1194//2649
f 3625//2649 2934//2649 3593//2649
f 2935//2649 3593//2649 2934//2649
f 3593//2649 2935//2649 3594//2649
f 3590//2649 1181//2649 2311//2649
f 3590//2649 1180//2649 1181//2649
f 3592//2649 1180//2649 3590//2649
f 1180//2649 3592//2649 3643//2649
f 1728//2649 1770//2649 1769//2649
f 1770//2649 1728//2649 1734//2649
f 1156//2650 1211//2650 1158//2650
f 1211//2650 1156//2650 1212//2650
f 1178//2650 3679//2650 1177//2650
f 3679//2651 1178//2651 3680//2651
f 3680//2650 1178//2650 3703//2650
f 3680//2652 3703//2652 3689//2652
f 3707//2650 2947//2650 3705//2650
f 3701//2650 2947//2650 3707//2650
f 2947//2650 3701//2650 2948//2650
f 1759//2650 1747//2650 1761//2650
f 1747//2650 1759//2650 1745//2650
f 1209//2653 1155//2653 1160//2653
f 1155//2653 1209//2653 1208//2653
f 2945//2653 3596//2653 3598//2653
f 2945//2654 3598//2654 3664//2654
f 3596//2653 2945//2653 2944//2653
f 1175//2653 3588//2653 1173//2653
f 1175//2655 3589//2655 3588//2655
f 3589//2653 1175//2653 3646//2653
f 1744//2653 1757//2653 1758//2653
f 1757//2653 1744//2653 1743//2653
f 1207//2639 1155//2639 1208//2639
f 3597//2639 2943//2639 3629//2639
f 2944//2639 3597//2639 3596//2639
f 3597//2639 2944//2639 2943//2639
f 1173//2656 3586//2656 1174//2656
f 3586//2639 1173//2639 3588//2639
f 2304//2657 1174//2657 3586//2657
f 1743//2639 1756//2639 1757//2639
f 1756//2639 1743//2639 1742//2639
f 1169//2658 1197//2658 1157//2658
f 1197//2658 1169//2658 1196//2658
f 3708//2658 2939//2658 3700//2658
f 2938//2658 3708//2658 3709//2658
f 3708//2658 2938//2658 2939//2658
f 1185//2658 3704//2658 1179//2658
f 3704//2658 1185//2658 3710//2658
f 1774//2658 1730//2658 1760//2658
f 1730//2658 1774//2658 1729//2658
f 1171//2659 1198//2659 1172//2659
f 1198//2659 1171//2659 1199//2659
f 3670//2659 3711//2659 3712//2659
f 3670//2660 3712//2660 3671//2660
f 3711//2659 3670//2659 2937//2659
f 3711//2659 2937//2659 2940//2659
f 1184//2659 3677//2659 3684//2659
f 3676//2659 1184//2659 1183//2659
f 1184//2659 3676//2659 3677//2659
f 1772//2659 1731//2659 1773//2659
f 1731//2659 1772//2659 1732//2659
f 1172//2661 1196//2661 1169//2661
f 1196//2661 1172//2661 1198//2661
f 3684//2661 3710//2661 1185//2661
f 3710//2661 3684//2661 3713//2661
f 3684//2661 1185//2661 1184//2661
f 3713//2661 3684//2661 3686//2661
f 2940//2661 3709//2661 3714//2661
f 2940//2662 3714//2662 3711//2662
f 3709//2661 2940//2661 2938//2661
f 1773//2661 1729//2661 1774//2661
f 1729//2661 1773//2661 1731//2661
f 1124//2663 3683//2663 3682//2663
f 3683//2663 1124//2663 1123//2663
f 3621//2663 1120//2663 1119//2663
f 3614//2663 1120//2663 3621//2663
f 1120//2664 3614//2664 2337//2664
f 2337//2663 3614//2663 3615//2663
f 2949//2663 3013//2663 3012//2663
f 3013//2663 2949//2663 2950//2663
f 2326//2665 2370//2665 2371//2665
f 1127//2666 3660//2666 1126//2666
f 3660//2667 1127//2667 3661//2667
f 3616//2666 2339//2666 2338//2666
f 3617//2668 2339//2668 3616//2668
f 2339//2667 3617//2667 3637//2667
f 3015//2669 3014//2669 2951//2669
f 2372//2667 2327//2667 2326//2667
f 2327//2666 2372//2666 2373//2666
f 1123//2666 3659//2666 3683//2666
f 1126//2666 3659//2666 1123//2666
f 3659//2666 1126//2666 3660//2666
f 3615//2667 2338//2667 2337//2667
f 2338//2666 3615//2666 3616//2666
f 2950//2666 3014//2666 3013//2666
f 3014//2666 2950//2666 2951//2666
f 2326//2669 2371//2669 2372//2669
f 1125//2664 3559//2664 3556//2664
f 1125//2670 3682//2670 3559//2670
f 3682//2663 1125//2663 1124//2663
f 3620//2663 1119//2663 1101//2663
f 1119//2663 3620//2663 3621//2663
f 2369//2663 2326//2663 2312//2663
f 2326//2663 2369//2663 2370//2663
f 3012//2663 2991//2663 2949//2663
f 1142//2671 3708//2671 1143//2671
f 3708//2671 1142//2671 3709//2671
f 3690//2671 2354//2671 2353//2671
f 2354//2671 3690//2671 3692//2671
f 2955//2671 3028//2671 3027//2671
f 3028//2671 2955//2671 2956//2671
f 2381//2672 2332//2672 2390//2672
f 3654//2673 1134//2673 3681//2673
f 1135//2673 3654//2673 3655//2673
f 3654//2673 1135//2673 1134//2673
f 1122//2673 3618//2673 1121//2673
f 1122//2674 3613//2674 3618//2674
f 2348//2673 3613//2673 1122//2673
f 3613//2673 2348//2673 3611//2673
f 3024//2673 2957//2673 3006//2673
f 2957//2673 3024//2673 2959//2673
f 2336//2673 2386//2673 2321//2673
f 2386//2673 2336//2673 2388//2673
f 3702//2675 2981//2675 3703//2675
f 2981//2675 3702//2675 2982//2675
f 3706//2675 1108//2675 1109//2675
f 1108//2675 3706//2675 3698//2675
f 3001//2675 2967//2675 3000//2675
f 2967//2675 3001//2675 2968//2675
f 2317//2676 2400//2676 2399//2676
f 1143//2671 3700//2671 1133//2671
f 3700//2671 1143//2671 3708//2671
f 3691//2671 2353//2671 2345//2671
f 2353//2671 3691//2671 3690//2671
f 2955//2672 3027//2672 3021//2672
f 2379//2671 2332//2671 2331//2671
f 2332//2671 2379//2671 2390//2671
f 2976//2677 3549//2677 3550//2677
f 3549//2677 2976//2677 2975//2677
f 3541//2677 1103//2677 3542//2677
f 1103//2677 3541//2677 1102//2677
f 2964//2677 2994//2677 2995//2677
f 2994//2677 2964//2677 2963//2677
f 2314//2678 2394//2678 2393//2678
f 2975//2679 3548//2679 3549//2679
f 2975//2679 3558//2679 3548//2679
f 3558//2679 2975//2679 2974//2679
f 3539//2677 1102//2677 3541//2677
f 1102//2677 3539//2677 1099//2677
f 2993//2680 2994//2680 2963//2680
f 2393//2680 2313//2680 2314//2680
f 2313//2677 2393//2677 2392//2677
f 2988//2681 3704//2681 3710//2681
f 3704//2681 2988//2681 2983//2681
f 1118//2681 3693//2681 1110//2681
f 3693//2681 1118//2681 3694//2681
f 2969//2682 3002//2682 3011//2682
f 3002//2681 2969//2681 2968//2681
f 2405//2683 2318//2683 2319//2683
f 2318//2684 2405//2684 2401//2684
f 2978//2685 3648//2685 3649//2685
f 3648//2685 2978//2685 2977//2685
f 3562//2685 1105//2685 3563//2685
f 1105//2685 3562//2685 1104//2685
f 2996//2686 2997//2686 2965//2686
f 2396//2685 2314//2685 2315//2685
f 2314//2687 2396//2687 2395//2687
f 3653//2688 2987//2688 3651//2688
f 2987//2688 3653//2688 2986//2688
f 3565//2688 1115//2688 1114//2688
f 1115//2688 3566//2688 3609//2688
f 1115//2688 3565//2688 3566//2688
f 3004//2688 2971//2688 3008//2688
f 2971//2688 3004//2688 2972//2688
f 2323//2689 2408//2689 2324//2689
f 2408//2690 2323//2690 2404//2690
f 3555//2691 2984//2691 3554//2691
f 1147//2691 3555//2691 3560//2691
f 3555//2691 1147//2691 2984//2691
f 1147//2691 3560//2691 1146//2691
f 3544//2691 1112//2691 1111//2691
f 1112//2691 3544//2691 3545//2691
f 3544//2691 1111//2691 3619//2691
f 3005//2691 2973//2691 3007//2691
f 2973//2691 3005//2691 2958//2691
f 2320//2691 2402//2691 2322//2691
f 2402//2691 2320//2691 2387//2691
f 1129//2692 3662//2692 1128//2692
f 3662//2692 1129//2692 3663//2692
f 3663//2692 1129//2692 3672//2692
f 3638//2692 2341//2692 2340//2692
f 2341//2692 3638//2692 3639//2692
f 2951//2692 3017//2692 3016//2692
f 3017//2692 2951//2692 2952//2692
f 2328//2693 2374//2693 2375//2693
f 1132//2694 3700//2694 3701//2694
f 3700//2694 1132//2694 1133//2694
f 2344//2694 3691//2694 2345//2694
f 3578//2694 3691//2694 2344//2694
f 3691//2694 3578//2694 3579//2694
f 3020//2694 2955//2694 3021//2694
f 2955//2694 3020//2694 2954//2694
f 2330//2694 2379//2694 2331//2694
f 2379//2694 2330//2694 2378//2694
f 1140//2695 3714//2695 1141//2695
f 3714//2695 1140//2695 3711//2695
f 2346//2695 3571//2695 2347//2695
f 2346//2695 3572//2695 3571//2695
f 3572//2695 2346//2695 3582//2695
f 2956//2695 3030//2695 3029//2695
f 3030//2695 2956//2695 2962//2695
f 2383//2696 2333//2696 2380//2696
f 2351//2697 3635//2697 2350//2697
f 2351//2698 3575//2698 3635//2698
f 3575//2697 2351//2697 3574//2697
f 1138//2697 3657//2697 3658//2697
f 1138//2697 3658//2697 3669//2697
f 3657//2697 1138//2697 1137//2697
f 3023//2697 2960//2697 3026//2697
f 2960//2697 3023//2697 2961//2697
f 2334//2697 2385//2697 2335//2697
f 2385//2697 2334//2697 2389//2697
f 3704//2675 2982//2675 3702//2675
f 2982//2675 3704//2675 2983//2675
f 3693//2675 1109//2675 1110//2675
f 1109//2675 3693//2675 3706//2675
f 3001//2699 3002//2699 2968//2699
f 2318//2700 2400//2700 2317//2700
f 2400//2675 2318//2675 2401//2675
f 3697//2701 1106//2701 1107//2701
f 1106//2701 3697//2701 3696//2701
f 2980//2701 3687//2701 3688//2701
f 3687//2701 2980//2701 2979//2701
f 2998//2702 2999//2702 2966//2702
f 2317//2702 2397//2702 2316//2702
f 2397//2703 2317//2703 2398//2703
f 1106//2704 3563//2704 1105//2704
f 3696//2705 3563//2705 1106//2705
f 3563//2705 3696//2705 3564//2705
f 3564//2706 3696//2706 3607//2706
f 2979//2705 3649//2705 3650//2705
f 2979//2707 3650//2707 3687//2707
f 3649//2708 2979//2708 2978//2708
f 2998//2708 2965//2708 2997//2708
f 2965//2708 2998//2708 2966//2708
f 2316//2705 2396//2705 2315//2705
f 2396//2705 2316//2705 2397//2705
f 3703//2709 3688//2709 3689//2709
f 2981//2701 3688//2701 3703//2701
f 3688//2701 2981//2701 2980//2701
f 3698//2701 1107//2701 1108//2701
f 1107//2701 3698//2701 3697//2701
f 3000//2701 2966//2701 2999//2701
f 2966//2701 3000//2701 2967//2701
f 2317//2710 2399//2710 2398//2710
f 2974//2711 3557//2711 3558//2711
f 1145//2712 3557//2712 2974//2712
f 3557//2711 1145//2711 1144//2711
f 3540//2711 1099//2711 3539//2711
f 1099//2711 3540//2711 1100//2711
f 1100//2711 3540//2711 3622//2711
f 2992//2712 2993//2712 2963//2712
f 2392//2711 2312//2711 2313//2711
f 2312//2711 2392//2711 2391//2711
f 1131//2713 3701//2713 3707//2713
f 3701//2714 1131//2714 1132//2714
f 3569//2713 2344//2713 2343//2713
f 3570//2713 2344//2713 3569//2713
f 2344//2713 3570//2713 3578//2713
f 3020//2715 3019//2715 2954//2715
f 2329//2713 2378//2713 2330//2713
f 2378//2713 2329//2713 2377//2713
f 1130//2713 3707//2713 3705//2713
f 3707//2713 1130//2713 1131//2713
f 3568//2713 2343//2713 2342//2713
f 2343//2713 3568//2713 3569//2713
f 3018//2713 2954//2713 3019//2713
f 2954//2713 3018//2713 2953//2713
f 2329//2715 2376//2715 2377//2715
f 2989//2716 3710//2716 3713//2716
f 3710//2716 2989//2716 2988//2716
f 1117//2716 3694//2716 1118//2716
f 3694//2716 1117//2716 3699//2716
f 2969//2717 3011//2717 3010//2717
f 2406//2716 2319//2716 2325//2716
f 2319//2718 2406//2718 2405//2718
f 1137//2719 3656//2719 3657//2719
f 3656//2720 1137//2720 1136//2720
f 2350//2719 3636//2719 2349//2719
f 3636//2720 2350//2720 3635//2720
f 2960//2720 3025//2720 3026//2720
f 2335//2719 2384//2719 2336//2719
f 2384//2719 2335//2719 2385//2719
f 1136//2719 3655//2719 3656//2719
f 3655//2719 1136//2719 1135//2719
f 2349//2720 3611//2720 2348//2720
f 2349//2719 3612//2719 3611//2719
f 3612//2720 2349//2720 3636//2720
f 3025//2719 2959//2719 3024//2719
f 2959//2719 3025//2719 2960//2719
f 2388//2720 2336//2720 2384//2720
f 1141//2695 3709//2695 1142//2695
f 3709//2695 1141//2695 3714//2695
f 3692//2695 2346//2695 2354//2695
f 3692//2695 3582//2695 2346//2695
f 3582//2721 3692//2721 3583//2721
f 2956//2722 3029//2722 3028//2722
f 2381//2695 2333//2695 2332//2695
f 2333//2695 2381//2695 2380//2695
f 3561//2 1146//2 3560//2
f 1134//2 3561//2 3681//2
f 3561//2 1134//2 1146//2
f 1121//2 3619//2 1111//2
f 3619//2 1121//2 3618//2
f 3006//2 2958//2 3005//2
f 2958//2 3006//2 2957//2
f 2321//2 2387//2 2320//2
f 2387//2 2321//2 2386//2
f 3553//2723 2986//2723 3653//2723
f 3552//2724 2986//2724 3553//2724
f 2986//2724 3552//2724 2985//2724
f 3546//2724 1114//2724 1113//2724
f 1114//2724 3547//2724 3565//2724
f 1114//2724 3546//2724 3547//2724
f 3003//2725 2972//2725 3004//2725
f 2972//2725 3003//2725 2973//2725
f 2404//2724 2323//2724 2403//2724
f 1115//2726 3695//2726 1116//2726
f 3609//2726 3695//2726 1115//2726
f 3695//2727 3609//2727 3610//2727
f 2990//2726 3651//2726 2987//2726
f 3651//2728 2990//2728 3652//2728
f 3652//2726 2990//2726 3685//2726
f 2971//2726 3009//2726 3008//2726
f 3009//2726 2971//2726 2970//2726
f 2408//2726 2325//2726 2324//2726
f 2325//2729 2408//2729 2407//2729
f 1116//2716 3699//2716 1117//2716
f 3699//2716 1116//2716 3695//2716
f 3685//2730 3713//2730 3686//2730
f 2989//2716 3685//2716 2990//2716
f 3685//2716 2989//2716 3713//2716
f 2970//2716 3010//2716 3009//2716
f 3010//2716 2970//2716 2969//2716
f 2406//2731 2325//2731 2407//2731
f 1128//2692 3661//2692 1127//2692
f 3661//2692 1128//2692 3662//2692
f 3637//2692 2340//2692 2339//2692
f 2340//2692 3637//2692 3638//2692
f 3016//2732 3015//2732 2951//2732
f 2373//2692 2328//2692 2327//2692
f 2328//2692 2373//2692 2374//2692
f 1139//2733 3711//2733 1140//2733
f 3711//2734 1139//2734 3712//2734
f 2347//2734 3573//2734 2352//2734
f 3573//2734 2347//2734 3571//2734
f 2962//2734 3022//2734 3030//2734
f 3022//2735 2962//2735 2961//2735
f 2382//2734 2333//2734 2383//2734
f 2352//2734 3574//2734 2351//2734
f 3574//2734 2352//2734 3573//2734
f 3712//2736 3669//2736 3671//2736
f 1139//2733 3669//2733 3712//2733
f 3669//2734 1139//2734 1138//2734
f 2961//2735 3023//2735 3022//2735
f 2382//2733 2334//2733 2333//2733
f 2334//2734 2382//2734 2389//2734
f 2977//2685 3551//2685 3648//2685
f 2977//2685 3550//2685 3551//2685
f 3550//2685 2977//2685 2976//2685
f 3543//2685 1104//2685 3562//2685
f 3542//2685 1104//2685 3543//2685
f 1104//2685 3542//2685 1103//2685
f 2965//2685 2995//2685 2996//2685
f 2995//2685 2965//2685 2964//2685
f 2314//2737 2395//2737 2394//2737
f 3554//2725 2985//2725 3552//2725
f 2985//2725 3554//2725 2984//2725
f 3545//2725 1113//2725 1112//2725
f 1113//2725 3545//2725 3546//2725
f 2973//2724 3003//2724 3007//2724
f 2322//2725 2403//2725 2323//2725
f 2403//2725 2322//2725 2402//2725
f 3672//2738 3705//2738 3673//2738
f 1130//2739 3672//2739 1129//2739
f 3672//2738 1130//2738 3705//2738
f 3639//2738 2342//2738 2341//2738
f 3567//2740 2342//2740 3639//2740
f 2342//2738 3567//2738 3568//2738
f 3017//2738 2953//2738 3018//2738
f 2953//2740 3017//2740 2952//2740
f 2328//2738 2376//2738 2329//2738
f 2376//2740 2328//2740 2375//2740
f 1144//2711 3556//2711 3557//2711
f 3556//2711 1144//2711 1125//2711
f 3622//2711 1101//2711 1100//2711
f 1101//2711 3622//2711 3620//2711
f 2963//2711 2991//2711 2992//2711
f 2991//2711 2963//2711 2949//2711
f 2312//2711 2391//2711 2369//2711
f 2409//1 3715//1 3716//1
f 2410//1 3717//1 3715//1
f 2410//1 3718//1 3717//1
f 2410//1 3719//1 3718//1
f 2410//1 3720//1 3719//1
f 3721//1 3720//1 2410//1
f 3720//1 3721//1 3722//1
f 3721//1 3723//1 3722//1
f 3721//1 3724//1 3723//1
f 3725//1 3724//1 3721//1
f 3724//1 3725//1 3726//1
f 3726//1 3725//1 3727//1
f 3725//1 3728//1 3727//1
f 3729//1 3728//1 3725//1
f 3729//1 3730//1 3728//1
f 3731//1 3730//1 3729//1
f 3730//1 3731//1 3732//1
f 3733//1 3732//1 3731//1
f 3732//1 3733//1 3734//1
f 3735//1 3734//1 3733//1
f 3734//1 3735//1 3736//1
f 2361//1 3736//1 3735//1
f 3736//1 2361//1 3737//1
f 3737//1 2361//1 3738//1
f 3715//1 2409//1 2410//1
f 3739//1 2409//1 3716//1
f 3740//1 2409//1 3739//1
f 3741//1 2409//1 3740//1
f 2409//1 3741//1 3742//1
f 3743//1 3742//1 3741//1
f 3742//1 3743//1 3744//1
f 3745//1 3744//1 3743//1
f 3745//1 3746//1 3744//1
f 3747//1 3746//1 3745//1
f 3748//1 3746//1 3747//1
f 3748//1 3749//1 3746//1
f 3750//1 3749//1 3748//1
f 3751//1 3749//1 3750//1
f 3751//1 3752//1 3749//1
f 3753//1 3752//1 3751//1
f 3754//1 3752//1 3753//1
f 3754//1 3755//1 3752//1
f 3756//1 3755//1 3754//1
f 3757//1 3756//1 3758//1
f 2362//1 3758//1 3759//1
f 2362//1 3759//1 3760//1
f 3756//1 3757//1 3755//1
f 2362//1 3760//1 3761//1
f 3758//1 2362//1 3757//1
f 3762//1 2362//1 3761//1
f 2361//1 3762//1 3763//1
f 3738//1 2361//1 3763//1
f 3762//1 2361//1 2362//1
f 2420//1 3764//1 2419//1
f 3765//1 3766//1 3767//1
f 3768//1 3769//1 3770//1
f 3769//1 3768//1 3766//1
f 3769//1 3771//1 3770//1
f 3764//1 3772//1 3771//1
f 2420//1 3772//1 3764//1
f 2356//1 3772//1 2420//1
f 3772//1 2356//1 3773//1
f 3766//1 3774//1 3769//1
f 3766//1 3775//1 3774//1
f 3766//1 3765//1 3775//1
f 3771//1 3769//1 3764//1
f 3765//1 3767//1 3776//1
f 3777//1 3766//1 3768//1
f 3778//1 3766//1 3777//1
f 3779//1 3766//1 3778//1
f 3766//1 3779//1 3780//1
f 3780//1 3779//1 3781//1
f 3782//1 3781//1 3779//1
f 3781//1 3782//1 3783//1
f 3782//1 3784//1 3783//1
f 3785//1 3784//1 3782//1
f 3785//1 3786//1 3784//1
f 2367//1 3785//1 3787//1
f 2367//1 3787//1 3788//1
f 3785//1 2367//1 3786//1
f 2356//1 3788//1 3773//1
f 3788//1 2356//1 2367//1
f 3789//1 2421//1 2422//1
f 3790//1 3789//1 3791//1
f 3790//1 2421//1 3789//1
f 2368//1 3790//1 3792//1
f 2368//1 3792//1 3793//1
f 2368//1 3793//1 3794//1
f 3790//1 2368//1 2421//1
f 2424//1 3791//1 2423//1
f 3791//1 3795//1 3790//1
f 2424//1 3795//1 3791//1
f 2355//1 3795//1 2424//1
f 3795//1 2355//1 3796//1
f 3796//1 2355//1 3797//1
f 3794//1 2355//1 2368//1
f 3797//1 2355//1 3794//1
f 2418//1 3798//1 2417//1
f 3799//1 3800//1 3801//1
f 3802//1 3803//1 3804//1
f 3803//1 3802//1 3800//1
f 3803//1 3805//1 3804//1
f 3798//1 3806//1 3805//1
f 2418//1 3806//1 3798//1
f 2357//1 3806//1 2418//1
f 3806//1 2357//1 3807//1
f 3800//1 3808//1 3803//1
f 3800//1 3809//1 3808//1
f 3800//1 3799//1 3809//1
f 3805//1 3803//1 3798//1
f 3799//1 3801//1 3810//1
f 3811//1 3800//1 3802//1
f 3812//1 3800//1 3811//1
f 3813//1 3800//1 3812//1
f 3800//1 3813//1 3814//1
f 3814//1 3813//1 3815//1
f 3816//1 3815//1 3813//1
f 3815//1 3816//1 3817//1
f 3816//1 3818//1 3817//1
f 3819//1 3818//1 3816//1
f 3819//1 3820//1 3818//1
f 2366//1 3819//1 3821//1
f 2366//1 3821//1 3822//1
f 3819//1 2366//1 3820//1
f 2357//1 3822//1 3807//1
f 3822//1 2357//1 2366//1
f 3823//1 2415//1 2416//1
f 2415//1 3823//1 3824//1
f 2358//1 3823//1 2416//1
f 3823//1 2358//1 2365//1
f 3825//1 2413//1 2414//1
f 2413//1 3825//1 3826//1
f 2414//1 3827//1 3825//1
f 3827//1 3828//1 3829//1
f 2359//1 3827//1 2414//1
f 3827//1 2359//1 3828//1
f 3828//1 2359//1 3830//1
f 3831//1 3827//1 3829//1
f 3830//1 2364//1 3832//1
f 2364//1 3830//1 2359//1
f 3833//1 2411//1 2412//1
f 2411//1 3834//1 3835//1
f 2411//1 3833//1 3834//1
f 3833//1 2412//1 3836//1
f 3837//1 3834//1 3833//1
f 3834//1 3837//1 2363//1
f 2360//1 3838//1 3839//1
f 3838//1 2360//1 3837//1
f 3837//1 2360//1 2363//1
f 79//2741 3742//2741 84//2741
f 3742//2741 79//2741 2409//2741
f 3742//2742 85//2742 84//2742
f 85//2743 3742//2743 3744//2743
f 3744//2744 88//2744 85//2744
f 88//2744 3744//2744 3746//2744
f 3746//2745 91//2745 88//2745
f 91//2745 3746//2745 3749//2745
f 3749//2746 94//2746 91//2746
f 94//2746 3749//2746 3752//2746
f 3752//2747 97//2747 94//2747
f 97//2747 3752//2747 3755//2747
f 3755//2748 99//2748 97//2748
f 99//2748 3755//2748 3757//2748
f 3757//2749 101//2749 99//2749
f 101//2749 3757//2749 2362//2749
f 2361//2750 270//2750 268//2750
f 270//2750 2361//2750 3735//2750
f 3735//2751 392//2751 270//2751
f 392//2751 3735//2751 3733//2751
f 3733//2752 390//2752 392//2752
f 390//2752 3733//2752 3731//2752
f 3731//2753 388//2753 390//2753
f 388//2753 3731//2753 3729//2753
f 3729//2754 384//2754 388//2754
f 384//2754 3729//2754 3725//2754
f 3725//2755 380//2755 384//2755
f 380//2755 3725//2755 3721//2755
f 3721//2756 370//2756 380//2756
f 370//2756 3721//2756 2410//2756
f 3718//2757 376//2757 3717//2757
f 376//2757 3718//2757 377//2757
f 3718//2758 378//2758 377//2758
f 378//2758 3718//2758 3719//2758
f 3719//2759 379//2759 378//2759
f 379//2760 3719//2760 3720//2760
f 3720//2761 381//2761 379//2761
f 381//2761 3720//2761 3722//2761
f 3722//2762 382//2762 381//2762
f 382//2762 3722//2762 3723//2762
f 3723//2763 383//2763 382//2763
f 383//2763 3723//2763 3724//2763
f 3724//2764 385//2764 383//2764
f 385//2764 3724//2764 3726//2764
f 3726//2765 386//2765 385//2765
f 386//2765 3726//2765 3727//2765
f 3727//2766 387//2766 386//2766
f 387//2766 3727//2766 3728//2766
f 3728//2767 389//2767 387//2767
f 389//2767 3728//2767 3730//2767
f 3730//2768 391//2768 389//2768
f 391//2768 3730//2768 3732//2768
f 3732//2769 393//2769 391//2769
f 393//2769 3732//2769 3734//2769
f 3734//2770 394//2770 393//2770
f 394//2770 3734//2770 3736//2770
f 3736//2771 395//2771 394//2771
f 395//2771 3736//2771 3737//2771
f 395//2772 3738//2772 396//2772
f 3738//2772 395//2772 3737//2772
f 396//2773 3763//2773 269//2773
f 3763//2773 396//2773 3738//2773
f 269//2774 3762//2774 105//2774
f 3762//2774 269//2774 3763//2774
f 105//2775 3761//2775 104//2775
f 3761//2775 105//2775 3762//2775
f 104//2776 3760//2776 103//2776
f 3760//2776 104//2776 3761//2776
f 3760//2777 102//2777 103//2777
f 102//2777 3760//2777 3759//2777
f 3759//2778 100//2778 102//2778
f 100//2778 3759//2778 3758//2778
f 3758//2779 98//2779 100//2779
f 98//2779 3758//2779 3756//2779
f 3756//2780 96//2780 98//2780
f 96//2780 3756//2780 3754//2780
f 3754//2781 95//2781 96//2781
f 95//2781 3754//2781 3753//2781
f 3753//2782 93//2782 95//2782
f 93//2782 3753//2782 3751//2782
f 3751//2783 92//2783 93//2783
f 92//2783 3751//2783 3750//2783
f 3750//2784 90//2784 92//2784
f 90//2784 3750//2784 3748//2784
f 3748//2785 89//2785 90//2785
f 89//2785 3748//2785 3747//2785
f 3747//2786 87//2786 89//2786
f 87//2786 3747//2786 3745//2786
f 3745//2787 83//2787 87//2787
f 83//2787 3745//2787 3743//2787
f 3743//2788 86//2788 83//2788
f 86//2788 3743//2788 3741//2788
f 3741//2789 82//2789 86//2789
f 82//2789 3741//2789 3740//2789
f 3739//2790 82//2790 3740//2790
f 82//2790 3739//2790 81//2790
f 3716//2791 81//2791 3739//2791
f 81//2791 3716//2791 80//2791
f 3715//2792 80//2792 3716//2792
f 80//2792 3715//2792 78//2792
f 3717//2793 78//2793 3715//2793
f 78//2793 3717//2793 376//2793
f 1079//1133 3789//1133 1091//1133
f 3789//1133 1079//1133 3791//1133
f 3789//2794 628//2794 1091//2794
f 628//2794 3789//2794 2422//2794
f 2421//2795 284//2795 1090//2795
f 284//2795 2421//2795 2368//2795
f 2355//2796 629//2796 285//2796
f 629//2796 2355//2796 2424//2796
f 2423//2797 1079//2797 627//2797
f 1079//2797 2423//2797 3791//2797
f 3795//2798 1082//2798 1080//2798
f 1082//2798 3795//2798 3796//2798
f 3796//2799 1083//2799 1082//2799
f 1083//2799 3796//2799 3797//2799
f 3797//2800 1084//2800 1083//2800
f 1084//2800 3797//2800 3794//2800
f 3794//2801 1093//2801 1084//2801
f 1093//2801 3794//2801 3793//2801
f 3793//2802 1092//2802 1093//2802
f 1092//2802 3793//2802 3792//2802
f 3792//2803 1081//2803 1092//2803
f 1081//2803 3792//2803 3790//2803
f 3795//1132 1081//1132 3790//1132
f 1081//1132 3795//1132 1080//1132
f 1094//1133 3769//1133 1068//1133
f 3769//1133 1094//1133 3764//1133
f 1068//2804 3774//2804 1050//2804
f 3774//2804 1068//2804 3769//2804
f 1050//2805 3775//2805 1065//2805
f 3775//2805 1050//2805 3774//2805
f 1065//2806 3765//2806 1066//2806
f 3765//2806 1065//2806 3775//2806
f 1066//2807 3776//2807 1067//2807
f 3776//2807 1066//2807 3765//2807
f 1067//2808 3767//2808 1069//2808
f 3767//2808 1067//2808 3776//2808
f 1069//2809 3766//2809 1053//2809
f 3766//2809 1069//2809 3767//2809
f 3766//2810 1056//2810 1053//2810
f 1056//2810 3766//2810 3780//2810
f 3780//2811 1057//2811 1056//2811
f 1057//2811 3780//2811 3781//2811
f 3781//2812 1060//2812 1057//2812
f 1060//2812 3781//2812 3783//2812
f 3783//2813 1061//2813 1060//2813
f 1061//2813 3783//2813 3784//2813
f 3784//2814 1063//2814 1061//2814
f 1063//2814 3784//2814 3786//2814
f 3786//2815 283//2815 1063//2815
f 283//2815 3786//2815 2367//2815
f 2356//1148 1095//1148 281//1148
f 1095//1148 2356//1148 2420//1148
f 2419//1145 1094//1145 506//1145
f 1094//1145 2419//1145 3764//1145
f 3772//1136 282//1136 1097//1136
f 282//1136 3772//1136 3773//1136
f 282//1133 3788//1133 280//1133
f 3788//1133 282//1133 3773//1133
f 280//2816 3787//2816 1064//2816
f 3787//2816 280//2816 3788//2816
f 3787//2817 1062//2817 1064//2817
f 1062//2817 3787//2817 3785//2817
f 3785//2818 1059//2818 1062//2818
f 1059//2818 3785//2818 3782//2818
f 3782//2819 1055//2819 1059//2819
f 1055//2819 3782//2819 3779//2819
f 3779//2820 1058//2820 1055//2820
f 1058//2820 3779//2820 3778//2820
f 3777//172 1058//172 3778//172
f 1058//172 3777//172 1054//172
f 3768//2821 1054//2821 3777//2821
f 1054//2821 3768//2821 1051//2821
f 3770//2822 1051//2822 3768//2822
f 1051//2822 3770//2822 1052//2822
f 3771//2823 1052//2823 3770//2823
f 1052//2823 3771//2823 1096//2823
f 3772//1132 1096//1132 3771//1132
f 1096//1132 3772//1132 1097//1132
f 507//1133 3803//1133 515//1133
f 3803//1133 507//1133 3798//1133
f 515//2824 3808//2824 509//2824
f 3808//2824 515//2824 3803//2824
f 509//2805 3809//2805 1089//2805
f 3809//2805 509//2805 3808//2805
f 1089//2806 3799//2806 1087//2806
f 3799//2806 1089//2806 3809//2806
f 1087//2825 3810//2825 1086//2825
f 3810//2825 1087//2825 3799//2825
f 1086//2826 3801//2826 1088//2826
f 3801//2826 1086//2826 3810//2826
f 1088//2827 3800//2827 512//2827
f 3800//2827 1088//2827 3801//2827
f 3800//2828 513//2828 512//2828
f 513//2828 3800//2828 3814//2828
f 3814//2829 1071//2829 513//2829
f 1071//2829 3814//2829 3815//2829
f 3815//2812 1074//2812 1071//2812
f 1074//2812 3815//2812 3817//2812
f 3817//2830 1075//2830 1074//2830
f 1075//2830 3817//2830 3818//2830
f 3818//2831 1077//2831 1075//2831
f 1077//2831 3818//2831 3820//2831
f 3820//2832 279//2832 1077//2832
f 279//2832 3820//2832 2366//2832
f 2357//1148 505//1148 277//1148
f 505//1148 2357//1148 2418//1148
f 2417//1136 507//1136 375//1136
f 507//1136 2417//1136 3798//1136
f 3806//1136 278//1136 516//1136
f 278//1136 3806//1136 3807//1136
f 278//1133 3822//1133 276//1133
f 3822//1133 278//1133 3807//1133
f 276//2833 3821//2833 1078//2833
f 3821//2833 276//2833 3822//2833
f 3821//2834 1076//2834 1078//2834
f 1076//2834 3821//2834 3819//2834
f 3819//2818 1073//2818 1076//2818
f 1073//2818 3819//2818 3816//2818
f 3816//2835 511//2835 1073//2835
f 511//2835 3816//2835 3813//2835
f 3813//2820 1072//2820 511//2820
f 1072//2820 3813//2820 3812//2820
f 3811//2836 1072//2836 3812//2836
f 1072//2836 3811//2836 1070//2836
f 3802//2837 1070//2837 3811//2837
f 1070//2837 3802//2837 510//2837
f 3804//2822 510//2822 3802//2822
f 510//2822 3804//2822 508//2822
f 3805//2823 508//2823 3804//2823
f 508//2823 3805//2823 514//2823
f 3806//1132 514//1132 3805//1132
f 514//1132 3806//1132 516//1132
f 3823//1132 374//1132 3824//1132
f 374//1132 3823//1132 59//1132
f 3823//1136 62//1136 59//1136
f 62//1136 3823//1136 2365//1136
f 2358//1148 60//1148 61//1148
f 60//1148 2358//1148 2416//1148
f 2415//1145 374//1145 58//1145
f 374//1145 2415//1145 3824//1145
f 3825//1132 373//1132 3826//1132
f 373//1132 3825//1132 64//1132
f 3825//1136 66//1136 64//1136
f 66//1136 3825//1136 3827//1136
f 66//1133 3831//1133 1098//1133
f 3831//1133 66//1133 3827//1133
f 3831//1136 68//1136 1098//1136
f 68//1136 3831//1136 3829//1136
f 3828//1132 68//1132 3829//1132
f 68//1132 3828//1132 67//1132
f 3828//1136 70//1136 67//1136
f 70//1136 3828//1136 3830//1136
f 70//1133 3832//1133 1085//1133
f 3832//1133 70//1133 3830//1133
f 3832//1145 274//1145 1085//1145
f 274//1145 3832//1145 2364//1145
f 2359//1148 65//1148 69//1148
f 65//1148 2359//1148 2414//1148
f 2413//1145 373//1145 63//1145
f 373//1145 2413//1145 3826//1145
f 3834//1132 371//1132 3835//1132
f 371//1132 3834//1132 71//1132
f 3834//1136 74//1136 71//1136
f 74//1136 3834//1136 2363//1136
f 3839//2838 272//2838 2360//2838
f 272//2838 3839//2838 273//2838
f 3839//1148 271//1148 273//1148
f 271//1148 3839//1148 3838//1148
f 271//2839 3837//2839 72//2839
f 3837//2839 271//2839 3838//2839
f 3837//1148 73//1148 72//1148
f 73//1148 3837//1148 3833//1148
f 3836//1132 73//1132 3833//1132
f 73//1132 3836//1132 77//1132
f 3836//1148 76//1148 77//1148
f 76//1148 3836//1148 2412//1148
f 2411//1136 371//1136 75//1136
f 371//1136 2411//1136 3835//1136
